"filename","key","url","id","type"
"SCANFI_age_median_1985_v2_20260119.tif","SCANFI_v2/1985/SCANFI_age_median_1985_v2_20260119.tif","https://object-arbutus.cloud.computecanada.ca/predictiveecology/SCANFI_v2/1985/SCANFI_age_median_1985_v2_20260119.tif","1KoGbzQZB-wR8LkngAKTZGShDR0ILBK5r","file"
"SCANFI_att_biomass_1985_v2_20260119.tif","SCANFI_v2/1985/SCANFI_att_biomass_1985_v2_20260119.tif","https://object-arbutus.cloud.computecanada.ca/predictiveecology/SCANFI_v2/1985/SCANFI_att_biomass_1985_v2_20260119.tif","1rSbEs9PpjS5D5n4R2QL0UYVP1xGepRg5","file"
"SCANFI_att_closure_1985_v2_20260119.tif","SCANFI_v2/1985/SCANFI_att_closure_1985_v2_20260119.tif","https://object-arbutus.cloud.computecanada.ca/predictiveecology/SCANFI_v2/1985/SCANFI_att_closure_1985_v2_20260119.tif","1bACZ3SxvXp4nFPyiTUzJgrRi7ngXhTPr","file"
"SCANFI_att_height_1985_v2_20260119.tif","SCANFI_v2/1985/SCANFI_att_height_1985_v2_20260119.tif","https://object-arbutus.cloud.computecanada.ca/predictiveecology/SCANFI_v2/1985/SCANFI_att_height_1985_v2_20260119.tif","1KFkOklhVOzFaaS-t1MtWlg-MxMWNS41g","file"
"SCANFI_att_nfiLandcover_1985_v2_20260119.tif","SCANFI_v2/1985/SCANFI_att_nfiLandcover_1985_v2_20260119.tif","https://object-arbutus.cloud.computecanada.ca/predictiveecology/SCANFI_v2/1985/SCANFI_att_nfiLandcover_1985_v2_20260119.tif","18HtwafwJN3_SyH2Kbq7dNL_vBmfCgMOv","file"
"SCANFI_att_nfiLandcover_CanadaLCCclassCodes_1985_v2_20260119.tif","SCANFI_v2/1985/SCANFI_att_nfiLandcover_CanadaLCCclassCodes_1985_v2_20260119.tif","https://object-arbutus.cloud.computecanada.ca/predictiveecology/SCANFI_v2/1985/SCANFI_att_nfiLandcover_CanadaLCCclassCodes_1985_v2_20260119.tif","1iAEEpkVofQBggIJaxwXKcKADU3zka7Wh","file"
"SCANFI_spsCC_ABIE_AMA_1985_v2_20260119.tif","SCANFI_v2/1985/SCANFI_spsCC_ABIE_AMA_1985_v2_20260119.tif","https://object-arbutus.cloud.computecanada.ca/predictiveecology/SCANFI_v2/1985/SCANFI_spsCC_ABIE_AMA_1985_v2_20260119.tif","1gfR51EXRGoy_vizM7j_4Xo4UooYBtEcj","file"
"SCANFI_spsCC_ABIE_AMA_1985_v2_20260119.tif.aux.xml","SCANFI_v2/1985/SCANFI_spsCC_ABIE_AMA_1985_v2_20260119.tif.aux.xml","https://object-arbutus.cloud.computecanada.ca/predictiveecology/SCANFI_v2/1985/SCANFI_spsCC_ABIE_AMA_1985_v2_20260119.tif.aux.xml","1JpdISt-zC7WpZVUXH7PNxk_I4n9yBbFb","file"
"SCANFI_spsCC_ABIE_AMA_1985_v2_20260119.tif.ovr","SCANFI_v2/1985/SCANFI_spsCC_ABIE_AMA_1985_v2_20260119.tif.ovr","https://object-arbutus.cloud.computecanada.ca/predictiveecology/SCANFI_v2/1985/SCANFI_spsCC_ABIE_AMA_1985_v2_20260119.tif.ovr","1fylrlxgKa3C5WjYL0QEhc2UNb5mUS9-p","file"
"SCANFI_spsCC_ABIE_BAL_1985_v2_20260119.tif","SCANFI_v2/1985/SCANFI_spsCC_ABIE_BAL_1985_v2_20260119.tif","https://object-arbutus.cloud.computecanada.ca/predictiveecology/SCANFI_v2/1985/SCANFI_spsCC_ABIE_BAL_1985_v2_20260119.tif","1Lmjbt2JtRQZmn1oj64tafXeqaCs6rtHJ","file"
"SCANFI_spsCC_ABIE_BAL_1985_v2_20260119.tif.aux.xml","SCANFI_v2/1985/SCANFI_spsCC_ABIE_BAL_1985_v2_20260119.tif.aux.xml","https://object-arbutus.cloud.computecanada.ca/predictiveecology/SCANFI_v2/1985/SCANFI_spsCC_ABIE_BAL_1985_v2_20260119.tif.aux.xml","1QE5k3rqTG5IT8sjh55ES-rGGriXnfH-K","file"
"SCANFI_spsCC_ABIE_BAL_1985_v2_20260119.tif.ovr","SCANFI_v2/1985/SCANFI_spsCC_ABIE_BAL_1985_v2_20260119.tif.ovr","https://object-arbutus.cloud.computecanada.ca/predictiveecology/SCANFI_v2/1985/SCANFI_spsCC_ABIE_BAL_1985_v2_20260119.tif.ovr","1q0U5fZZvJmmqeQopaZxoWSlwMaK0gAJd","file"
"SCANFI_spsCC_ABIE_LAS_1985_v2_20260119.tif","SCANFI_v2/1985/SCANFI_spsCC_ABIE_LAS_1985_v2_20260119.tif","https://object-arbutus.cloud.computecanada.ca/predictiveecology/SCANFI_v2/1985/SCANFI_spsCC_ABIE_LAS_1985_v2_20260119.tif","12PAXH762o8UwHx-KBvbUAcgwqRg6s13U","file"
"SCANFI_spsCC_ABIE_LAS_1985_v2_20260119.tif.aux.xml","SCANFI_v2/1985/SCANFI_spsCC_ABIE_LAS_1985_v2_20260119.tif.aux.xml","https://object-arbutus.cloud.computecanada.ca/predictiveecology/SCANFI_v2/1985/SCANFI_spsCC_ABIE_LAS_1985_v2_20260119.tif.aux.xml","1RyrHTmTl55VdUTXweuRw1MMPK4uIo9aE","file"
"SCANFI_spsCC_ABIE_LAS_1985_v2_20260119.tif.ovr","SCANFI_v2/1985/SCANFI_spsCC_ABIE_LAS_1985_v2_20260119.tif.ovr","https://object-arbutus.cloud.computecanada.ca/predictiveecology/SCANFI_v2/1985/SCANFI_spsCC_ABIE_LAS_1985_v2_20260119.tif.ovr","1kVKAOiYIXn6_PSVkcXMXiGMUrqdJS9nx","file"
"SCANFI_spsCC_ACER_RUB_1985_v2_20260119.tif","SCANFI_v2/1985/SCANFI_spsCC_ACER_RUB_1985_v2_20260119.tif","https://object-arbutus.cloud.computecanada.ca/predictiveecology/SCANFI_v2/1985/SCANFI_spsCC_ACER_RUB_1985_v2_20260119.tif","18wZzVVQ7RJ4cabiSSN96kGqlEJF5lhbn","file"
"SCANFI_spsCC_ACER_RUB_1985_v2_20260119.tif.aux.xml","SCANFI_v2/1985/SCANFI_spsCC_ACER_RUB_1985_v2_20260119.tif.aux.xml","https://object-arbutus.cloud.computecanada.ca/predictiveecology/SCANFI_v2/1985/SCANFI_spsCC_ACER_RUB_1985_v2_20260119.tif.aux.xml","1PJCZOghhC0d2p7xbQ7C8ZMaajCV5Oepu","file"
"SCANFI_spsCC_ACER_RUB_1985_v2_20260119.tif.ovr","SCANFI_v2/1985/SCANFI_spsCC_ACER_RUB_1985_v2_20260119.tif.ovr","https://object-arbutus.cloud.computecanada.ca/predictiveecology/SCANFI_v2/1985/SCANFI_spsCC_ACER_RUB_1985_v2_20260119.tif.ovr","1xrAWNzNGCyCN6NLrMfnhW5J4HGVSsTCA","file"
"SCANFI_spsCC_ACER_SAH_1985_v2_20260119.tif","SCANFI_v2/1985/SCANFI_spsCC_ACER_SAH_1985_v2_20260119.tif","https://object-arbutus.cloud.computecanada.ca/predictiveecology/SCANFI_v2/1985/SCANFI_spsCC_ACER_SAH_1985_v2_20260119.tif","18Z2Y2XfC801kKXoKJJXdWG8ZxOQWH0sp","file"
"SCANFI_spsCC_ACER_SAH_1985_v2_20260119.tif.aux.xml","SCANFI_v2/1985/SCANFI_spsCC_ACER_SAH_1985_v2_20260119.tif.aux.xml","https://object-arbutus.cloud.computecanada.ca/predictiveecology/SCANFI_v2/1985/SCANFI_spsCC_ACER_SAH_1985_v2_20260119.tif.aux.xml","1AnPiH_iiQVppPXz4sxMSV0DlSWmzDkZE","file"
"SCANFI_spsCC_ACER_SAH_1985_v2_20260119.tif.ovr","SCANFI_v2/1985/SCANFI_spsCC_ACER_SAH_1985_v2_20260119.tif.ovr","https://object-arbutus.cloud.computecanada.ca/predictiveecology/SCANFI_v2/1985/SCANFI_spsCC_ACER_SAH_1985_v2_20260119.tif.ovr","1Xh-GgcOAnhuKsU_WdKZYpbRTO4ljAXe9","file"
"SCANFI_spsCC_ALNU_RUB_1985_v2_20260119.tif","SCANFI_v2/1985/SCANFI_spsCC_ALNU_RUB_1985_v2_20260119.tif","https://object-arbutus.cloud.computecanada.ca/predictiveecology/SCANFI_v2/1985/SCANFI_spsCC_ALNU_RUB_1985_v2_20260119.tif","1_Qh-yOENwhT6vmcVwzPYsLvrqor_BOkD","file"
"SCANFI_spsCC_ALNU_RUB_1985_v2_20260119.tif.aux.xml","SCANFI_v2/1985/SCANFI_spsCC_ALNU_RUB_1985_v2_20260119.tif.aux.xml","https://object-arbutus.cloud.computecanada.ca/predictiveecology/SCANFI_v2/1985/SCANFI_spsCC_ALNU_RUB_1985_v2_20260119.tif.aux.xml","1nHk84XVMhdD8gfIlhiiOxGRH-UlMOzrr","file"
"SCANFI_spsCC_ALNU_RUB_1985_v2_20260119.tif.ovr","SCANFI_v2/1985/SCANFI_spsCC_ALNU_RUB_1985_v2_20260119.tif.ovr","https://object-arbutus.cloud.computecanada.ca/predictiveecology/SCANFI_v2/1985/SCANFI_spsCC_ALNU_RUB_1985_v2_20260119.tif.ovr","1shhpl_hZKbT2fukm72zEWhb_2b0cuwko","file"
"SCANFI_spsCC_BETU_ALL_1985_v2_20260119.tif","SCANFI_v2/1985/SCANFI_spsCC_BETU_ALL_1985_v2_20260119.tif","https://object-arbutus.cloud.computecanada.ca/predictiveecology/SCANFI_v2/1985/SCANFI_spsCC_BETU_ALL_1985_v2_20260119.tif","1gVfdPrknhTa46tl02vYeYR5IJ1Ro4_nb","file"
"SCANFI_spsCC_BETU_ALL_1985_v2_20260119.tif.aux.xml","SCANFI_v2/1985/SCANFI_spsCC_BETU_ALL_1985_v2_20260119.tif.aux.xml","https://object-arbutus.cloud.computecanada.ca/predictiveecology/SCANFI_v2/1985/SCANFI_spsCC_BETU_ALL_1985_v2_20260119.tif.aux.xml","1omjT_D-6QMA7e1n8m8CE3r88X9j4e6_i","file"
"SCANFI_spsCC_BETU_ALL_1985_v2_20260119.tif.ovr","SCANFI_v2/1985/SCANFI_spsCC_BETU_ALL_1985_v2_20260119.tif.ovr","https://object-arbutus.cloud.computecanada.ca/predictiveecology/SCANFI_v2/1985/SCANFI_spsCC_BETU_ALL_1985_v2_20260119.tif.ovr","1QSmbs1UQv2sSZ9kXLPCkdwL-uPrhwfas","file"
"SCANFI_spsCC_BETU_PAP_1985_v2_20260119.tif","SCANFI_v2/1985/SCANFI_spsCC_BETU_PAP_1985_v2_20260119.tif","https://object-arbutus.cloud.computecanada.ca/predictiveecology/SCANFI_v2/1985/SCANFI_spsCC_BETU_PAP_1985_v2_20260119.tif","1DZ_MfGgItX4rPm6gQ10ux6rd7SKItU2E","file"
"SCANFI_spsCC_BETU_PAP_1985_v2_20260119.tif.aux.xml","SCANFI_v2/1985/SCANFI_spsCC_BETU_PAP_1985_v2_20260119.tif.aux.xml","https://object-arbutus.cloud.computecanada.ca/predictiveecology/SCANFI_v2/1985/SCANFI_spsCC_BETU_PAP_1985_v2_20260119.tif.aux.xml","13pU4tyoHoSQoZq9HQ8ljjV_9JFu47o9o","file"
"SCANFI_spsCC_BETU_PAP_1985_v2_20260119.tif.ovr","SCANFI_v2/1985/SCANFI_spsCC_BETU_PAP_1985_v2_20260119.tif.ovr","https://object-arbutus.cloud.computecanada.ca/predictiveecology/SCANFI_v2/1985/SCANFI_spsCC_BETU_PAP_1985_v2_20260119.tif.ovr","1T67iGZdCn-qsU7qnQFF2Kf4Nmhyfyoe1","file"
"SCANFI_spsCC_CHAM_NOO_1985_v2_20260119.tif","SCANFI_v2/1985/SCANFI_spsCC_CHAM_NOO_1985_v2_20260119.tif","https://object-arbutus.cloud.computecanada.ca/predictiveecology/SCANFI_v2/1985/SCANFI_spsCC_CHAM_NOO_1985_v2_20260119.tif","1EjempFkNT2_DwGXskB-IxCtHEh-vSgA0","file"
"SCANFI_spsCC_CHAM_NOO_1985_v2_20260119.tif.aux.xml","SCANFI_v2/1985/SCANFI_spsCC_CHAM_NOO_1985_v2_20260119.tif.aux.xml","https://object-arbutus.cloud.computecanada.ca/predictiveecology/SCANFI_v2/1985/SCANFI_spsCC_CHAM_NOO_1985_v2_20260119.tif.aux.xml","1yp98OK_zAdjr1BNxGO3nahTMiEITywpK","file"
"SCANFI_spsCC_CHAM_NOO_1985_v2_20260119.tif.ovr","SCANFI_v2/1985/SCANFI_spsCC_CHAM_NOO_1985_v2_20260119.tif.ovr","https://object-arbutus.cloud.computecanada.ca/predictiveecology/SCANFI_v2/1985/SCANFI_spsCC_CHAM_NOO_1985_v2_20260119.tif.ovr","1L109gnnAS-ao8E2HDwVWt2ICi2NQr2Tu","file"
"SCANFI_spsCC_FAGU_GRA_1985_v2_20260119.tif","SCANFI_v2/1985/SCANFI_spsCC_FAGU_GRA_1985_v2_20260119.tif","https://object-arbutus.cloud.computecanada.ca/predictiveecology/SCANFI_v2/1985/SCANFI_spsCC_FAGU_GRA_1985_v2_20260119.tif","1EKEzcz0Z_-DeNvtyEGx5ZcwtyjFnT-zn","file"
"SCANFI_spsCC_FAGU_GRA_1985_v2_20260119.tif.aux.xml","SCANFI_v2/1985/SCANFI_spsCC_FAGU_GRA_1985_v2_20260119.tif.aux.xml","https://object-arbutus.cloud.computecanada.ca/predictiveecology/SCANFI_v2/1985/SCANFI_spsCC_FAGU_GRA_1985_v2_20260119.tif.aux.xml","1ZNfDboJfJ3looMjLJKjPZZu9sL0KOBkY","file"
"SCANFI_spsCC_FAGU_GRA_1985_v2_20260119.tif.ovr","SCANFI_v2/1985/SCANFI_spsCC_FAGU_GRA_1985_v2_20260119.tif.ovr","https://object-arbutus.cloud.computecanada.ca/predictiveecology/SCANFI_v2/1985/SCANFI_spsCC_FAGU_GRA_1985_v2_20260119.tif.ovr","1Rvm7joZK8F6DMTs944Xr9p3pEBWCixjJ","file"
"SCANFI_spsCC_FRAX_AME_1985_v2_20260119.tif","SCANFI_v2/1985/SCANFI_spsCC_FRAX_AME_1985_v2_20260119.tif","https://object-arbutus.cloud.computecanada.ca/predictiveecology/SCANFI_v2/1985/SCANFI_spsCC_FRAX_AME_1985_v2_20260119.tif","1ERoYdZ19mQv-8bzbJ4Xy78ww_TDmnpP9","file"
"SCANFI_spsCC_FRAX_AME_1985_v2_20260119.tif.aux.xml","SCANFI_v2/1985/SCANFI_spsCC_FRAX_AME_1985_v2_20260119.tif.aux.xml","https://object-arbutus.cloud.computecanada.ca/predictiveecology/SCANFI_v2/1985/SCANFI_spsCC_FRAX_AME_1985_v2_20260119.tif.aux.xml","1Wz9xg-HnBjqHJbwv98c9kb5DkY-v6mQX","file"
"SCANFI_spsCC_FRAX_AME_1985_v2_20260119.tif.ovr","SCANFI_v2/1985/SCANFI_spsCC_FRAX_AME_1985_v2_20260119.tif.ovr","https://object-arbutus.cloud.computecanada.ca/predictiveecology/SCANFI_v2/1985/SCANFI_spsCC_FRAX_AME_1985_v2_20260119.tif.ovr","1G7bc_7JQQ8kxeacDDZ_D3DGQCmN5mzHM","file"
"SCANFI_spsCC_LARI_LAR_1985_v2_20260119.tif","SCANFI_v2/1985/SCANFI_spsCC_LARI_LAR_1985_v2_20260119.tif","https://object-arbutus.cloud.computecanada.ca/predictiveecology/SCANFI_v2/1985/SCANFI_spsCC_LARI_LAR_1985_v2_20260119.tif","1PqPTNYGTtb0afi8lPFMMHwH4ar-Ztd-N","file"
"SCANFI_spsCC_LARI_LAR_1985_v2_20260119.tif.aux.xml","SCANFI_v2/1985/SCANFI_spsCC_LARI_LAR_1985_v2_20260119.tif.aux.xml","https://object-arbutus.cloud.computecanada.ca/predictiveecology/SCANFI_v2/1985/SCANFI_spsCC_LARI_LAR_1985_v2_20260119.tif.aux.xml","12itInRzBFU4pmmgmajR1Yj7YW5BFlrcL","file"
"SCANFI_spsCC_LARI_LAR_1985_v2_20260119.tif.ovr","SCANFI_v2/1985/SCANFI_spsCC_LARI_LAR_1985_v2_20260119.tif.ovr","https://object-arbutus.cloud.computecanada.ca/predictiveecology/SCANFI_v2/1985/SCANFI_spsCC_LARI_LAR_1985_v2_20260119.tif.ovr","1u6tCiCEbu4SQD4PI0_ylGV84zsTBs2Bj","file"
"SCANFI_spsCC_LARI_OCC_1985_v2_20260119.tif","SCANFI_v2/1985/SCANFI_spsCC_LARI_OCC_1985_v2_20260119.tif","https://object-arbutus.cloud.computecanada.ca/predictiveecology/SCANFI_v2/1985/SCANFI_spsCC_LARI_OCC_1985_v2_20260119.tif","1-VnMa0cgkH_TqBfMOHfaFy30iK2oWK9H","file"
"SCANFI_spsCC_LARI_OCC_1985_v2_20260119.tif.aux.xml","SCANFI_v2/1985/SCANFI_spsCC_LARI_OCC_1985_v2_20260119.tif.aux.xml","https://object-arbutus.cloud.computecanada.ca/predictiveecology/SCANFI_v2/1985/SCANFI_spsCC_LARI_OCC_1985_v2_20260119.tif.aux.xml","1F2RYdeZ11sAbUdAWwPLnhMTqsf0dI2of","file"
"SCANFI_spsCC_LARI_OCC_1985_v2_20260119.tif.ovr","SCANFI_v2/1985/SCANFI_spsCC_LARI_OCC_1985_v2_20260119.tif.ovr","https://object-arbutus.cloud.computecanada.ca/predictiveecology/SCANFI_v2/1985/SCANFI_spsCC_LARI_OCC_1985_v2_20260119.tif.ovr","1fE4X8My6U-2sOgS_5nbRwPr6Uu5ITUIr","file"
"SCANFI_spsCC_PICE_ENG_1985_v2_20260119.tif","SCANFI_v2/1985/SCANFI_spsCC_PICE_ENG_1985_v2_20260119.tif","https://object-arbutus.cloud.computecanada.ca/predictiveecology/SCANFI_v2/1985/SCANFI_spsCC_PICE_ENG_1985_v2_20260119.tif","1QPu5t5TWciRRL4TZZTZA5uhVXD5C_Uye","file"
"SCANFI_spsCC_PICE_ENG_1985_v2_20260119.tif.aux.xml","SCANFI_v2/1985/SCANFI_spsCC_PICE_ENG_1985_v2_20260119.tif.aux.xml","https://object-arbutus.cloud.computecanada.ca/predictiveecology/SCANFI_v2/1985/SCANFI_spsCC_PICE_ENG_1985_v2_20260119.tif.aux.xml","1GlG8sUsoNxaspm27nGoO1Hp9NLXOxb2R","file"
"SCANFI_spsCC_PICE_ENG_1985_v2_20260119.tif.ovr","SCANFI_v2/1985/SCANFI_spsCC_PICE_ENG_1985_v2_20260119.tif.ovr","https://object-arbutus.cloud.computecanada.ca/predictiveecology/SCANFI_v2/1985/SCANFI_spsCC_PICE_ENG_1985_v2_20260119.tif.ovr","1TpixgGsJZWapni5XvUMey9zRoXFgho9p","file"
"SCANFI_spsCC_PICE_ENG_GLA_1985_v2_20260119.tif","SCANFI_v2/1985/SCANFI_spsCC_PICE_ENG_GLA_1985_v2_20260119.tif","https://object-arbutus.cloud.computecanada.ca/predictiveecology/SCANFI_v2/1985/SCANFI_spsCC_PICE_ENG_GLA_1985_v2_20260119.tif","1Ne_hVmzCUG-GA0LTRHee8j_L1k8lmmoA","file"
"SCANFI_spsCC_PICE_ENG_GLA_1985_v2_20260119.tif.aux.xml","SCANFI_v2/1985/SCANFI_spsCC_PICE_ENG_GLA_1985_v2_20260119.tif.aux.xml","https://object-arbutus.cloud.computecanada.ca/predictiveecology/SCANFI_v2/1985/SCANFI_spsCC_PICE_ENG_GLA_1985_v2_20260119.tif.aux.xml","1yk3MtRwlYbdByfjm8jnelJKjMvYXBxwz","file"
"SCANFI_spsCC_PICE_ENG_GLA_1985_v2_20260119.tif.ovr","SCANFI_v2/1985/SCANFI_spsCC_PICE_ENG_GLA_1985_v2_20260119.tif.ovr","https://object-arbutus.cloud.computecanada.ca/predictiveecology/SCANFI_v2/1985/SCANFI_spsCC_PICE_ENG_GLA_1985_v2_20260119.tif.ovr","1BdMZ3bPRuLzyE4t3uxw89mgwojaXNIOq","file"
"SCANFI_spsCC_PICE_GLA_1985_v2_20260119.tif","SCANFI_v2/1985/SCANFI_spsCC_PICE_GLA_1985_v2_20260119.tif","https://object-arbutus.cloud.computecanada.ca/predictiveecology/SCANFI_v2/1985/SCANFI_spsCC_PICE_GLA_1985_v2_20260119.tif","1qD0USn8oXW-3IOsnLwYBxfv4y1k-l_vO","file"
"SCANFI_spsCC_PICE_GLA_1985_v2_20260119.tif.aux.xml","SCANFI_v2/1985/SCANFI_spsCC_PICE_GLA_1985_v2_20260119.tif.aux.xml","https://object-arbutus.cloud.computecanada.ca/predictiveecology/SCANFI_v2/1985/SCANFI_spsCC_PICE_GLA_1985_v2_20260119.tif.aux.xml","1DP2-y784Pwf-f0FU0vpEM2KkwzzxnLL9","file"
"SCANFI_spsCC_PICE_GLA_1985_v2_20260119.tif.ovr","SCANFI_v2/1985/SCANFI_spsCC_PICE_GLA_1985_v2_20260119.tif.ovr","https://object-arbutus.cloud.computecanada.ca/predictiveecology/SCANFI_v2/1985/SCANFI_spsCC_PICE_GLA_1985_v2_20260119.tif.ovr","19n_-FhM6TPSeN4WWJ0hYi2MXW5F1-Z1M","file"
"SCANFI_spsCC_PICE_MAR_1985_v2_20260119.tif","SCANFI_v2/1985/SCANFI_spsCC_PICE_MAR_1985_v2_20260119.tif","https://object-arbutus.cloud.computecanada.ca/predictiveecology/SCANFI_v2/1985/SCANFI_spsCC_PICE_MAR_1985_v2_20260119.tif","11LdJz6cVV0gtcf7noG8wfX2j3ffBV2cR","file"
"SCANFI_spsCC_PICE_MAR_1985_v2_20260119.tif.aux.xml","SCANFI_v2/1985/SCANFI_spsCC_PICE_MAR_1985_v2_20260119.tif.aux.xml","https://object-arbutus.cloud.computecanada.ca/predictiveecology/SCANFI_v2/1985/SCANFI_spsCC_PICE_MAR_1985_v2_20260119.tif.aux.xml","1ezZxI1qAK6EgK9KxSxfnS_loe8GQvcXB","file"
"SCANFI_spsCC_PICE_MAR_1985_v2_20260119.tif.ovr","SCANFI_v2/1985/SCANFI_spsCC_PICE_MAR_1985_v2_20260119.tif.ovr","https://object-arbutus.cloud.computecanada.ca/predictiveecology/SCANFI_v2/1985/SCANFI_spsCC_PICE_MAR_1985_v2_20260119.tif.ovr","1enAvUFGNUJJD2yXFpBzzpLqgq7sy4zU4","file"
"SCANFI_spsCC_PICE_RUB_1985_v2_20260119.tif","SCANFI_v2/1985/SCANFI_spsCC_PICE_RUB_1985_v2_20260119.tif","https://object-arbutus.cloud.computecanada.ca/predictiveecology/SCANFI_v2/1985/SCANFI_spsCC_PICE_RUB_1985_v2_20260119.tif","1sH9-catFi08fMFR2GTLdmShWsW6nNTET","file"
"SCANFI_spsCC_PICE_RUB_1985_v2_20260119.tif.aux.xml","SCANFI_v2/1985/SCANFI_spsCC_PICE_RUB_1985_v2_20260119.tif.aux.xml","https://object-arbutus.cloud.computecanada.ca/predictiveecology/SCANFI_v2/1985/SCANFI_spsCC_PICE_RUB_1985_v2_20260119.tif.aux.xml","18S8M0veKlfcrbL4hgkKo0BAfLYR0ik40","file"
"SCANFI_spsCC_PICE_RUB_1985_v2_20260119.tif.ovr","SCANFI_v2/1985/SCANFI_spsCC_PICE_RUB_1985_v2_20260119.tif.ovr","https://object-arbutus.cloud.computecanada.ca/predictiveecology/SCANFI_v2/1985/SCANFI_spsCC_PICE_RUB_1985_v2_20260119.tif.ovr","1om1saF4Zj55ZqEnHX1FFrRtBNKVZ602g","file"
"SCANFI_spsCC_PICE_SIT_1985_v2_20260119.tif","SCANFI_v2/1985/SCANFI_spsCC_PICE_SIT_1985_v2_20260119.tif","https://object-arbutus.cloud.computecanada.ca/predictiveecology/SCANFI_v2/1985/SCANFI_spsCC_PICE_SIT_1985_v2_20260119.tif","126u5OjafO5ggHfwSVxjdPXsPjKTbtp3V","file"
"SCANFI_spsCC_PICE_SIT_1985_v2_20260119.tif.aux.xml","SCANFI_v2/1985/SCANFI_spsCC_PICE_SIT_1985_v2_20260119.tif.aux.xml","https://object-arbutus.cloud.computecanada.ca/predictiveecology/SCANFI_v2/1985/SCANFI_spsCC_PICE_SIT_1985_v2_20260119.tif.aux.xml","1X3HGYHswKJr6YYR4yhE8oPCIXLcwSEZi","file"
"SCANFI_spsCC_PICE_SIT_1985_v2_20260119.tif.ovr","SCANFI_v2/1985/SCANFI_spsCC_PICE_SIT_1985_v2_20260119.tif.ovr","https://object-arbutus.cloud.computecanada.ca/predictiveecology/SCANFI_v2/1985/SCANFI_spsCC_PICE_SIT_1985_v2_20260119.tif.ovr","1hY3KN_AbUa3K4ye-A2Ei0sjiDP8Ymn1J","file"
"SCANFI_spsCC_PINU_BAN_1985_v2_20260119.tif","SCANFI_v2/1985/SCANFI_spsCC_PINU_BAN_1985_v2_20260119.tif","https://object-arbutus.cloud.computecanada.ca/predictiveecology/SCANFI_v2/1985/SCANFI_spsCC_PINU_BAN_1985_v2_20260119.tif","1Q3UDjwGVBeVGoeMbTKZfjkGPuoV4Mn1w","file"
"SCANFI_spsCC_PINU_BAN_1985_v2_20260119.tif.aux.xml","SCANFI_v2/1985/SCANFI_spsCC_PINU_BAN_1985_v2_20260119.tif.aux.xml","https://object-arbutus.cloud.computecanada.ca/predictiveecology/SCANFI_v2/1985/SCANFI_spsCC_PINU_BAN_1985_v2_20260119.tif.aux.xml","10-10KMephaxg5WIvAnmO4orPZkYICheN","file"
"SCANFI_spsCC_PINU_BAN_1985_v2_20260119.tif.ovr","SCANFI_v2/1985/SCANFI_spsCC_PINU_BAN_1985_v2_20260119.tif.ovr","https://object-arbutus.cloud.computecanada.ca/predictiveecology/SCANFI_v2/1985/SCANFI_spsCC_PINU_BAN_1985_v2_20260119.tif.ovr","18INGCfT9vBApywD4CxwvOhmAHMN1APAC","file"
"SCANFI_spsCC_PINU_CON_CON_1985_v2_20260119.tif","SCANFI_v2/1985/SCANFI_spsCC_PINU_CON_CON_1985_v2_20260119.tif","https://object-arbutus.cloud.computecanada.ca/predictiveecology/SCANFI_v2/1985/SCANFI_spsCC_PINU_CON_CON_1985_v2_20260119.tif","1n-_ZweW4y3r0NOTpX1CAHgdQzD9XLmLd","file"
"SCANFI_spsCC_PINU_CON_CON_1985_v2_20260119.tif.aux.xml","SCANFI_v2/1985/SCANFI_spsCC_PINU_CON_CON_1985_v2_20260119.tif.aux.xml","https://object-arbutus.cloud.computecanada.ca/predictiveecology/SCANFI_v2/1985/SCANFI_spsCC_PINU_CON_CON_1985_v2_20260119.tif.aux.xml","1bEkXUUuTF-TZ3EYdQ2ZV7GBFJPMB-w4Z","file"
"SCANFI_spsCC_PINU_CON_CON_1985_v2_20260119.tif.ovr","SCANFI_v2/1985/SCANFI_spsCC_PINU_CON_CON_1985_v2_20260119.tif.ovr","https://object-arbutus.cloud.computecanada.ca/predictiveecology/SCANFI_v2/1985/SCANFI_spsCC_PINU_CON_CON_1985_v2_20260119.tif.ovr","1pdFP3eCeDYJKHp1_JDoEjrzP9jbKgwFX","file"
"SCANFI_spsCC_PINU_CON_LAT_1985_v2_20260119.tif","SCANFI_v2/1985/SCANFI_spsCC_PINU_CON_LAT_1985_v2_20260119.tif","https://object-arbutus.cloud.computecanada.ca/predictiveecology/SCANFI_v2/1985/SCANFI_spsCC_PINU_CON_LAT_1985_v2_20260119.tif","1ugoW-Y_RT7Mqxt2Z9gdODCl-8gizNX7b","file"
"SCANFI_spsCC_PINU_CON_LAT_1985_v2_20260119.tif.aux.xml","SCANFI_v2/1985/SCANFI_spsCC_PINU_CON_LAT_1985_v2_20260119.tif.aux.xml","https://object-arbutus.cloud.computecanada.ca/predictiveecology/SCANFI_v2/1985/SCANFI_spsCC_PINU_CON_LAT_1985_v2_20260119.tif.aux.xml","11U09hbCtGKPVdtFPJBPrsPwPED2dwGrB","file"
"SCANFI_spsCC_PINU_CON_LAT_1985_v2_20260119.tif.ovr","SCANFI_v2/1985/SCANFI_spsCC_PINU_CON_LAT_1985_v2_20260119.tif.ovr","https://object-arbutus.cloud.computecanada.ca/predictiveecology/SCANFI_v2/1985/SCANFI_spsCC_PINU_CON_LAT_1985_v2_20260119.tif.ovr","1Lmjv_bCC7XfARsY_smRMsQqWOhmd5foB","file"
"SCANFI_spsCC_PINU_PON_1985_v2_20260119.tif","SCANFI_v2/1985/SCANFI_spsCC_PINU_PON_1985_v2_20260119.tif","https://object-arbutus.cloud.computecanada.ca/predictiveecology/SCANFI_v2/1985/SCANFI_spsCC_PINU_PON_1985_v2_20260119.tif","1uZoUrP2eRBUYw6cLxCF18Mj52vEBZO60","file"
"SCANFI_spsCC_PINU_PON_1985_v2_20260119.tif.aux.xml","SCANFI_v2/1985/SCANFI_spsCC_PINU_PON_1985_v2_20260119.tif.aux.xml","https://object-arbutus.cloud.computecanada.ca/predictiveecology/SCANFI_v2/1985/SCANFI_spsCC_PINU_PON_1985_v2_20260119.tif.aux.xml","1vbcDOjOM5HwTxCYcBKMrEFI-qinPKtFZ","file"
"SCANFI_spsCC_PINU_PON_1985_v2_20260119.tif.ovr","SCANFI_v2/1985/SCANFI_spsCC_PINU_PON_1985_v2_20260119.tif.ovr","https://object-arbutus.cloud.computecanada.ca/predictiveecology/SCANFI_v2/1985/SCANFI_spsCC_PINU_PON_1985_v2_20260119.tif.ovr","1Iq24AgUMnE7sC5vyvd8CjiywE52YWKVR","file"
"SCANFI_spsCC_PINU_RES_1985_v2_20260119.tif","SCANFI_v2/1985/SCANFI_spsCC_PINU_RES_1985_v2_20260119.tif","https://object-arbutus.cloud.computecanada.ca/predictiveecology/SCANFI_v2/1985/SCANFI_spsCC_PINU_RES_1985_v2_20260119.tif","1L8-1SQHjck8v6keQGG579fX-oBwQ81C9","file"
"SCANFI_spsCC_PINU_RES_1985_v2_20260119.tif.aux.xml","SCANFI_v2/1985/SCANFI_spsCC_PINU_RES_1985_v2_20260119.tif.aux.xml","https://object-arbutus.cloud.computecanada.ca/predictiveecology/SCANFI_v2/1985/SCANFI_spsCC_PINU_RES_1985_v2_20260119.tif.aux.xml","1cK5VzAn_UKg1ElW044M-FQ0IjozW3PnR","file"
"SCANFI_spsCC_PINU_RES_1985_v2_20260119.tif.ovr","SCANFI_v2/1985/SCANFI_spsCC_PINU_RES_1985_v2_20260119.tif.ovr","https://object-arbutus.cloud.computecanada.ca/predictiveecology/SCANFI_v2/1985/SCANFI_spsCC_PINU_RES_1985_v2_20260119.tif.ovr","1qrI3qpCTW6QqxiaXvnQ-aOcFcTW6Ncb8","file"
"SCANFI_spsCC_PINU_STR_1985_v2_20260119.tif","SCANFI_v2/1985/SCANFI_spsCC_PINU_STR_1985_v2_20260119.tif","https://object-arbutus.cloud.computecanada.ca/predictiveecology/SCANFI_v2/1985/SCANFI_spsCC_PINU_STR_1985_v2_20260119.tif","168x58JgdLjS9Hx5R0RQFhjN8Rt0kupIy","file"
"SCANFI_spsCC_PINU_STR_1985_v2_20260119.tif.aux.xml","SCANFI_v2/1985/SCANFI_spsCC_PINU_STR_1985_v2_20260119.tif.aux.xml","https://object-arbutus.cloud.computecanada.ca/predictiveecology/SCANFI_v2/1985/SCANFI_spsCC_PINU_STR_1985_v2_20260119.tif.aux.xml","1i0gDaYOp6xn1me9di-65HqUpLMl3WHJE","file"
"SCANFI_spsCC_PINU_STR_1985_v2_20260119.tif.ovr","SCANFI_v2/1985/SCANFI_spsCC_PINU_STR_1985_v2_20260119.tif.ovr","https://object-arbutus.cloud.computecanada.ca/predictiveecology/SCANFI_v2/1985/SCANFI_spsCC_PINU_STR_1985_v2_20260119.tif.ovr","1AlruHnc-trwl02vpI1Ebk93UntcdDVt_","file"
"SCANFI_spsCC_POPU_BAL_1985_v2_20260119.tif","SCANFI_v2/1985/SCANFI_spsCC_POPU_BAL_1985_v2_20260119.tif","https://object-arbutus.cloud.computecanada.ca/predictiveecology/SCANFI_v2/1985/SCANFI_spsCC_POPU_BAL_1985_v2_20260119.tif","1Q1TOnVnGV02GLaC0pZw6KoT2kMKASd4B","file"
"SCANFI_spsCC_POPU_BAL_1985_v2_20260119.tif.aux.xml","SCANFI_v2/1985/SCANFI_spsCC_POPU_BAL_1985_v2_20260119.tif.aux.xml","https://object-arbutus.cloud.computecanada.ca/predictiveecology/SCANFI_v2/1985/SCANFI_spsCC_POPU_BAL_1985_v2_20260119.tif.aux.xml","1mSasUa6FtW0gQG7DDN4ZrMSNZy9Qx0a1","file"
"SCANFI_spsCC_POPU_BAL_1985_v2_20260119.tif.ovr","SCANFI_v2/1985/SCANFI_spsCC_POPU_BAL_1985_v2_20260119.tif.ovr","https://object-arbutus.cloud.computecanada.ca/predictiveecology/SCANFI_v2/1985/SCANFI_spsCC_POPU_BAL_1985_v2_20260119.tif.ovr","12Np6de_bg8ouH9W0idTOXYzerCkgx3xq","file"
"SCANFI_spsCC_POPU_GRA_1985_v2_20260119.tif","SCANFI_v2/1985/SCANFI_spsCC_POPU_GRA_1985_v2_20260119.tif","https://object-arbutus.cloud.computecanada.ca/predictiveecology/SCANFI_v2/1985/SCANFI_spsCC_POPU_GRA_1985_v2_20260119.tif","1CZqpGZN685NQ2JjJ1KOyw6-1MuWrEfOY","file"
"SCANFI_spsCC_POPU_GRA_1985_v2_20260119.tif.aux.xml","SCANFI_v2/1985/SCANFI_spsCC_POPU_GRA_1985_v2_20260119.tif.aux.xml","https://object-arbutus.cloud.computecanada.ca/predictiveecology/SCANFI_v2/1985/SCANFI_spsCC_POPU_GRA_1985_v2_20260119.tif.aux.xml","1O9bJ1UJ6WDRunGhGwt9iVsLNtYOwn9ax","file"
"SCANFI_spsCC_POPU_GRA_1985_v2_20260119.tif.ovr","SCANFI_v2/1985/SCANFI_spsCC_POPU_GRA_1985_v2_20260119.tif.ovr","https://object-arbutus.cloud.computecanada.ca/predictiveecology/SCANFI_v2/1985/SCANFI_spsCC_POPU_GRA_1985_v2_20260119.tif.ovr","1nr9Xml1sgDoHBm125lwc4HdYXPDDqePK","file"
"SCANFI_spsCC_POPU_TRE_1985_v2_20260119.tif","SCANFI_v2/1985/SCANFI_spsCC_POPU_TRE_1985_v2_20260119.tif","https://object-arbutus.cloud.computecanada.ca/predictiveecology/SCANFI_v2/1985/SCANFI_spsCC_POPU_TRE_1985_v2_20260119.tif","18AVSUC7DF2dmuJeNw7kUD-faK6p0Gvfw","file"
"SCANFI_spsCC_POPU_TRE_1985_v2_20260119.tif.aux.xml","SCANFI_v2/1985/SCANFI_spsCC_POPU_TRE_1985_v2_20260119.tif.aux.xml","https://object-arbutus.cloud.computecanada.ca/predictiveecology/SCANFI_v2/1985/SCANFI_spsCC_POPU_TRE_1985_v2_20260119.tif.aux.xml","1rjMQesg2Wrz--qTMeATouGq6E64BBXRJ","file"
"SCANFI_spsCC_POPU_TRE_1985_v2_20260119.tif.ovr","SCANFI_v2/1985/SCANFI_spsCC_POPU_TRE_1985_v2_20260119.tif.ovr","https://object-arbutus.cloud.computecanada.ca/predictiveecology/SCANFI_v2/1985/SCANFI_spsCC_POPU_TRE_1985_v2_20260119.tif.ovr","1CYJZhSmbAWRbRM9mkX1m9WuSbZxVg7uY","file"
"SCANFI_spsCC_prcB_other_1985_v2_20260119.tif","SCANFI_v2/1985/SCANFI_spsCC_prcB_other_1985_v2_20260119.tif","https://object-arbutus.cloud.computecanada.ca/predictiveecology/SCANFI_v2/1985/SCANFI_spsCC_prcB_other_1985_v2_20260119.tif","1D9MwHWXlpQ6q_VeFJn0x3LsXCZxApVMF","file"
"SCANFI_spsCC_prcB_other_1985_v2_20260119.tif.aux.xml","SCANFI_v2/1985/SCANFI_spsCC_prcB_other_1985_v2_20260119.tif.aux.xml","https://object-arbutus.cloud.computecanada.ca/predictiveecology/SCANFI_v2/1985/SCANFI_spsCC_prcB_other_1985_v2_20260119.tif.aux.xml","1Jf-Oc8g5WyIpU7pxy97QXUSdVm4lfjew","file"
"SCANFI_spsCC_prcB_other_1985_v2_20260119.tif.ovr","SCANFI_v2/1985/SCANFI_spsCC_prcB_other_1985_v2_20260119.tif.ovr","https://object-arbutus.cloud.computecanada.ca/predictiveecology/SCANFI_v2/1985/SCANFI_spsCC_prcB_other_1985_v2_20260119.tif.ovr","1UwerabKGRi6SRX9RoWP_AHW17-kWKf18","file"
"SCANFI_spsCC_prcC_other_1985_v2_20260119.tif","SCANFI_v2/1985/SCANFI_spsCC_prcC_other_1985_v2_20260119.tif","https://object-arbutus.cloud.computecanada.ca/predictiveecology/SCANFI_v2/1985/SCANFI_spsCC_prcC_other_1985_v2_20260119.tif","1lCW2EdsHFEgU85To1gNvhsD6ESCFCUnY","file"
"SCANFI_spsCC_prcC_other_1985_v2_20260119.tif.aux.xml","SCANFI_v2/1985/SCANFI_spsCC_prcC_other_1985_v2_20260119.tif.aux.xml","https://object-arbutus.cloud.computecanada.ca/predictiveecology/SCANFI_v2/1985/SCANFI_spsCC_prcC_other_1985_v2_20260119.tif.aux.xml","1Scuwe-jawJXLbhsDTKahUuUIkJDsjO5V","file"
"SCANFI_spsCC_prcC_other_1985_v2_20260119.tif.ovr","SCANFI_v2/1985/SCANFI_spsCC_prcC_other_1985_v2_20260119.tif.ovr","https://object-arbutus.cloud.computecanada.ca/predictiveecology/SCANFI_v2/1985/SCANFI_spsCC_prcC_other_1985_v2_20260119.tif.ovr","1VKp6oV4ImmdWfT9l2r8tgbEtYd2qyQj4","file"
"SCANFI_spsCC_PSEU_MEN_1985_v2_20260119.tif","SCANFI_v2/1985/SCANFI_spsCC_PSEU_MEN_1985_v2_20260119.tif","https://object-arbutus.cloud.computecanada.ca/predictiveecology/SCANFI_v2/1985/SCANFI_spsCC_PSEU_MEN_1985_v2_20260119.tif","1J9C93dH0iGzwLG1Kd74zvDrAauHS4f_s","file"
"SCANFI_spsCC_PSEU_MEN_1985_v2_20260119.tif.aux.xml","SCANFI_v2/1985/SCANFI_spsCC_PSEU_MEN_1985_v2_20260119.tif.aux.xml","https://object-arbutus.cloud.computecanada.ca/predictiveecology/SCANFI_v2/1985/SCANFI_spsCC_PSEU_MEN_1985_v2_20260119.tif.aux.xml","1LuHWcjHTeTEaEeXxJ37nDQDzvcg4cQnl","file"
"SCANFI_spsCC_PSEU_MEN_1985_v2_20260119.tif.ovr","SCANFI_v2/1985/SCANFI_spsCC_PSEU_MEN_1985_v2_20260119.tif.ovr","https://object-arbutus.cloud.computecanada.ca/predictiveecology/SCANFI_v2/1985/SCANFI_spsCC_PSEU_MEN_1985_v2_20260119.tif.ovr","12BuLfkjK52Oqz7mfx952ZjI-7DazJm97","file"
"SCANFI_spsCC_PSEU_MEN_GLA_1985_v2_20260119.tif","SCANFI_v2/1985/SCANFI_spsCC_PSEU_MEN_GLA_1985_v2_20260119.tif","https://object-arbutus.cloud.computecanada.ca/predictiveecology/SCANFI_v2/1985/SCANFI_spsCC_PSEU_MEN_GLA_1985_v2_20260119.tif","1Qi88PNl-sgtOJ7B77-frNHiognqs4DCy","file"
"SCANFI_spsCC_PSEU_MEN_GLA_1985_v2_20260119.tif.aux.xml","SCANFI_v2/1985/SCANFI_spsCC_PSEU_MEN_GLA_1985_v2_20260119.tif.aux.xml","https://object-arbutus.cloud.computecanada.ca/predictiveecology/SCANFI_v2/1985/SCANFI_spsCC_PSEU_MEN_GLA_1985_v2_20260119.tif.aux.xml","1OGrxu2lcgQ5Q0-Sqkl3-34FGWVmBg_-9","file"
"SCANFI_spsCC_PSEU_MEN_GLA_1985_v2_20260119.tif.ovr","SCANFI_v2/1985/SCANFI_spsCC_PSEU_MEN_GLA_1985_v2_20260119.tif.ovr","https://object-arbutus.cloud.computecanada.ca/predictiveecology/SCANFI_v2/1985/SCANFI_spsCC_PSEU_MEN_GLA_1985_v2_20260119.tif.ovr","12jpAqm3xdbzwNgSqHJsEtGuFMSLk-VNk","file"
"SCANFI_spsCC_PSEU_MEN_MEN_1985_v2_20260119.tif","SCANFI_v2/1985/SCANFI_spsCC_PSEU_MEN_MEN_1985_v2_20260119.tif","https://object-arbutus.cloud.computecanada.ca/predictiveecology/SCANFI_v2/1985/SCANFI_spsCC_PSEU_MEN_MEN_1985_v2_20260119.tif","1iLonVE5_4v4gB3aWtKJlDS0OHxw0wtst","file"
"SCANFI_spsCC_PSEU_MEN_MEN_1985_v2_20260119.tif.aux.xml","SCANFI_v2/1985/SCANFI_spsCC_PSEU_MEN_MEN_1985_v2_20260119.tif.aux.xml","https://object-arbutus.cloud.computecanada.ca/predictiveecology/SCANFI_v2/1985/SCANFI_spsCC_PSEU_MEN_MEN_1985_v2_20260119.tif.aux.xml","1Hjws_HX1ADEelfgY9NI6lXdLPIH8SL_f","file"
"SCANFI_spsCC_PSEU_MEN_MEN_1985_v2_20260119.tif.ovr","SCANFI_v2/1985/SCANFI_spsCC_PSEU_MEN_MEN_1985_v2_20260119.tif.ovr","https://object-arbutus.cloud.computecanada.ca/predictiveecology/SCANFI_v2/1985/SCANFI_spsCC_PSEU_MEN_MEN_1985_v2_20260119.tif.ovr","1tl1xwjRCbav4iXuifBSy12rzEsxipfRf","file"
"SCANFI_spsCC_QUER_RUB_1985_v2_20260119.tif","SCANFI_v2/1985/SCANFI_spsCC_QUER_RUB_1985_v2_20260119.tif","https://object-arbutus.cloud.computecanada.ca/predictiveecology/SCANFI_v2/1985/SCANFI_spsCC_QUER_RUB_1985_v2_20260119.tif","1DR6zpJ1mXkY5qo_Rpyqn06x3AXs-oj46","file"
"SCANFI_spsCC_QUER_RUB_1985_v2_20260119.tif.aux.xml","SCANFI_v2/1985/SCANFI_spsCC_QUER_RUB_1985_v2_20260119.tif.aux.xml","https://object-arbutus.cloud.computecanada.ca/predictiveecology/SCANFI_v2/1985/SCANFI_spsCC_QUER_RUB_1985_v2_20260119.tif.aux.xml","1sMmj6BnsgY1TvdpKPBECMntc37h0ANbk","file"
"SCANFI_spsCC_QUER_RUB_1985_v2_20260119.tif.ovr","SCANFI_v2/1985/SCANFI_spsCC_QUER_RUB_1985_v2_20260119.tif.ovr","https://object-arbutus.cloud.computecanada.ca/predictiveecology/SCANFI_v2/1985/SCANFI_spsCC_QUER_RUB_1985_v2_20260119.tif.ovr","1pr_VgX0rb2Fyy7MMjJ_RgUDyuvrrtctH","file"
"SCANFI_spsCC_THUJ_OCC_1985_v2_20260119.tif","SCANFI_v2/1985/SCANFI_spsCC_THUJ_OCC_1985_v2_20260119.tif","https://object-arbutus.cloud.computecanada.ca/predictiveecology/SCANFI_v2/1985/SCANFI_spsCC_THUJ_OCC_1985_v2_20260119.tif","158lHDB705-gFqkGeg7GTsfb044s49L2h","file"
"SCANFI_spsCC_THUJ_OCC_1985_v2_20260119.tif.aux.xml","SCANFI_v2/1985/SCANFI_spsCC_THUJ_OCC_1985_v2_20260119.tif.aux.xml","https://object-arbutus.cloud.computecanada.ca/predictiveecology/SCANFI_v2/1985/SCANFI_spsCC_THUJ_OCC_1985_v2_20260119.tif.aux.xml","1nHX8cJPngfS3TCgorC9Lo5toKWAbtq2i","file"
"SCANFI_spsCC_THUJ_OCC_1985_v2_20260119.tif.ovr","SCANFI_v2/1985/SCANFI_spsCC_THUJ_OCC_1985_v2_20260119.tif.ovr","https://object-arbutus.cloud.computecanada.ca/predictiveecology/SCANFI_v2/1985/SCANFI_spsCC_THUJ_OCC_1985_v2_20260119.tif.ovr","1nVAqK5XZLWHVOtOgvJ1HDD5czGgsCygU","file"
"SCANFI_spsCC_THUJ_PLI_1985_v2_20260119.tif","SCANFI_v2/1985/SCANFI_spsCC_THUJ_PLI_1985_v2_20260119.tif","https://object-arbutus.cloud.computecanada.ca/predictiveecology/SCANFI_v2/1985/SCANFI_spsCC_THUJ_PLI_1985_v2_20260119.tif","1A6ovU8gUeV_wmrX8plGEzni5xS_3liFk","file"
"SCANFI_spsCC_THUJ_PLI_1985_v2_20260119.tif.aux.xml","SCANFI_v2/1985/SCANFI_spsCC_THUJ_PLI_1985_v2_20260119.tif.aux.xml","https://object-arbutus.cloud.computecanada.ca/predictiveecology/SCANFI_v2/1985/SCANFI_spsCC_THUJ_PLI_1985_v2_20260119.tif.aux.xml","1B-CRg3imElrt55H5EHldLiR3UcjD1KcE","file"
"SCANFI_spsCC_THUJ_PLI_1985_v2_20260119.tif.ovr","SCANFI_v2/1985/SCANFI_spsCC_THUJ_PLI_1985_v2_20260119.tif.ovr","https://object-arbutus.cloud.computecanada.ca/predictiveecology/SCANFI_v2/1985/SCANFI_spsCC_THUJ_PLI_1985_v2_20260119.tif.ovr","1xlesKHCYV-0s4XcsLRbbaYMDYGQdKi5X","file"
"SCANFI_spsCC_TSUG_CAN_1985_v2_20260119.tif","SCANFI_v2/1985/SCANFI_spsCC_TSUG_CAN_1985_v2_20260119.tif","https://object-arbutus.cloud.computecanada.ca/predictiveecology/SCANFI_v2/1985/SCANFI_spsCC_TSUG_CAN_1985_v2_20260119.tif","1yRUhDlrVZ9ZmmFsfQ8DTQxWQhKVtAGFz","file"
"SCANFI_spsCC_TSUG_CAN_1985_v2_20260119.tif.aux.xml","SCANFI_v2/1985/SCANFI_spsCC_TSUG_CAN_1985_v2_20260119.tif.aux.xml","https://object-arbutus.cloud.computecanada.ca/predictiveecology/SCANFI_v2/1985/SCANFI_spsCC_TSUG_CAN_1985_v2_20260119.tif.aux.xml","1bVWKNGsZ0zseHPlO2tfHqVCZSDur2kic","file"
"SCANFI_spsCC_TSUG_CAN_1985_v2_20260119.tif.ovr","SCANFI_v2/1985/SCANFI_spsCC_TSUG_CAN_1985_v2_20260119.tif.ovr","https://object-arbutus.cloud.computecanada.ca/predictiveecology/SCANFI_v2/1985/SCANFI_spsCC_TSUG_CAN_1985_v2_20260119.tif.ovr","1JwZa1UZQsThjsP2Mqfiuz0HuSLuYs_Dx","file"
"SCANFI_spsCC_TSUG_HET_1985_v2_20260119.tif","SCANFI_v2/1985/SCANFI_spsCC_TSUG_HET_1985_v2_20260119.tif","https://object-arbutus.cloud.computecanada.ca/predictiveecology/SCANFI_v2/1985/SCANFI_spsCC_TSUG_HET_1985_v2_20260119.tif","1uj4gMJfw0k8HdCJ6bMcdDCnsZhRwKaYK","file"
"SCANFI_spsCC_TSUG_HET_1985_v2_20260119.tif.aux.xml","SCANFI_v2/1985/SCANFI_spsCC_TSUG_HET_1985_v2_20260119.tif.aux.xml","https://object-arbutus.cloud.computecanada.ca/predictiveecology/SCANFI_v2/1985/SCANFI_spsCC_TSUG_HET_1985_v2_20260119.tif.aux.xml","12BzO_I840tJcQpyxIjeVgoXAaSoKchT0","file"
"SCANFI_spsCC_TSUG_HET_1985_v2_20260119.tif.ovr","SCANFI_v2/1985/SCANFI_spsCC_TSUG_HET_1985_v2_20260119.tif.ovr","https://object-arbutus.cloud.computecanada.ca/predictiveecology/SCANFI_v2/1985/SCANFI_spsCC_TSUG_HET_1985_v2_20260119.tif.ovr","1u8md3hb8N6GzZfrgCG79OT4pO-qzU8qP","file"
"SCANFI_spsCC_TSUG_MER_1985_v2_20260119.tif","SCANFI_v2/1985/SCANFI_spsCC_TSUG_MER_1985_v2_20260119.tif","https://object-arbutus.cloud.computecanada.ca/predictiveecology/SCANFI_v2/1985/SCANFI_spsCC_TSUG_MER_1985_v2_20260119.tif","17EONTEABBhH_VgWTUQxHXrIu4hNiy-os","file"
"SCANFI_spsCC_TSUG_MER_1985_v2_20260119.tif.aux.xml","SCANFI_v2/1985/SCANFI_spsCC_TSUG_MER_1985_v2_20260119.tif.aux.xml","https://object-arbutus.cloud.computecanada.ca/predictiveecology/SCANFI_v2/1985/SCANFI_spsCC_TSUG_MER_1985_v2_20260119.tif.aux.xml","1hu5Vxc3-o91IKfOXnyO272g8gcNHmW28","file"
"SCANFI_spsCC_TSUG_MER_1985_v2_20260119.tif.ovr","SCANFI_v2/1985/SCANFI_spsCC_TSUG_MER_1985_v2_20260119.tif.ovr","https://object-arbutus.cloud.computecanada.ca/predictiveecology/SCANFI_v2/1985/SCANFI_spsCC_TSUG_MER_1985_v2_20260119.tif.ovr","1GQozpJgGz4e3BdEXQQA1eHmBmZz6yNWV","file"
"SCANFI_age_median_1990_v2_20260119.tif","SCANFI_v2/1990/SCANFI_age_median_1990_v2_20260119.tif","https://object-arbutus.cloud.computecanada.ca/predictiveecology/SCANFI_v2/1990/SCANFI_age_median_1990_v2_20260119.tif","1083izY1R-uBRdnnJL6KTYTPg3RFKCU6V","file"
"SCANFI_att_biomass_1990_v2_20260119.tif","SCANFI_v2/1990/SCANFI_att_biomass_1990_v2_20260119.tif","https://object-arbutus.cloud.computecanada.ca/predictiveecology/SCANFI_v2/1990/SCANFI_att_biomass_1990_v2_20260119.tif","15psX9X_ElAxg3oZqfp9QOpy1b_i8OO-4","file"
"SCANFI_att_closure_1990_v2_20260119.tif","SCANFI_v2/1990/SCANFI_att_closure_1990_v2_20260119.tif","https://object-arbutus.cloud.computecanada.ca/predictiveecology/SCANFI_v2/1990/SCANFI_att_closure_1990_v2_20260119.tif","1xvIR8iL5pTHgfnzbzhuw4BmVC7T93F34","file"
"SCANFI_att_height_1990_v2_20260119.tif","SCANFI_v2/1990/SCANFI_att_height_1990_v2_20260119.tif","https://object-arbutus.cloud.computecanada.ca/predictiveecology/SCANFI_v2/1990/SCANFI_att_height_1990_v2_20260119.tif","1sTU6ODgKs6ZVAbYCmb05qm0BTPhZ0260","file"
"SCANFI_att_nfiLandcover_1990_v2_20260119.tif","SCANFI_v2/1990/SCANFI_att_nfiLandcover_1990_v2_20260119.tif","https://object-arbutus.cloud.computecanada.ca/predictiveecology/SCANFI_v2/1990/SCANFI_att_nfiLandcover_1990_v2_20260119.tif","11QpGMnH1Wxcy34jqiiriQgGDEgGicdkd","file"
"SCANFI_att_nfiLandcover_CanadaLCCclassCodes_1990_v2_20260119.tif","SCANFI_v2/1990/SCANFI_att_nfiLandcover_CanadaLCCclassCodes_1990_v2_20260119.tif","https://object-arbutus.cloud.computecanada.ca/predictiveecology/SCANFI_v2/1990/SCANFI_att_nfiLandcover_CanadaLCCclassCodes_1990_v2_20260119.tif","1LK5b2E1y31bwIqWYD53X9ZOt4mWvS_TB","file"
"SCANFI_spsCC_ABIE_AMA_1990_v2_20260119.tif","SCANFI_v2/1990/SCANFI_spsCC_ABIE_AMA_1990_v2_20260119.tif","https://object-arbutus.cloud.computecanada.ca/predictiveecology/SCANFI_v2/1990/SCANFI_spsCC_ABIE_AMA_1990_v2_20260119.tif","1XAZ95oQTcy1xCo9rLEOXS71ArSPz3ton","file"
"SCANFI_spsCC_ABIE_AMA_1990_v2_20260119.tif.aux.xml","SCANFI_v2/1990/SCANFI_spsCC_ABIE_AMA_1990_v2_20260119.tif.aux.xml","https://object-arbutus.cloud.computecanada.ca/predictiveecology/SCANFI_v2/1990/SCANFI_spsCC_ABIE_AMA_1990_v2_20260119.tif.aux.xml","1Jk-uctFzVQNM-Ts4NAsfQR9Zd896qNB_","file"
"SCANFI_spsCC_ABIE_AMA_1990_v2_20260119.tif.ovr","SCANFI_v2/1990/SCANFI_spsCC_ABIE_AMA_1990_v2_20260119.tif.ovr","https://object-arbutus.cloud.computecanada.ca/predictiveecology/SCANFI_v2/1990/SCANFI_spsCC_ABIE_AMA_1990_v2_20260119.tif.ovr","1sCR9VA0YKApC-XPto4ZjNNhW5Yi7MBKH","file"
"SCANFI_spsCC_ABIE_BAL_1990_v2_20260119.tif","SCANFI_v2/1990/SCANFI_spsCC_ABIE_BAL_1990_v2_20260119.tif","https://object-arbutus.cloud.computecanada.ca/predictiveecology/SCANFI_v2/1990/SCANFI_spsCC_ABIE_BAL_1990_v2_20260119.tif","1srZaSkwuOvlTYjxepnP9EdpztVlGjoSA","file"
"SCANFI_spsCC_ABIE_BAL_1990_v2_20260119.tif.aux.xml","SCANFI_v2/1990/SCANFI_spsCC_ABIE_BAL_1990_v2_20260119.tif.aux.xml","https://object-arbutus.cloud.computecanada.ca/predictiveecology/SCANFI_v2/1990/SCANFI_spsCC_ABIE_BAL_1990_v2_20260119.tif.aux.xml","1QLrZjuVAjwOIEz2uC1jiDb-y3R5otXYN","file"
"SCANFI_spsCC_ABIE_BAL_1990_v2_20260119.tif.ovr","SCANFI_v2/1990/SCANFI_spsCC_ABIE_BAL_1990_v2_20260119.tif.ovr","https://object-arbutus.cloud.computecanada.ca/predictiveecology/SCANFI_v2/1990/SCANFI_spsCC_ABIE_BAL_1990_v2_20260119.tif.ovr","1N5grcO_AmvDuFaZSXSVG5nqzP-8Lb2a2","file"
"SCANFI_spsCC_ABIE_LAS_1990_v2_20260119.tif","SCANFI_v2/1990/SCANFI_spsCC_ABIE_LAS_1990_v2_20260119.tif","https://object-arbutus.cloud.computecanada.ca/predictiveecology/SCANFI_v2/1990/SCANFI_spsCC_ABIE_LAS_1990_v2_20260119.tif","1cc4tGHcsFStCUB5ympr8AJsSWeCp6UyC","file"
"SCANFI_spsCC_ABIE_LAS_1990_v2_20260119.tif.aux.xml","SCANFI_v2/1990/SCANFI_spsCC_ABIE_LAS_1990_v2_20260119.tif.aux.xml","https://object-arbutus.cloud.computecanada.ca/predictiveecology/SCANFI_v2/1990/SCANFI_spsCC_ABIE_LAS_1990_v2_20260119.tif.aux.xml","1gBm0A62crpUiH-KKZ1bM-rl7dNgk-29r","file"
"SCANFI_spsCC_ABIE_LAS_1990_v2_20260119.tif.ovr","SCANFI_v2/1990/SCANFI_spsCC_ABIE_LAS_1990_v2_20260119.tif.ovr","https://object-arbutus.cloud.computecanada.ca/predictiveecology/SCANFI_v2/1990/SCANFI_spsCC_ABIE_LAS_1990_v2_20260119.tif.ovr","168M1IG4piVKNsHhUKM4Ql-FGteyJHKxn","file"
"SCANFI_spsCC_ACER_RUB_1990_v2_20260119.tif","SCANFI_v2/1990/SCANFI_spsCC_ACER_RUB_1990_v2_20260119.tif","https://object-arbutus.cloud.computecanada.ca/predictiveecology/SCANFI_v2/1990/SCANFI_spsCC_ACER_RUB_1990_v2_20260119.tif","1edEUuSWShLZX_OxLf3uEkEtNPaLwDLKi","file"
"SCANFI_spsCC_ACER_RUB_1990_v2_20260119.tif.aux.xml","SCANFI_v2/1990/SCANFI_spsCC_ACER_RUB_1990_v2_20260119.tif.aux.xml","https://object-arbutus.cloud.computecanada.ca/predictiveecology/SCANFI_v2/1990/SCANFI_spsCC_ACER_RUB_1990_v2_20260119.tif.aux.xml","1BIKohaag8M2blgWqAWcZCyVV7h_GBWAF","file"
"SCANFI_spsCC_ACER_RUB_1990_v2_20260119.tif.ovr","SCANFI_v2/1990/SCANFI_spsCC_ACER_RUB_1990_v2_20260119.tif.ovr","https://object-arbutus.cloud.computecanada.ca/predictiveecology/SCANFI_v2/1990/SCANFI_spsCC_ACER_RUB_1990_v2_20260119.tif.ovr","10v6cJf0Hs0oMR5gYWc9R13VW8e7wrzUm","file"
"SCANFI_spsCC_ACER_SAH_1990_v2_20260119.tif","SCANFI_v2/1990/SCANFI_spsCC_ACER_SAH_1990_v2_20260119.tif","https://object-arbutus.cloud.computecanada.ca/predictiveecology/SCANFI_v2/1990/SCANFI_spsCC_ACER_SAH_1990_v2_20260119.tif","1GczbuskMCqk4TcECOBM6jIIrw2c3MZ2R","file"
"SCANFI_spsCC_ACER_SAH_1990_v2_20260119.tif.aux.xml","SCANFI_v2/1990/SCANFI_spsCC_ACER_SAH_1990_v2_20260119.tif.aux.xml","https://object-arbutus.cloud.computecanada.ca/predictiveecology/SCANFI_v2/1990/SCANFI_spsCC_ACER_SAH_1990_v2_20260119.tif.aux.xml","1tVeL-y9GPPmVdyzUJOnXSzkBMWjbCcv-","file"
"SCANFI_spsCC_ACER_SAH_1990_v2_20260119.tif.ovr","SCANFI_v2/1990/SCANFI_spsCC_ACER_SAH_1990_v2_20260119.tif.ovr","https://object-arbutus.cloud.computecanada.ca/predictiveecology/SCANFI_v2/1990/SCANFI_spsCC_ACER_SAH_1990_v2_20260119.tif.ovr","1CKsXTnFtade-Se6QEQcJmVzcWsVmg82I","file"
"SCANFI_spsCC_ALNU_RUB_1990_v2_20260119.tif","SCANFI_v2/1990/SCANFI_spsCC_ALNU_RUB_1990_v2_20260119.tif","https://object-arbutus.cloud.computecanada.ca/predictiveecology/SCANFI_v2/1990/SCANFI_spsCC_ALNU_RUB_1990_v2_20260119.tif","1Ow233wgTB85EJ-NaiGUEySweD2BmI5Rd","file"
"SCANFI_spsCC_ALNU_RUB_1990_v2_20260119.tif.aux.xml","SCANFI_v2/1990/SCANFI_spsCC_ALNU_RUB_1990_v2_20260119.tif.aux.xml","https://object-arbutus.cloud.computecanada.ca/predictiveecology/SCANFI_v2/1990/SCANFI_spsCC_ALNU_RUB_1990_v2_20260119.tif.aux.xml","1DOXnOpU606VoXs6ljydZmTJsjqymjVqe","file"
"SCANFI_spsCC_ALNU_RUB_1990_v2_20260119.tif.ovr","SCANFI_v2/1990/SCANFI_spsCC_ALNU_RUB_1990_v2_20260119.tif.ovr","https://object-arbutus.cloud.computecanada.ca/predictiveecology/SCANFI_v2/1990/SCANFI_spsCC_ALNU_RUB_1990_v2_20260119.tif.ovr","1BIOhHjPlh9w5gPoNYcUQrW_2QB9tpk8T","file"
"SCANFI_spsCC_BETU_ALL_1990_v2_20260119.tif","SCANFI_v2/1990/SCANFI_spsCC_BETU_ALL_1990_v2_20260119.tif","https://object-arbutus.cloud.computecanada.ca/predictiveecology/SCANFI_v2/1990/SCANFI_spsCC_BETU_ALL_1990_v2_20260119.tif","1pmdbHeBpy820YiXVkiaaM4CS4Pe493P9","file"
"SCANFI_spsCC_BETU_ALL_1990_v2_20260119.tif.aux.xml","SCANFI_v2/1990/SCANFI_spsCC_BETU_ALL_1990_v2_20260119.tif.aux.xml","https://object-arbutus.cloud.computecanada.ca/predictiveecology/SCANFI_v2/1990/SCANFI_spsCC_BETU_ALL_1990_v2_20260119.tif.aux.xml","18VmUNqKxNMYfy4-8fAetNl74ywb3ymcc","file"
"SCANFI_spsCC_BETU_ALL_1990_v2_20260119.tif.ovr","SCANFI_v2/1990/SCANFI_spsCC_BETU_ALL_1990_v2_20260119.tif.ovr","https://object-arbutus.cloud.computecanada.ca/predictiveecology/SCANFI_v2/1990/SCANFI_spsCC_BETU_ALL_1990_v2_20260119.tif.ovr","1tWPkkPBm8hhFkvu-JOt_QfBHV9asFz5Q","file"
"SCANFI_spsCC_BETU_PAP_1990_v2_20260119.tif","SCANFI_v2/1990/SCANFI_spsCC_BETU_PAP_1990_v2_20260119.tif","https://object-arbutus.cloud.computecanada.ca/predictiveecology/SCANFI_v2/1990/SCANFI_spsCC_BETU_PAP_1990_v2_20260119.tif","1WDyQneCVMhJIxpx_WUK-IoRVEGbcsXnw","file"
"SCANFI_spsCC_BETU_PAP_1990_v2_20260119.tif.aux.xml","SCANFI_v2/1990/SCANFI_spsCC_BETU_PAP_1990_v2_20260119.tif.aux.xml","https://object-arbutus.cloud.computecanada.ca/predictiveecology/SCANFI_v2/1990/SCANFI_spsCC_BETU_PAP_1990_v2_20260119.tif.aux.xml","1PPUe-XJFjpK42aoa-hmwnl1N9rUHeBXn","file"
"SCANFI_spsCC_BETU_PAP_1990_v2_20260119.tif.ovr","SCANFI_v2/1990/SCANFI_spsCC_BETU_PAP_1990_v2_20260119.tif.ovr","https://object-arbutus.cloud.computecanada.ca/predictiveecology/SCANFI_v2/1990/SCANFI_spsCC_BETU_PAP_1990_v2_20260119.tif.ovr","1IYN3oawK5j80_-QhogncDMH7gkiR0yiW","file"
"SCANFI_spsCC_CHAM_NOO_1990_v2_20260119.tif","SCANFI_v2/1990/SCANFI_spsCC_CHAM_NOO_1990_v2_20260119.tif","https://object-arbutus.cloud.computecanada.ca/predictiveecology/SCANFI_v2/1990/SCANFI_spsCC_CHAM_NOO_1990_v2_20260119.tif","1K1-ShgENferzYUj_Abj0kGiORP0LaBAm","file"
"SCANFI_spsCC_CHAM_NOO_1990_v2_20260119.tif.aux.xml","SCANFI_v2/1990/SCANFI_spsCC_CHAM_NOO_1990_v2_20260119.tif.aux.xml","https://object-arbutus.cloud.computecanada.ca/predictiveecology/SCANFI_v2/1990/SCANFI_spsCC_CHAM_NOO_1990_v2_20260119.tif.aux.xml","15oG2kE1SdD7b6Ek57HZAAOrEdgidg3rL","file"
"SCANFI_spsCC_CHAM_NOO_1990_v2_20260119.tif.ovr","SCANFI_v2/1990/SCANFI_spsCC_CHAM_NOO_1990_v2_20260119.tif.ovr","https://object-arbutus.cloud.computecanada.ca/predictiveecology/SCANFI_v2/1990/SCANFI_spsCC_CHAM_NOO_1990_v2_20260119.tif.ovr","1apX__tg1hpzEqVdaumc6wMFPjYYPGw5a","file"
"SCANFI_spsCC_FAGU_GRA_1990_v2_20260119.tif","SCANFI_v2/1990/SCANFI_spsCC_FAGU_GRA_1990_v2_20260119.tif","https://object-arbutus.cloud.computecanada.ca/predictiveecology/SCANFI_v2/1990/SCANFI_spsCC_FAGU_GRA_1990_v2_20260119.tif","1PBfGpE3YGHkTenpjiuy4AJ22ZT9QDh82","file"
"SCANFI_spsCC_FAGU_GRA_1990_v2_20260119.tif.aux.xml","SCANFI_v2/1990/SCANFI_spsCC_FAGU_GRA_1990_v2_20260119.tif.aux.xml","https://object-arbutus.cloud.computecanada.ca/predictiveecology/SCANFI_v2/1990/SCANFI_spsCC_FAGU_GRA_1990_v2_20260119.tif.aux.xml","1dwYAf6ILAaEvWjQn2k-aNvN2-NkDEcN0","file"
"SCANFI_spsCC_FAGU_GRA_1990_v2_20260119.tif.ovr","SCANFI_v2/1990/SCANFI_spsCC_FAGU_GRA_1990_v2_20260119.tif.ovr","https://object-arbutus.cloud.computecanada.ca/predictiveecology/SCANFI_v2/1990/SCANFI_spsCC_FAGU_GRA_1990_v2_20260119.tif.ovr","1Rnq7jRhOE6JmDLlgQlBmhhXO5JzRxAnd","file"
"SCANFI_spsCC_FRAX_AME_1990_v2_20260119.tif","SCANFI_v2/1990/SCANFI_spsCC_FRAX_AME_1990_v2_20260119.tif","https://object-arbutus.cloud.computecanada.ca/predictiveecology/SCANFI_v2/1990/SCANFI_spsCC_FRAX_AME_1990_v2_20260119.tif","1bxyuht20EOEeRYlvgq1O43nzHaCABmNX","file"
"SCANFI_spsCC_FRAX_AME_1990_v2_20260119.tif.aux.xml","SCANFI_v2/1990/SCANFI_spsCC_FRAX_AME_1990_v2_20260119.tif.aux.xml","https://object-arbutus.cloud.computecanada.ca/predictiveecology/SCANFI_v2/1990/SCANFI_spsCC_FRAX_AME_1990_v2_20260119.tif.aux.xml","1VlYa_anzjL8ak6mBiibrsUjX9EZvhB3p","file"
"SCANFI_spsCC_FRAX_AME_1990_v2_20260119.tif.ovr","SCANFI_v2/1990/SCANFI_spsCC_FRAX_AME_1990_v2_20260119.tif.ovr","https://object-arbutus.cloud.computecanada.ca/predictiveecology/SCANFI_v2/1990/SCANFI_spsCC_FRAX_AME_1990_v2_20260119.tif.ovr","1FjVy1T6iGKztf6cGAuV5U6eUTDLRKfFi","file"
"SCANFI_spsCC_LARI_LAR_1990_v2_20260119.tif","SCANFI_v2/1990/SCANFI_spsCC_LARI_LAR_1990_v2_20260119.tif","https://object-arbutus.cloud.computecanada.ca/predictiveecology/SCANFI_v2/1990/SCANFI_spsCC_LARI_LAR_1990_v2_20260119.tif","1oPUfT0y1WrY5_KVRvXRFjpAy1QFBv_zZ","file"
"SCANFI_spsCC_LARI_LAR_1990_v2_20260119.tif.aux.xml","SCANFI_v2/1990/SCANFI_spsCC_LARI_LAR_1990_v2_20260119.tif.aux.xml","https://object-arbutus.cloud.computecanada.ca/predictiveecology/SCANFI_v2/1990/SCANFI_spsCC_LARI_LAR_1990_v2_20260119.tif.aux.xml","16UqP3pjH3GgKo9m-IsDAHT5EsCyrizRq","file"
"SCANFI_spsCC_LARI_LAR_1990_v2_20260119.tif.ovr","SCANFI_v2/1990/SCANFI_spsCC_LARI_LAR_1990_v2_20260119.tif.ovr","https://object-arbutus.cloud.computecanada.ca/predictiveecology/SCANFI_v2/1990/SCANFI_spsCC_LARI_LAR_1990_v2_20260119.tif.ovr","1Q6eQhZOCY8fDGcO8bpUwuVTusiifmum6","file"
"SCANFI_spsCC_LARI_OCC_1990_v2_20260119.tif","SCANFI_v2/1990/SCANFI_spsCC_LARI_OCC_1990_v2_20260119.tif","https://object-arbutus.cloud.computecanada.ca/predictiveecology/SCANFI_v2/1990/SCANFI_spsCC_LARI_OCC_1990_v2_20260119.tif","1P_bfc6IBBr6nIT9JynTo9AwYj84vR7rC","file"
"SCANFI_spsCC_LARI_OCC_1990_v2_20260119.tif.aux.xml","SCANFI_v2/1990/SCANFI_spsCC_LARI_OCC_1990_v2_20260119.tif.aux.xml","https://object-arbutus.cloud.computecanada.ca/predictiveecology/SCANFI_v2/1990/SCANFI_spsCC_LARI_OCC_1990_v2_20260119.tif.aux.xml","1YlKXje02OfNePIudoapCsvCsiflnevxt","file"
"SCANFI_spsCC_LARI_OCC_1990_v2_20260119.tif.ovr","SCANFI_v2/1990/SCANFI_spsCC_LARI_OCC_1990_v2_20260119.tif.ovr","https://object-arbutus.cloud.computecanada.ca/predictiveecology/SCANFI_v2/1990/SCANFI_spsCC_LARI_OCC_1990_v2_20260119.tif.ovr","1Cu8fHxjPvl4n-e5UB3R6-AYwp7JhUjBU","file"
"SCANFI_spsCC_PICE_ENG_1990_v2_20260119.tif","SCANFI_v2/1990/SCANFI_spsCC_PICE_ENG_1990_v2_20260119.tif","https://object-arbutus.cloud.computecanada.ca/predictiveecology/SCANFI_v2/1990/SCANFI_spsCC_PICE_ENG_1990_v2_20260119.tif","1U4J37TNQV-dtei7N7mBBFdHiBzxorOs-","file"
"SCANFI_spsCC_PICE_ENG_1990_v2_20260119.tif.aux.xml","SCANFI_v2/1990/SCANFI_spsCC_PICE_ENG_1990_v2_20260119.tif.aux.xml","https://object-arbutus.cloud.computecanada.ca/predictiveecology/SCANFI_v2/1990/SCANFI_spsCC_PICE_ENG_1990_v2_20260119.tif.aux.xml","15O-3KpOmg8Ifup2fsX6g7wq9RT5E_exG","file"
"SCANFI_spsCC_PICE_ENG_1990_v2_20260119.tif.ovr","SCANFI_v2/1990/SCANFI_spsCC_PICE_ENG_1990_v2_20260119.tif.ovr","https://object-arbutus.cloud.computecanada.ca/predictiveecology/SCANFI_v2/1990/SCANFI_spsCC_PICE_ENG_1990_v2_20260119.tif.ovr","1kr8x9UOJfcXXzL_WNmhmZY8pyauL_MS2","file"
"SCANFI_spsCC_PICE_ENG_GLA_1990_v2_20260119.tif","SCANFI_v2/1990/SCANFI_spsCC_PICE_ENG_GLA_1990_v2_20260119.tif","https://object-arbutus.cloud.computecanada.ca/predictiveecology/SCANFI_v2/1990/SCANFI_spsCC_PICE_ENG_GLA_1990_v2_20260119.tif","1MAKf4Gbsm6S7tIsgeGwuHEEpXKsIjdip","file"
"SCANFI_spsCC_PICE_ENG_GLA_1990_v2_20260119.tif.aux.xml","SCANFI_v2/1990/SCANFI_spsCC_PICE_ENG_GLA_1990_v2_20260119.tif.aux.xml","https://object-arbutus.cloud.computecanada.ca/predictiveecology/SCANFI_v2/1990/SCANFI_spsCC_PICE_ENG_GLA_1990_v2_20260119.tif.aux.xml","1ui8wp0UMqd8dSS7xN0_LBQ64orRPcFq3","file"
"SCANFI_spsCC_PICE_ENG_GLA_1990_v2_20260119.tif.ovr","SCANFI_v2/1990/SCANFI_spsCC_PICE_ENG_GLA_1990_v2_20260119.tif.ovr","https://object-arbutus.cloud.computecanada.ca/predictiveecology/SCANFI_v2/1990/SCANFI_spsCC_PICE_ENG_GLA_1990_v2_20260119.tif.ovr","1f-L6lMe-sjA2NddTkpk8UiMkiKNhshKD","file"
"SCANFI_spsCC_PICE_GLA_1990_v2_20260119.tif","SCANFI_v2/1990/SCANFI_spsCC_PICE_GLA_1990_v2_20260119.tif","https://object-arbutus.cloud.computecanada.ca/predictiveecology/SCANFI_v2/1990/SCANFI_spsCC_PICE_GLA_1990_v2_20260119.tif","1ET4XyMdoc60s-4m9asGo_xkdnqS2nGkC","file"
"SCANFI_spsCC_PICE_GLA_1990_v2_20260119.tif.aux.xml","SCANFI_v2/1990/SCANFI_spsCC_PICE_GLA_1990_v2_20260119.tif.aux.xml","https://object-arbutus.cloud.computecanada.ca/predictiveecology/SCANFI_v2/1990/SCANFI_spsCC_PICE_GLA_1990_v2_20260119.tif.aux.xml","1Wex_pFJn-t5N78j8SlPI2mfwkFXSxEPp","file"
"SCANFI_spsCC_PICE_GLA_1990_v2_20260119.tif.ovr","SCANFI_v2/1990/SCANFI_spsCC_PICE_GLA_1990_v2_20260119.tif.ovr","https://object-arbutus.cloud.computecanada.ca/predictiveecology/SCANFI_v2/1990/SCANFI_spsCC_PICE_GLA_1990_v2_20260119.tif.ovr","1GVu9bt8uUCsw2nd0Q6jkFseW-5WVQmaI","file"
"SCANFI_spsCC_PICE_MAR_1990_v2_20260119.tif","SCANFI_v2/1990/SCANFI_spsCC_PICE_MAR_1990_v2_20260119.tif","https://object-arbutus.cloud.computecanada.ca/predictiveecology/SCANFI_v2/1990/SCANFI_spsCC_PICE_MAR_1990_v2_20260119.tif","19UiX4tauPwVvgQOAJFFXMG1x8EPi2E3O","file"
"SCANFI_spsCC_PICE_MAR_1990_v2_20260119.tif.aux.xml","SCANFI_v2/1990/SCANFI_spsCC_PICE_MAR_1990_v2_20260119.tif.aux.xml","https://object-arbutus.cloud.computecanada.ca/predictiveecology/SCANFI_v2/1990/SCANFI_spsCC_PICE_MAR_1990_v2_20260119.tif.aux.xml","1sInRmxURT3KI4iCUpbeq7aP_C99pQ3JN","file"
"SCANFI_spsCC_PICE_MAR_1990_v2_20260119.tif.ovr","SCANFI_v2/1990/SCANFI_spsCC_PICE_MAR_1990_v2_20260119.tif.ovr","https://object-arbutus.cloud.computecanada.ca/predictiveecology/SCANFI_v2/1990/SCANFI_spsCC_PICE_MAR_1990_v2_20260119.tif.ovr","1ZbCNbTYTDv8qkebp2xAG83U4zkSddW3a","file"
"SCANFI_spsCC_PICE_RUB_1990_v2_20260119.tif","SCANFI_v2/1990/SCANFI_spsCC_PICE_RUB_1990_v2_20260119.tif","https://object-arbutus.cloud.computecanada.ca/predictiveecology/SCANFI_v2/1990/SCANFI_spsCC_PICE_RUB_1990_v2_20260119.tif","17WMa8ZfJKHXZRsLK6j6KSKlhp5xjXET4","file"
"SCANFI_spsCC_PICE_RUB_1990_v2_20260119.tif.aux.xml","SCANFI_v2/1990/SCANFI_spsCC_PICE_RUB_1990_v2_20260119.tif.aux.xml","https://object-arbutus.cloud.computecanada.ca/predictiveecology/SCANFI_v2/1990/SCANFI_spsCC_PICE_RUB_1990_v2_20260119.tif.aux.xml","1DiRytcdBFRfN5cQqY-LEvXjqZc0fDXKx","file"
"SCANFI_spsCC_PICE_RUB_1990_v2_20260119.tif.ovr","SCANFI_v2/1990/SCANFI_spsCC_PICE_RUB_1990_v2_20260119.tif.ovr","https://object-arbutus.cloud.computecanada.ca/predictiveecology/SCANFI_v2/1990/SCANFI_spsCC_PICE_RUB_1990_v2_20260119.tif.ovr","1KXv6GwLYCHKzfAoqlHsMvnxxFCs21YSd","file"
"SCANFI_spsCC_PICE_SIT_1990_v2_20260119.tif","SCANFI_v2/1990/SCANFI_spsCC_PICE_SIT_1990_v2_20260119.tif","https://object-arbutus.cloud.computecanada.ca/predictiveecology/SCANFI_v2/1990/SCANFI_spsCC_PICE_SIT_1990_v2_20260119.tif","1VvVbI6zKozR4yuHPn4oyVKOawOfOBE5F","file"
"SCANFI_spsCC_PICE_SIT_1990_v2_20260119.tif.aux.xml","SCANFI_v2/1990/SCANFI_spsCC_PICE_SIT_1990_v2_20260119.tif.aux.xml","https://object-arbutus.cloud.computecanada.ca/predictiveecology/SCANFI_v2/1990/SCANFI_spsCC_PICE_SIT_1990_v2_20260119.tif.aux.xml","1i-6PVI8_M7c7f6X6eyk1Bl8FzUGxJ8HY","file"
"SCANFI_spsCC_PICE_SIT_1990_v2_20260119.tif.ovr","SCANFI_v2/1990/SCANFI_spsCC_PICE_SIT_1990_v2_20260119.tif.ovr","https://object-arbutus.cloud.computecanada.ca/predictiveecology/SCANFI_v2/1990/SCANFI_spsCC_PICE_SIT_1990_v2_20260119.tif.ovr","1umkxLUUJyehcaFjbLpSvmnIXTlXfkZrw","file"
"SCANFI_spsCC_PINU_BAN_1990_v2_20260119.tif","SCANFI_v2/1990/SCANFI_spsCC_PINU_BAN_1990_v2_20260119.tif","https://object-arbutus.cloud.computecanada.ca/predictiveecology/SCANFI_v2/1990/SCANFI_spsCC_PINU_BAN_1990_v2_20260119.tif","12ZJARCJEOEJud79TZmocot4lpz0bGDMN","file"
"SCANFI_spsCC_PINU_BAN_1990_v2_20260119.tif.aux.xml","SCANFI_v2/1990/SCANFI_spsCC_PINU_BAN_1990_v2_20260119.tif.aux.xml","https://object-arbutus.cloud.computecanada.ca/predictiveecology/SCANFI_v2/1990/SCANFI_spsCC_PINU_BAN_1990_v2_20260119.tif.aux.xml","1IfOStI17ZT0oVY1WI8WihzOkFm7oPVBx","file"
"SCANFI_spsCC_PINU_BAN_1990_v2_20260119.tif.ovr","SCANFI_v2/1990/SCANFI_spsCC_PINU_BAN_1990_v2_20260119.tif.ovr","https://object-arbutus.cloud.computecanada.ca/predictiveecology/SCANFI_v2/1990/SCANFI_spsCC_PINU_BAN_1990_v2_20260119.tif.ovr","1EtS3RY7q3wxUccnQZElGPA90PNucnrH_","file"
"SCANFI_spsCC_PINU_CON_CON_1990_v2_20260119.tif","SCANFI_v2/1990/SCANFI_spsCC_PINU_CON_CON_1990_v2_20260119.tif","https://object-arbutus.cloud.computecanada.ca/predictiveecology/SCANFI_v2/1990/SCANFI_spsCC_PINU_CON_CON_1990_v2_20260119.tif","1GrLlRy-9oC9xYPftk06dRpKyEfi-qfot","file"
"SCANFI_spsCC_PINU_CON_CON_1990_v2_20260119.tif.aux.xml","SCANFI_v2/1990/SCANFI_spsCC_PINU_CON_CON_1990_v2_20260119.tif.aux.xml","https://object-arbutus.cloud.computecanada.ca/predictiveecology/SCANFI_v2/1990/SCANFI_spsCC_PINU_CON_CON_1990_v2_20260119.tif.aux.xml","1020gqXGNzLq6XMb3_Ga_qnR7R9_wRJEN","file"
"SCANFI_spsCC_PINU_CON_CON_1990_v2_20260119.tif.ovr","SCANFI_v2/1990/SCANFI_spsCC_PINU_CON_CON_1990_v2_20260119.tif.ovr","https://object-arbutus.cloud.computecanada.ca/predictiveecology/SCANFI_v2/1990/SCANFI_spsCC_PINU_CON_CON_1990_v2_20260119.tif.ovr","1cqooZjngL369rWnPIEMMBQSZ09vwPYNS","file"
"SCANFI_spsCC_PINU_CON_LAT_1990_v2_20260119.tif","SCANFI_v2/1990/SCANFI_spsCC_PINU_CON_LAT_1990_v2_20260119.tif","https://object-arbutus.cloud.computecanada.ca/predictiveecology/SCANFI_v2/1990/SCANFI_spsCC_PINU_CON_LAT_1990_v2_20260119.tif","1zfW6gm1h-Ef989DNEJcNOA-XLgCq5RDM","file"
"SCANFI_spsCC_PINU_CON_LAT_1990_v2_20260119.tif.aux.xml","SCANFI_v2/1990/SCANFI_spsCC_PINU_CON_LAT_1990_v2_20260119.tif.aux.xml","https://object-arbutus.cloud.computecanada.ca/predictiveecology/SCANFI_v2/1990/SCANFI_spsCC_PINU_CON_LAT_1990_v2_20260119.tif.aux.xml","1-uhNdd0QdKg_7Ke8rFzKaGrRkBvAHtjt","file"
"SCANFI_spsCC_PINU_CON_LAT_1990_v2_20260119.tif.ovr","SCANFI_v2/1990/SCANFI_spsCC_PINU_CON_LAT_1990_v2_20260119.tif.ovr","https://object-arbutus.cloud.computecanada.ca/predictiveecology/SCANFI_v2/1990/SCANFI_spsCC_PINU_CON_LAT_1990_v2_20260119.tif.ovr","1vK5uMhS8aNnTKbn-X3pVjWKL1rFbL1kE","file"
"SCANFI_spsCC_PINU_PON_1990_v2_20260119.tif","SCANFI_v2/1990/SCANFI_spsCC_PINU_PON_1990_v2_20260119.tif","https://object-arbutus.cloud.computecanada.ca/predictiveecology/SCANFI_v2/1990/SCANFI_spsCC_PINU_PON_1990_v2_20260119.tif","1WZ8m8dcOOY0NvyHw0-jtCLvF3pd4JKW_","file"
"SCANFI_spsCC_PINU_PON_1990_v2_20260119.tif.aux.xml","SCANFI_v2/1990/SCANFI_spsCC_PINU_PON_1990_v2_20260119.tif.aux.xml","https://object-arbutus.cloud.computecanada.ca/predictiveecology/SCANFI_v2/1990/SCANFI_spsCC_PINU_PON_1990_v2_20260119.tif.aux.xml","154pFme0mWDB8yWCrMTEzGFII-fT_S7Wg","file"
"SCANFI_spsCC_PINU_PON_1990_v2_20260119.tif.ovr","SCANFI_v2/1990/SCANFI_spsCC_PINU_PON_1990_v2_20260119.tif.ovr","https://object-arbutus.cloud.computecanada.ca/predictiveecology/SCANFI_v2/1990/SCANFI_spsCC_PINU_PON_1990_v2_20260119.tif.ovr","10cvx6_r6Ixxw7ru4hJ_bHc_bRQ0MRS9U","file"
"SCANFI_spsCC_PINU_RES_1990_v2_20260119.tif","SCANFI_v2/1990/SCANFI_spsCC_PINU_RES_1990_v2_20260119.tif","https://object-arbutus.cloud.computecanada.ca/predictiveecology/SCANFI_v2/1990/SCANFI_spsCC_PINU_RES_1990_v2_20260119.tif","1NdFPHjZxZ6NCro-NjwzE9x2XphaU9wDZ","file"
"SCANFI_spsCC_PINU_RES_1990_v2_20260119.tif.aux.xml","SCANFI_v2/1990/SCANFI_spsCC_PINU_RES_1990_v2_20260119.tif.aux.xml","https://object-arbutus.cloud.computecanada.ca/predictiveecology/SCANFI_v2/1990/SCANFI_spsCC_PINU_RES_1990_v2_20260119.tif.aux.xml","16egGddv80c1PZ1LrhtOA-oA6WbcCSHri","file"
"SCANFI_spsCC_PINU_RES_1990_v2_20260119.tif.ovr","SCANFI_v2/1990/SCANFI_spsCC_PINU_RES_1990_v2_20260119.tif.ovr","https://object-arbutus.cloud.computecanada.ca/predictiveecology/SCANFI_v2/1990/SCANFI_spsCC_PINU_RES_1990_v2_20260119.tif.ovr","12XfN6rMcNYuXE2GGzvZnsxKJdFX4BjFc","file"
"SCANFI_spsCC_PINU_STR_1990_v2_20260119.tif","SCANFI_v2/1990/SCANFI_spsCC_PINU_STR_1990_v2_20260119.tif","https://object-arbutus.cloud.computecanada.ca/predictiveecology/SCANFI_v2/1990/SCANFI_spsCC_PINU_STR_1990_v2_20260119.tif","1Fw4th4ViKldlt-8iiFWuJU6x-6dTV-dZ","file"
"SCANFI_spsCC_PINU_STR_1990_v2_20260119.tif.aux.xml","SCANFI_v2/1990/SCANFI_spsCC_PINU_STR_1990_v2_20260119.tif.aux.xml","https://object-arbutus.cloud.computecanada.ca/predictiveecology/SCANFI_v2/1990/SCANFI_spsCC_PINU_STR_1990_v2_20260119.tif.aux.xml","1Yr3WhlhW8D6N2hgQ1UVuLzb0qaAg69cq","file"
"SCANFI_spsCC_PINU_STR_1990_v2_20260119.tif.ovr","SCANFI_v2/1990/SCANFI_spsCC_PINU_STR_1990_v2_20260119.tif.ovr","https://object-arbutus.cloud.computecanada.ca/predictiveecology/SCANFI_v2/1990/SCANFI_spsCC_PINU_STR_1990_v2_20260119.tif.ovr","1UThkSDLY-ZtgtFEIAJfXBmFh21yNsq2L","file"
"SCANFI_spsCC_POPU_BAL_1990_v2_20260119.tif","SCANFI_v2/1990/SCANFI_spsCC_POPU_BAL_1990_v2_20260119.tif","https://object-arbutus.cloud.computecanada.ca/predictiveecology/SCANFI_v2/1990/SCANFI_spsCC_POPU_BAL_1990_v2_20260119.tif","1GBYmM-w3XE1pN1O1_e-h_sMqjmwKkFOb","file"
"SCANFI_spsCC_POPU_BAL_1990_v2_20260119.tif.aux.xml","SCANFI_v2/1990/SCANFI_spsCC_POPU_BAL_1990_v2_20260119.tif.aux.xml","https://object-arbutus.cloud.computecanada.ca/predictiveecology/SCANFI_v2/1990/SCANFI_spsCC_POPU_BAL_1990_v2_20260119.tif.aux.xml","1JA1MTn9MVYqu_IeOsznbRkb25U_BLo_4","file"
"SCANFI_spsCC_POPU_BAL_1990_v2_20260119.tif.ovr","SCANFI_v2/1990/SCANFI_spsCC_POPU_BAL_1990_v2_20260119.tif.ovr","https://object-arbutus.cloud.computecanada.ca/predictiveecology/SCANFI_v2/1990/SCANFI_spsCC_POPU_BAL_1990_v2_20260119.tif.ovr","1ymUGCs2krlfvOJ4D0wbMDGlYW-8jqeyY","file"
"SCANFI_spsCC_POPU_GRA_1990_v2_20260119.tif","SCANFI_v2/1990/SCANFI_spsCC_POPU_GRA_1990_v2_20260119.tif","https://object-arbutus.cloud.computecanada.ca/predictiveecology/SCANFI_v2/1990/SCANFI_spsCC_POPU_GRA_1990_v2_20260119.tif","1TRJPb61yRybps1snbqPozkbW63QIpl4U","file"
"SCANFI_spsCC_POPU_GRA_1990_v2_20260119.tif.aux.xml","SCANFI_v2/1990/SCANFI_spsCC_POPU_GRA_1990_v2_20260119.tif.aux.xml","https://object-arbutus.cloud.computecanada.ca/predictiveecology/SCANFI_v2/1990/SCANFI_spsCC_POPU_GRA_1990_v2_20260119.tif.aux.xml","1HayyFd7JX9l5PB2kyEUSGqC7CYNo1tuN","file"
"SCANFI_spsCC_POPU_GRA_1990_v2_20260119.tif.ovr","SCANFI_v2/1990/SCANFI_spsCC_POPU_GRA_1990_v2_20260119.tif.ovr","https://object-arbutus.cloud.computecanada.ca/predictiveecology/SCANFI_v2/1990/SCANFI_spsCC_POPU_GRA_1990_v2_20260119.tif.ovr","1TiTMewHsCBAgMtEcE1qB-Dah8Qq8fA3v","file"
"SCANFI_spsCC_POPU_TRE_1990_v2_20260119.tif","SCANFI_v2/1990/SCANFI_spsCC_POPU_TRE_1990_v2_20260119.tif","https://object-arbutus.cloud.computecanada.ca/predictiveecology/SCANFI_v2/1990/SCANFI_spsCC_POPU_TRE_1990_v2_20260119.tif","1aTAA7_4Xsag6GEHSj4laNWeZ8hribFYT","file"
"SCANFI_spsCC_POPU_TRE_1990_v2_20260119.tif.aux.xml","SCANFI_v2/1990/SCANFI_spsCC_POPU_TRE_1990_v2_20260119.tif.aux.xml","https://object-arbutus.cloud.computecanada.ca/predictiveecology/SCANFI_v2/1990/SCANFI_spsCC_POPU_TRE_1990_v2_20260119.tif.aux.xml","1MeJ6Zs8t0prb8GWDSklVBIdIlqNlvpkk","file"
"SCANFI_spsCC_POPU_TRE_1990_v2_20260119.tif.ovr","SCANFI_v2/1990/SCANFI_spsCC_POPU_TRE_1990_v2_20260119.tif.ovr","https://object-arbutus.cloud.computecanada.ca/predictiveecology/SCANFI_v2/1990/SCANFI_spsCC_POPU_TRE_1990_v2_20260119.tif.ovr","1bT8T6Km6EKw4rQg0Ju_7pLfpshuqH5cl","file"
"SCANFI_spsCC_prcB_other_1990_v2_20260119.tif","SCANFI_v2/1990/SCANFI_spsCC_prcB_other_1990_v2_20260119.tif","https://object-arbutus.cloud.computecanada.ca/predictiveecology/SCANFI_v2/1990/SCANFI_spsCC_prcB_other_1990_v2_20260119.tif","1ZJC8KzX6EwmZm7MQnh0nbRYamZrygesS","file"
"SCANFI_spsCC_prcB_other_1990_v2_20260119.tif.aux.xml","SCANFI_v2/1990/SCANFI_spsCC_prcB_other_1990_v2_20260119.tif.aux.xml","https://object-arbutus.cloud.computecanada.ca/predictiveecology/SCANFI_v2/1990/SCANFI_spsCC_prcB_other_1990_v2_20260119.tif.aux.xml","1EMhOBrhSbO5-L0kLr8nFESUFmtPbJmfu","file"
"SCANFI_spsCC_prcB_other_1990_v2_20260119.tif.ovr","SCANFI_v2/1990/SCANFI_spsCC_prcB_other_1990_v2_20260119.tif.ovr","https://object-arbutus.cloud.computecanada.ca/predictiveecology/SCANFI_v2/1990/SCANFI_spsCC_prcB_other_1990_v2_20260119.tif.ovr","1zHnrinv8UwzW5SwaQkycUwHrbIAE91g4","file"
"SCANFI_spsCC_prcC_other_1990_v2_20260119.tif","SCANFI_v2/1990/SCANFI_spsCC_prcC_other_1990_v2_20260119.tif","https://object-arbutus.cloud.computecanada.ca/predictiveecology/SCANFI_v2/1990/SCANFI_spsCC_prcC_other_1990_v2_20260119.tif","13kXjg2dlCEaQ3XjBENqzsPc4CP0Ki9bx","file"
"SCANFI_spsCC_prcC_other_1990_v2_20260119.tif.aux.xml","SCANFI_v2/1990/SCANFI_spsCC_prcC_other_1990_v2_20260119.tif.aux.xml","https://object-arbutus.cloud.computecanada.ca/predictiveecology/SCANFI_v2/1990/SCANFI_spsCC_prcC_other_1990_v2_20260119.tif.aux.xml","1dv5D18gVNPFpOJjDHEqGeH38hOIZq1xO","file"
"SCANFI_spsCC_prcC_other_1990_v2_20260119.tif.ovr","SCANFI_v2/1990/SCANFI_spsCC_prcC_other_1990_v2_20260119.tif.ovr","https://object-arbutus.cloud.computecanada.ca/predictiveecology/SCANFI_v2/1990/SCANFI_spsCC_prcC_other_1990_v2_20260119.tif.ovr","1OHuVKuBBQYsQcbRmqZax2zDoFS7XgJvo","file"
"SCANFI_spsCC_PSEU_MEN_1990_v2_20260119.tif","SCANFI_v2/1990/SCANFI_spsCC_PSEU_MEN_1990_v2_20260119.tif","https://object-arbutus.cloud.computecanada.ca/predictiveecology/SCANFI_v2/1990/SCANFI_spsCC_PSEU_MEN_1990_v2_20260119.tif","1dUvvb6GBOHLg3OinW0Ii-UC6lI7VkZWl","file"
"SCANFI_spsCC_PSEU_MEN_1990_v2_20260119.tif.aux.xml","SCANFI_v2/1990/SCANFI_spsCC_PSEU_MEN_1990_v2_20260119.tif.aux.xml","https://object-arbutus.cloud.computecanada.ca/predictiveecology/SCANFI_v2/1990/SCANFI_spsCC_PSEU_MEN_1990_v2_20260119.tif.aux.xml","14bToPUQ1bG9wCptF37YpoNalfOnEVKvY","file"
"SCANFI_spsCC_PSEU_MEN_1990_v2_20260119.tif.ovr","SCANFI_v2/1990/SCANFI_spsCC_PSEU_MEN_1990_v2_20260119.tif.ovr","https://object-arbutus.cloud.computecanada.ca/predictiveecology/SCANFI_v2/1990/SCANFI_spsCC_PSEU_MEN_1990_v2_20260119.tif.ovr","1G_7Ys6vLHDfHorD3gpGWDXUXnbVJR7-L","file"
"SCANFI_spsCC_PSEU_MEN_GLA_1990_v2_20260119.tif","SCANFI_v2/1990/SCANFI_spsCC_PSEU_MEN_GLA_1990_v2_20260119.tif","https://object-arbutus.cloud.computecanada.ca/predictiveecology/SCANFI_v2/1990/SCANFI_spsCC_PSEU_MEN_GLA_1990_v2_20260119.tif","1cdgOiFZvwUJ1Voo339PgbpVgc-klO4qC","file"
"SCANFI_spsCC_PSEU_MEN_GLA_1990_v2_20260119.tif.aux.xml","SCANFI_v2/1990/SCANFI_spsCC_PSEU_MEN_GLA_1990_v2_20260119.tif.aux.xml","https://object-arbutus.cloud.computecanada.ca/predictiveecology/SCANFI_v2/1990/SCANFI_spsCC_PSEU_MEN_GLA_1990_v2_20260119.tif.aux.xml","10NFTmhI-orjcqhZWEftFsXIVpJG7Q9JA","file"
"SCANFI_spsCC_PSEU_MEN_GLA_1990_v2_20260119.tif.ovr","SCANFI_v2/1990/SCANFI_spsCC_PSEU_MEN_GLA_1990_v2_20260119.tif.ovr","https://object-arbutus.cloud.computecanada.ca/predictiveecology/SCANFI_v2/1990/SCANFI_spsCC_PSEU_MEN_GLA_1990_v2_20260119.tif.ovr","1-hGHeN-D9d3Db8QrrBZ-GHae45cgL2dz","file"
"SCANFI_spsCC_PSEU_MEN_MEN_1990_v2_20260119.tif","SCANFI_v2/1990/SCANFI_spsCC_PSEU_MEN_MEN_1990_v2_20260119.tif","https://object-arbutus.cloud.computecanada.ca/predictiveecology/SCANFI_v2/1990/SCANFI_spsCC_PSEU_MEN_MEN_1990_v2_20260119.tif","1-PDhZI4jALvBZHelntwyIJhGtq0O27wp","file"
"SCANFI_spsCC_PSEU_MEN_MEN_1990_v2_20260119.tif.aux.xml","SCANFI_v2/1990/SCANFI_spsCC_PSEU_MEN_MEN_1990_v2_20260119.tif.aux.xml","https://object-arbutus.cloud.computecanada.ca/predictiveecology/SCANFI_v2/1990/SCANFI_spsCC_PSEU_MEN_MEN_1990_v2_20260119.tif.aux.xml","1uKTKkGM_2eXvsXjalJmFZkPapscXTV99","file"
"SCANFI_spsCC_PSEU_MEN_MEN_1990_v2_20260119.tif.ovr","SCANFI_v2/1990/SCANFI_spsCC_PSEU_MEN_MEN_1990_v2_20260119.tif.ovr","https://object-arbutus.cloud.computecanada.ca/predictiveecology/SCANFI_v2/1990/SCANFI_spsCC_PSEU_MEN_MEN_1990_v2_20260119.tif.ovr","1xlyRgcfVmCeJpH1_m05zEDoN5rMTr7EY","file"
"SCANFI_spsCC_QUER_RUB_1990_v2_20260119.tif","SCANFI_v2/1990/SCANFI_spsCC_QUER_RUB_1990_v2_20260119.tif","https://object-arbutus.cloud.computecanada.ca/predictiveecology/SCANFI_v2/1990/SCANFI_spsCC_QUER_RUB_1990_v2_20260119.tif","1nUhs6X5p_3mqx2nVh8Eutjg36zHxWUt-","file"
"SCANFI_spsCC_QUER_RUB_1990_v2_20260119.tif.aux.xml","SCANFI_v2/1990/SCANFI_spsCC_QUER_RUB_1990_v2_20260119.tif.aux.xml","https://object-arbutus.cloud.computecanada.ca/predictiveecology/SCANFI_v2/1990/SCANFI_spsCC_QUER_RUB_1990_v2_20260119.tif.aux.xml","1nRkbZspexaunhGsXj3lnFXxGCz8mC8W_","file"
"SCANFI_spsCC_QUER_RUB_1990_v2_20260119.tif.ovr","SCANFI_v2/1990/SCANFI_spsCC_QUER_RUB_1990_v2_20260119.tif.ovr","https://object-arbutus.cloud.computecanada.ca/predictiveecology/SCANFI_v2/1990/SCANFI_spsCC_QUER_RUB_1990_v2_20260119.tif.ovr","18lKUbGaYMxAvQ3Nn-sKaQXir7PzPYm1X","file"
"SCANFI_spsCC_THUJ_OCC_1990_v2_20260119.tif","SCANFI_v2/1990/SCANFI_spsCC_THUJ_OCC_1990_v2_20260119.tif","https://object-arbutus.cloud.computecanada.ca/predictiveecology/SCANFI_v2/1990/SCANFI_spsCC_THUJ_OCC_1990_v2_20260119.tif","1Tn-xCLkMI4TYhD8yX_D9-eDexTZyI7N6","file"
"SCANFI_spsCC_THUJ_OCC_1990_v2_20260119.tif.aux.xml","SCANFI_v2/1990/SCANFI_spsCC_THUJ_OCC_1990_v2_20260119.tif.aux.xml","https://object-arbutus.cloud.computecanada.ca/predictiveecology/SCANFI_v2/1990/SCANFI_spsCC_THUJ_OCC_1990_v2_20260119.tif.aux.xml","1nnZmgzuErJ0af4s2HuHC--TTt5d2Bf03","file"
"SCANFI_spsCC_THUJ_OCC_1990_v2_20260119.tif.ovr","SCANFI_v2/1990/SCANFI_spsCC_THUJ_OCC_1990_v2_20260119.tif.ovr","https://object-arbutus.cloud.computecanada.ca/predictiveecology/SCANFI_v2/1990/SCANFI_spsCC_THUJ_OCC_1990_v2_20260119.tif.ovr","1D7D_pEqunxSDdLgmjNSRNXDQjb6QvOmV","file"
"SCANFI_spsCC_THUJ_PLI_1990_v2_20260119.tif","SCANFI_v2/1990/SCANFI_spsCC_THUJ_PLI_1990_v2_20260119.tif","https://object-arbutus.cloud.computecanada.ca/predictiveecology/SCANFI_v2/1990/SCANFI_spsCC_THUJ_PLI_1990_v2_20260119.tif","1F_L1mZp2bqsVAljS07nreXwF79wzauWm","file"
"SCANFI_spsCC_THUJ_PLI_1990_v2_20260119.tif.aux.xml","SCANFI_v2/1990/SCANFI_spsCC_THUJ_PLI_1990_v2_20260119.tif.aux.xml","https://object-arbutus.cloud.computecanada.ca/predictiveecology/SCANFI_v2/1990/SCANFI_spsCC_THUJ_PLI_1990_v2_20260119.tif.aux.xml","13p28T6Ru5srCft4JKN7TpvcgeRKNHPLf","file"
"SCANFI_spsCC_THUJ_PLI_1990_v2_20260119.tif.ovr","SCANFI_v2/1990/SCANFI_spsCC_THUJ_PLI_1990_v2_20260119.tif.ovr","https://object-arbutus.cloud.computecanada.ca/predictiveecology/SCANFI_v2/1990/SCANFI_spsCC_THUJ_PLI_1990_v2_20260119.tif.ovr","1vLKfzrh2Q-6uXVXjrE7svRyd0KcdfT02","file"
"SCANFI_spsCC_TSUG_CAN_1990_v2_20260119.tif","SCANFI_v2/1990/SCANFI_spsCC_TSUG_CAN_1990_v2_20260119.tif","https://object-arbutus.cloud.computecanada.ca/predictiveecology/SCANFI_v2/1990/SCANFI_spsCC_TSUG_CAN_1990_v2_20260119.tif","1n9dXvG9iqDetqnbbD_GyBSz7oc74T3jb","file"
"SCANFI_spsCC_TSUG_CAN_1990_v2_20260119.tif.aux.xml","SCANFI_v2/1990/SCANFI_spsCC_TSUG_CAN_1990_v2_20260119.tif.aux.xml","https://object-arbutus.cloud.computecanada.ca/predictiveecology/SCANFI_v2/1990/SCANFI_spsCC_TSUG_CAN_1990_v2_20260119.tif.aux.xml","1QqFun3n5iAuEkAl6ipRJCTpDP6bzygn5","file"
"SCANFI_spsCC_TSUG_CAN_1990_v2_20260119.tif.ovr","SCANFI_v2/1990/SCANFI_spsCC_TSUG_CAN_1990_v2_20260119.tif.ovr","https://object-arbutus.cloud.computecanada.ca/predictiveecology/SCANFI_v2/1990/SCANFI_spsCC_TSUG_CAN_1990_v2_20260119.tif.ovr","1jy6bOS-JfDdHF9GY88qN0EseuhWQTTn0","file"
"SCANFI_spsCC_TSUG_HET_1990_v2_20260119.tif","SCANFI_v2/1990/SCANFI_spsCC_TSUG_HET_1990_v2_20260119.tif","https://object-arbutus.cloud.computecanada.ca/predictiveecology/SCANFI_v2/1990/SCANFI_spsCC_TSUG_HET_1990_v2_20260119.tif","1JOH3KQLBmCbxf7GOf0Tbu-bf9Jp3609S","file"
"SCANFI_spsCC_TSUG_HET_1990_v2_20260119.tif.aux.xml","SCANFI_v2/1990/SCANFI_spsCC_TSUG_HET_1990_v2_20260119.tif.aux.xml","https://object-arbutus.cloud.computecanada.ca/predictiveecology/SCANFI_v2/1990/SCANFI_spsCC_TSUG_HET_1990_v2_20260119.tif.aux.xml","1x8ZBpFlAuWKi3x4NF00qAifWq1ioJm3e","file"
"SCANFI_spsCC_TSUG_HET_1990_v2_20260119.tif.ovr","SCANFI_v2/1990/SCANFI_spsCC_TSUG_HET_1990_v2_20260119.tif.ovr","https://object-arbutus.cloud.computecanada.ca/predictiveecology/SCANFI_v2/1990/SCANFI_spsCC_TSUG_HET_1990_v2_20260119.tif.ovr","1M6I6L4FkAXz3RSslc5QpwRqWieMdwNKb","file"
"SCANFI_spsCC_TSUG_MER_1990_v2_20260119.tif","SCANFI_v2/1990/SCANFI_spsCC_TSUG_MER_1990_v2_20260119.tif","https://object-arbutus.cloud.computecanada.ca/predictiveecology/SCANFI_v2/1990/SCANFI_spsCC_TSUG_MER_1990_v2_20260119.tif","1cxOnPrsgh4L7Mi-ZDwF6JdvQ4WnznJiu","file"
"SCANFI_spsCC_TSUG_MER_1990_v2_20260119.tif.aux.xml","SCANFI_v2/1990/SCANFI_spsCC_TSUG_MER_1990_v2_20260119.tif.aux.xml","https://object-arbutus.cloud.computecanada.ca/predictiveecology/SCANFI_v2/1990/SCANFI_spsCC_TSUG_MER_1990_v2_20260119.tif.aux.xml","1DlXY0sBUqxIhJStSCyAk1efx82QhJf73","file"
"SCANFI_spsCC_TSUG_MER_1990_v2_20260119.tif.ovr","SCANFI_v2/1990/SCANFI_spsCC_TSUG_MER_1990_v2_20260119.tif.ovr","https://object-arbutus.cloud.computecanada.ca/predictiveecology/SCANFI_v2/1990/SCANFI_spsCC_TSUG_MER_1990_v2_20260119.tif.ovr","1UDzSygHExn-AmfzAruZYBrIKLOGLy2UV","file"
"SCANFI_age_median_1995_v2_20260119.tif","SCANFI_v2/1995/SCANFI_age_median_1995_v2_20260119.tif","https://object-arbutus.cloud.computecanada.ca/predictiveecology/SCANFI_v2/1995/SCANFI_age_median_1995_v2_20260119.tif","12aqGD4YQKrZXUrzSPIOz2DcVY00mQZAT","file"
"SCANFI_att_biomass_1995_v2_20260119.tif","SCANFI_v2/1995/SCANFI_att_biomass_1995_v2_20260119.tif","https://object-arbutus.cloud.computecanada.ca/predictiveecology/SCANFI_v2/1995/SCANFI_att_biomass_1995_v2_20260119.tif","1KdR4k9Bb95-Y2pFCTBCkuC9yIepE8bK6","file"
"SCANFI_att_closure_1995_v2_20260119.tif","SCANFI_v2/1995/SCANFI_att_closure_1995_v2_20260119.tif","https://object-arbutus.cloud.computecanada.ca/predictiveecology/SCANFI_v2/1995/SCANFI_att_closure_1995_v2_20260119.tif","1x9yRwiPFJgN01I8y8OkduqEFHGaN8iLB","file"
"SCANFI_att_height_1995_v2_20260119.tif","SCANFI_v2/1995/SCANFI_att_height_1995_v2_20260119.tif","https://object-arbutus.cloud.computecanada.ca/predictiveecology/SCANFI_v2/1995/SCANFI_att_height_1995_v2_20260119.tif","1G5L96tnxFOliJIz5BC0953xZedqiS7sN","file"
"SCANFI_att_nfiLandcover_1995_v2_20260119.tif","SCANFI_v2/1995/SCANFI_att_nfiLandcover_1995_v2_20260119.tif","https://object-arbutus.cloud.computecanada.ca/predictiveecology/SCANFI_v2/1995/SCANFI_att_nfiLandcover_1995_v2_20260119.tif","1GijrLGkMwnbBA5Y6gfto5CxgeNOrBbjU","file"
"SCANFI_att_nfiLandcover_CanadaLCCclassCodes_1995_v2_20260119.tif","SCANFI_v2/1995/SCANFI_att_nfiLandcover_CanadaLCCclassCodes_1995_v2_20260119.tif","https://object-arbutus.cloud.computecanada.ca/predictiveecology/SCANFI_v2/1995/SCANFI_att_nfiLandcover_CanadaLCCclassCodes_1995_v2_20260119.tif","15pvm2h9X6dreC9rKuC3oxr4c3hHsYRkI","file"
"SCANFI_spsCC_ABIE_AMA_1995_v2_20260119.tif","SCANFI_v2/1995/SCANFI_spsCC_ABIE_AMA_1995_v2_20260119.tif","https://object-arbutus.cloud.computecanada.ca/predictiveecology/SCANFI_v2/1995/SCANFI_spsCC_ABIE_AMA_1995_v2_20260119.tif","1cWvBdZzUJng908DAa2i5V2Zp7wz-NtRS","file"
"SCANFI_spsCC_ABIE_AMA_1995_v2_20260119.tif.aux.xml","SCANFI_v2/1995/SCANFI_spsCC_ABIE_AMA_1995_v2_20260119.tif.aux.xml","https://object-arbutus.cloud.computecanada.ca/predictiveecology/SCANFI_v2/1995/SCANFI_spsCC_ABIE_AMA_1995_v2_20260119.tif.aux.xml","1ljPssiYFS_OfP72yEm3PSJ77ZoJUKkgE","file"
"SCANFI_spsCC_ABIE_AMA_1995_v2_20260119.tif.ovr","SCANFI_v2/1995/SCANFI_spsCC_ABIE_AMA_1995_v2_20260119.tif.ovr","https://object-arbutus.cloud.computecanada.ca/predictiveecology/SCANFI_v2/1995/SCANFI_spsCC_ABIE_AMA_1995_v2_20260119.tif.ovr","1G98L5mZvn8RvBSNKn6UTktIXKSO85v2e","file"
"SCANFI_spsCC_ABIE_BAL_1995_v2_20260119.tif","SCANFI_v2/1995/SCANFI_spsCC_ABIE_BAL_1995_v2_20260119.tif","https://object-arbutus.cloud.computecanada.ca/predictiveecology/SCANFI_v2/1995/SCANFI_spsCC_ABIE_BAL_1995_v2_20260119.tif","1YFzBPjVWoFmI7BT12LWFIQlPllcl3NQH","file"
"SCANFI_spsCC_ABIE_BAL_1995_v2_20260119.tif.aux.xml","SCANFI_v2/1995/SCANFI_spsCC_ABIE_BAL_1995_v2_20260119.tif.aux.xml","https://object-arbutus.cloud.computecanada.ca/predictiveecology/SCANFI_v2/1995/SCANFI_spsCC_ABIE_BAL_1995_v2_20260119.tif.aux.xml","1KMDUlfyJDo7z8koVB6Q8pvYjBiEwKL08","file"
"SCANFI_spsCC_ABIE_BAL_1995_v2_20260119.tif.ovr","SCANFI_v2/1995/SCANFI_spsCC_ABIE_BAL_1995_v2_20260119.tif.ovr","https://object-arbutus.cloud.computecanada.ca/predictiveecology/SCANFI_v2/1995/SCANFI_spsCC_ABIE_BAL_1995_v2_20260119.tif.ovr","1jTGe99JKQsASJuyOqlc6kKR-eFjnW_Na","file"
"SCANFI_spsCC_ABIE_LAS_1995_v2_20260119.tif","SCANFI_v2/1995/SCANFI_spsCC_ABIE_LAS_1995_v2_20260119.tif","https://object-arbutus.cloud.computecanada.ca/predictiveecology/SCANFI_v2/1995/SCANFI_spsCC_ABIE_LAS_1995_v2_20260119.tif","15ityqQg1_xANQbe73mdJnhOSn50iXi9j","file"
"SCANFI_spsCC_ABIE_LAS_1995_v2_20260119.tif.aux.xml","SCANFI_v2/1995/SCANFI_spsCC_ABIE_LAS_1995_v2_20260119.tif.aux.xml","https://object-arbutus.cloud.computecanada.ca/predictiveecology/SCANFI_v2/1995/SCANFI_spsCC_ABIE_LAS_1995_v2_20260119.tif.aux.xml","16Cu5B2rbZRtLieMecBvNExTtd82GGqCN","file"
"SCANFI_spsCC_ABIE_LAS_1995_v2_20260119.tif.ovr","SCANFI_v2/1995/SCANFI_spsCC_ABIE_LAS_1995_v2_20260119.tif.ovr","https://object-arbutus.cloud.computecanada.ca/predictiveecology/SCANFI_v2/1995/SCANFI_spsCC_ABIE_LAS_1995_v2_20260119.tif.ovr","1MqH-qlwFnpLfeg5D0is3nCg52VYh21Tf","file"
"SCANFI_spsCC_ACER_RUB_1995_v2_20260119.tif","SCANFI_v2/1995/SCANFI_spsCC_ACER_RUB_1995_v2_20260119.tif","https://object-arbutus.cloud.computecanada.ca/predictiveecology/SCANFI_v2/1995/SCANFI_spsCC_ACER_RUB_1995_v2_20260119.tif","1j989uoNCafYL-QcU7FTK3qSDI9ukzDWK","file"
"SCANFI_spsCC_ACER_RUB_1995_v2_20260119.tif.aux.xml","SCANFI_v2/1995/SCANFI_spsCC_ACER_RUB_1995_v2_20260119.tif.aux.xml","https://object-arbutus.cloud.computecanada.ca/predictiveecology/SCANFI_v2/1995/SCANFI_spsCC_ACER_RUB_1995_v2_20260119.tif.aux.xml","1wLGYzaH5p0rpOWKoWwjpXCUPz32eFRNB","file"
"SCANFI_spsCC_ACER_RUB_1995_v2_20260119.tif.ovr","SCANFI_v2/1995/SCANFI_spsCC_ACER_RUB_1995_v2_20260119.tif.ovr","https://object-arbutus.cloud.computecanada.ca/predictiveecology/SCANFI_v2/1995/SCANFI_spsCC_ACER_RUB_1995_v2_20260119.tif.ovr","1eSN5n1HV-XLsJnZjL8MYT-MBH2pGOwzu","file"
"SCANFI_spsCC_ACER_SAH_1995_v2_20260119.tif","SCANFI_v2/1995/SCANFI_spsCC_ACER_SAH_1995_v2_20260119.tif","https://object-arbutus.cloud.computecanada.ca/predictiveecology/SCANFI_v2/1995/SCANFI_spsCC_ACER_SAH_1995_v2_20260119.tif","11fdPiIdJQP8bc6JW-rRCiGdKvJLMmxz2","file"
"SCANFI_spsCC_ACER_SAH_1995_v2_20260119.tif.aux.xml","SCANFI_v2/1995/SCANFI_spsCC_ACER_SAH_1995_v2_20260119.tif.aux.xml","https://object-arbutus.cloud.computecanada.ca/predictiveecology/SCANFI_v2/1995/SCANFI_spsCC_ACER_SAH_1995_v2_20260119.tif.aux.xml","1GZXDu1oq_2baCMQqyn-gIlbfO2rQc7Pm","file"
"SCANFI_spsCC_ACER_SAH_1995_v2_20260119.tif.ovr","SCANFI_v2/1995/SCANFI_spsCC_ACER_SAH_1995_v2_20260119.tif.ovr","https://object-arbutus.cloud.computecanada.ca/predictiveecology/SCANFI_v2/1995/SCANFI_spsCC_ACER_SAH_1995_v2_20260119.tif.ovr","1ETbcsO2SR3g5zYmVsKGZ8XsKtl6CEGxm","file"
"SCANFI_spsCC_ALNU_RUB_1995_v2_20260119.tif","SCANFI_v2/1995/SCANFI_spsCC_ALNU_RUB_1995_v2_20260119.tif","https://object-arbutus.cloud.computecanada.ca/predictiveecology/SCANFI_v2/1995/SCANFI_spsCC_ALNU_RUB_1995_v2_20260119.tif","1itp6WIRm9wMJdEeIKjU5mYY3xCMUF_J2","file"
"SCANFI_spsCC_ALNU_RUB_1995_v2_20260119.tif.aux.xml","SCANFI_v2/1995/SCANFI_spsCC_ALNU_RUB_1995_v2_20260119.tif.aux.xml","https://object-arbutus.cloud.computecanada.ca/predictiveecology/SCANFI_v2/1995/SCANFI_spsCC_ALNU_RUB_1995_v2_20260119.tif.aux.xml","1TI1Smx3cLa5Cr_WxclEVy457qEMXnSlB","file"
"SCANFI_spsCC_ALNU_RUB_1995_v2_20260119.tif.ovr","SCANFI_v2/1995/SCANFI_spsCC_ALNU_RUB_1995_v2_20260119.tif.ovr","https://object-arbutus.cloud.computecanada.ca/predictiveecology/SCANFI_v2/1995/SCANFI_spsCC_ALNU_RUB_1995_v2_20260119.tif.ovr","1JkDYHI4QwVJrDU8A40JbWiC2kmiuVB8Q","file"
"SCANFI_spsCC_BETU_ALL_1995_v2_20260119.tif","SCANFI_v2/1995/SCANFI_spsCC_BETU_ALL_1995_v2_20260119.tif","https://object-arbutus.cloud.computecanada.ca/predictiveecology/SCANFI_v2/1995/SCANFI_spsCC_BETU_ALL_1995_v2_20260119.tif","195nfYx9tJz1NYNsGCC7W2hnfxzxFpt-l","file"
"SCANFI_spsCC_BETU_ALL_1995_v2_20260119.tif.aux.xml","SCANFI_v2/1995/SCANFI_spsCC_BETU_ALL_1995_v2_20260119.tif.aux.xml","https://object-arbutus.cloud.computecanada.ca/predictiveecology/SCANFI_v2/1995/SCANFI_spsCC_BETU_ALL_1995_v2_20260119.tif.aux.xml","1X-UmfEuTL2lFO1hqLyvQUlHH6NCbSGvF","file"
"SCANFI_spsCC_BETU_ALL_1995_v2_20260119.tif.ovr","SCANFI_v2/1995/SCANFI_spsCC_BETU_ALL_1995_v2_20260119.tif.ovr","https://object-arbutus.cloud.computecanada.ca/predictiveecology/SCANFI_v2/1995/SCANFI_spsCC_BETU_ALL_1995_v2_20260119.tif.ovr","1VnVtd0mIuaz0BJopEt6-_zRUAgFvqDd-","file"
"SCANFI_spsCC_BETU_PAP_1995_v2_20260119.tif","SCANFI_v2/1995/SCANFI_spsCC_BETU_PAP_1995_v2_20260119.tif","https://object-arbutus.cloud.computecanada.ca/predictiveecology/SCANFI_v2/1995/SCANFI_spsCC_BETU_PAP_1995_v2_20260119.tif","1RMRBzU3yTNbZ4KcYkS0MhV5WVb_RzxJO","file"
"SCANFI_spsCC_BETU_PAP_1995_v2_20260119.tif.aux.xml","SCANFI_v2/1995/SCANFI_spsCC_BETU_PAP_1995_v2_20260119.tif.aux.xml","https://object-arbutus.cloud.computecanada.ca/predictiveecology/SCANFI_v2/1995/SCANFI_spsCC_BETU_PAP_1995_v2_20260119.tif.aux.xml","19miRdcu-5Ci6zZRUIYGWhX6apVe8cQJ_","file"
"SCANFI_spsCC_BETU_PAP_1995_v2_20260119.tif.ovr","SCANFI_v2/1995/SCANFI_spsCC_BETU_PAP_1995_v2_20260119.tif.ovr","https://object-arbutus.cloud.computecanada.ca/predictiveecology/SCANFI_v2/1995/SCANFI_spsCC_BETU_PAP_1995_v2_20260119.tif.ovr","1YTp6Am729eU2-S-oWOwrppGDcFvUhZeh","file"
"SCANFI_spsCC_CHAM_NOO_1995_v2_20260119.tif","SCANFI_v2/1995/SCANFI_spsCC_CHAM_NOO_1995_v2_20260119.tif","https://object-arbutus.cloud.computecanada.ca/predictiveecology/SCANFI_v2/1995/SCANFI_spsCC_CHAM_NOO_1995_v2_20260119.tif","1Yq7GwcvofdUe3aRh_Ee8YMqSkJHlhYKW","file"
"SCANFI_spsCC_CHAM_NOO_1995_v2_20260119.tif.aux.xml","SCANFI_v2/1995/SCANFI_spsCC_CHAM_NOO_1995_v2_20260119.tif.aux.xml","https://object-arbutus.cloud.computecanada.ca/predictiveecology/SCANFI_v2/1995/SCANFI_spsCC_CHAM_NOO_1995_v2_20260119.tif.aux.xml","1eWWFzyMT8TCu6l6NjV3LHXyMLvN7pTwh","file"
"SCANFI_spsCC_CHAM_NOO_1995_v2_20260119.tif.ovr","SCANFI_v2/1995/SCANFI_spsCC_CHAM_NOO_1995_v2_20260119.tif.ovr","https://object-arbutus.cloud.computecanada.ca/predictiveecology/SCANFI_v2/1995/SCANFI_spsCC_CHAM_NOO_1995_v2_20260119.tif.ovr","1PNipmH7Up1WsJnrz1zsYbI6r9hANXA7t","file"
"SCANFI_spsCC_FAGU_GRA_1995_v2_20260119.tif","SCANFI_v2/1995/SCANFI_spsCC_FAGU_GRA_1995_v2_20260119.tif","https://object-arbutus.cloud.computecanada.ca/predictiveecology/SCANFI_v2/1995/SCANFI_spsCC_FAGU_GRA_1995_v2_20260119.tif","17Re5KnasQdnX85t4wvZsddf--BrglEqR","file"
"SCANFI_spsCC_FAGU_GRA_1995_v2_20260119.tif.aux.xml","SCANFI_v2/1995/SCANFI_spsCC_FAGU_GRA_1995_v2_20260119.tif.aux.xml","https://object-arbutus.cloud.computecanada.ca/predictiveecology/SCANFI_v2/1995/SCANFI_spsCC_FAGU_GRA_1995_v2_20260119.tif.aux.xml","1sq1PRhPnYA0Hu6jVhB3BhOYviJgc2uQb","file"
"SCANFI_spsCC_FAGU_GRA_1995_v2_20260119.tif.ovr","SCANFI_v2/1995/SCANFI_spsCC_FAGU_GRA_1995_v2_20260119.tif.ovr","https://object-arbutus.cloud.computecanada.ca/predictiveecology/SCANFI_v2/1995/SCANFI_spsCC_FAGU_GRA_1995_v2_20260119.tif.ovr","1SLJIK--xygJ8dMhUR7Pg6W_yWBWfrVU4","file"
"SCANFI_spsCC_FRAX_AME_1995_v2_20260119.tif","SCANFI_v2/1995/SCANFI_spsCC_FRAX_AME_1995_v2_20260119.tif","https://object-arbutus.cloud.computecanada.ca/predictiveecology/SCANFI_v2/1995/SCANFI_spsCC_FRAX_AME_1995_v2_20260119.tif","11LmJUsYDazD4mVkpkCoUZu4LpjT0oOO-","file"
"SCANFI_spsCC_FRAX_AME_1995_v2_20260119.tif.aux.xml","SCANFI_v2/1995/SCANFI_spsCC_FRAX_AME_1995_v2_20260119.tif.aux.xml","https://object-arbutus.cloud.computecanada.ca/predictiveecology/SCANFI_v2/1995/SCANFI_spsCC_FRAX_AME_1995_v2_20260119.tif.aux.xml","1vETw6scEt4CzCKsfTAd5ECr8Dxt2kjHu","file"
"SCANFI_spsCC_FRAX_AME_1995_v2_20260119.tif.ovr","SCANFI_v2/1995/SCANFI_spsCC_FRAX_AME_1995_v2_20260119.tif.ovr","https://object-arbutus.cloud.computecanada.ca/predictiveecology/SCANFI_v2/1995/SCANFI_spsCC_FRAX_AME_1995_v2_20260119.tif.ovr","1ZFMahEjzBB1O-7iZfPuY7vo7w_IjENVh","file"
"SCANFI_spsCC_LARI_LAR_1995_v2_20260119.tif","SCANFI_v2/1995/SCANFI_spsCC_LARI_LAR_1995_v2_20260119.tif","https://object-arbutus.cloud.computecanada.ca/predictiveecology/SCANFI_v2/1995/SCANFI_spsCC_LARI_LAR_1995_v2_20260119.tif","1GK5_DREAHuOvuLUmDAB7wptznKf9IIWe","file"
"SCANFI_spsCC_LARI_LAR_1995_v2_20260119.tif.aux.xml","SCANFI_v2/1995/SCANFI_spsCC_LARI_LAR_1995_v2_20260119.tif.aux.xml","https://object-arbutus.cloud.computecanada.ca/predictiveecology/SCANFI_v2/1995/SCANFI_spsCC_LARI_LAR_1995_v2_20260119.tif.aux.xml","1NzxfntDH3n4oRJWG-sD_n9vc7MDPBwI5","file"
"SCANFI_spsCC_LARI_LAR_1995_v2_20260119.tif.ovr","SCANFI_v2/1995/SCANFI_spsCC_LARI_LAR_1995_v2_20260119.tif.ovr","https://object-arbutus.cloud.computecanada.ca/predictiveecology/SCANFI_v2/1995/SCANFI_spsCC_LARI_LAR_1995_v2_20260119.tif.ovr","1EV5-gILZYywOwvplStQ9YLlofeGZxbjf","file"
"SCANFI_spsCC_LARI_OCC_1995_v2_20260119.tif","SCANFI_v2/1995/SCANFI_spsCC_LARI_OCC_1995_v2_20260119.tif","https://object-arbutus.cloud.computecanada.ca/predictiveecology/SCANFI_v2/1995/SCANFI_spsCC_LARI_OCC_1995_v2_20260119.tif","1iMtzhrsnE4iqPCjn5tzQSKSUnpF_Y3uZ","file"
"SCANFI_spsCC_LARI_OCC_1995_v2_20260119.tif.aux.xml","SCANFI_v2/1995/SCANFI_spsCC_LARI_OCC_1995_v2_20260119.tif.aux.xml","https://object-arbutus.cloud.computecanada.ca/predictiveecology/SCANFI_v2/1995/SCANFI_spsCC_LARI_OCC_1995_v2_20260119.tif.aux.xml","1S1OXqdXEG7n0348Phh8252FXH81dM__X","file"
"SCANFI_spsCC_LARI_OCC_1995_v2_20260119.tif.ovr","SCANFI_v2/1995/SCANFI_spsCC_LARI_OCC_1995_v2_20260119.tif.ovr","https://object-arbutus.cloud.computecanada.ca/predictiveecology/SCANFI_v2/1995/SCANFI_spsCC_LARI_OCC_1995_v2_20260119.tif.ovr","1p30uPAMvvnmVaB29-lNLJgBUrhe3psjb","file"
"SCANFI_spsCC_PICE_ENG_1995_v2_20260119.tif","SCANFI_v2/1995/SCANFI_spsCC_PICE_ENG_1995_v2_20260119.tif","https://object-arbutus.cloud.computecanada.ca/predictiveecology/SCANFI_v2/1995/SCANFI_spsCC_PICE_ENG_1995_v2_20260119.tif","1xLyoUtck7Gy_kNCktUSMEKO5Af03eSej","file"
"SCANFI_spsCC_PICE_ENG_1995_v2_20260119.tif.aux.xml","SCANFI_v2/1995/SCANFI_spsCC_PICE_ENG_1995_v2_20260119.tif.aux.xml","https://object-arbutus.cloud.computecanada.ca/predictiveecology/SCANFI_v2/1995/SCANFI_spsCC_PICE_ENG_1995_v2_20260119.tif.aux.xml","1mdwgS3dbK-TPvBGIp0Ro3mYCr0rOsqkg","file"
"SCANFI_spsCC_PICE_ENG_1995_v2_20260119.tif.ovr","SCANFI_v2/1995/SCANFI_spsCC_PICE_ENG_1995_v2_20260119.tif.ovr","https://object-arbutus.cloud.computecanada.ca/predictiveecology/SCANFI_v2/1995/SCANFI_spsCC_PICE_ENG_1995_v2_20260119.tif.ovr","1QNykALgterZMqaTZzLsU4yCYrL-ocoDC","file"
"SCANFI_spsCC_PICE_ENG_GLA_1995_v2_20260119.tif","SCANFI_v2/1995/SCANFI_spsCC_PICE_ENG_GLA_1995_v2_20260119.tif","https://object-arbutus.cloud.computecanada.ca/predictiveecology/SCANFI_v2/1995/SCANFI_spsCC_PICE_ENG_GLA_1995_v2_20260119.tif","1jYDUhb8QziKA4sxYP1mv0tZObK-zmj4k","file"
"SCANFI_spsCC_PICE_ENG_GLA_1995_v2_20260119.tif.aux.xml","SCANFI_v2/1995/SCANFI_spsCC_PICE_ENG_GLA_1995_v2_20260119.tif.aux.xml","https://object-arbutus.cloud.computecanada.ca/predictiveecology/SCANFI_v2/1995/SCANFI_spsCC_PICE_ENG_GLA_1995_v2_20260119.tif.aux.xml",NA,"file"
"SCANFI_spsCC_PICE_ENG_GLA_1995_v2_20260119.tif.ovr","SCANFI_v2/1995/SCANFI_spsCC_PICE_ENG_GLA_1995_v2_20260119.tif.ovr","https://object-arbutus.cloud.computecanada.ca/predictiveecology/SCANFI_v2/1995/SCANFI_spsCC_PICE_ENG_GLA_1995_v2_20260119.tif.ovr","1fsViPHLGDkd_zVymCY-zF797rxrzwqnE","file"
"SCANFI_spsCC_PICE_GLA_1995_v2_20260119.tif","SCANFI_v2/1995/SCANFI_spsCC_PICE_GLA_1995_v2_20260119.tif","https://object-arbutus.cloud.computecanada.ca/predictiveecology/SCANFI_v2/1995/SCANFI_spsCC_PICE_GLA_1995_v2_20260119.tif","1iBMZPDW7LESuf5KT96XwwDkEg7hdnFbB","file"
"SCANFI_spsCC_PICE_GLA_1995_v2_20260119.tif.aux.xml","SCANFI_v2/1995/SCANFI_spsCC_PICE_GLA_1995_v2_20260119.tif.aux.xml","https://object-arbutus.cloud.computecanada.ca/predictiveecology/SCANFI_v2/1995/SCANFI_spsCC_PICE_GLA_1995_v2_20260119.tif.aux.xml","1AoUryYnCEXvZDTNmX2jrG6GPnVLp8QEI","file"
"SCANFI_spsCC_PICE_GLA_1995_v2_20260119.tif.ovr","SCANFI_v2/1995/SCANFI_spsCC_PICE_GLA_1995_v2_20260119.tif.ovr","https://object-arbutus.cloud.computecanada.ca/predictiveecology/SCANFI_v2/1995/SCANFI_spsCC_PICE_GLA_1995_v2_20260119.tif.ovr","1qBar-sSUD-fVy1EnM5nM1zPlM_8Z6XOM","file"
"SCANFI_spsCC_PICE_MAR_1995_v2_20260119.tif","SCANFI_v2/1995/SCANFI_spsCC_PICE_MAR_1995_v2_20260119.tif","https://object-arbutus.cloud.computecanada.ca/predictiveecology/SCANFI_v2/1995/SCANFI_spsCC_PICE_MAR_1995_v2_20260119.tif","10sWQVPndLDuDf04UDQSpYuU9lQIw2A6A","file"
"SCANFI_spsCC_PICE_MAR_1995_v2_20260119.tif.aux.xml","SCANFI_v2/1995/SCANFI_spsCC_PICE_MAR_1995_v2_20260119.tif.aux.xml","https://object-arbutus.cloud.computecanada.ca/predictiveecology/SCANFI_v2/1995/SCANFI_spsCC_PICE_MAR_1995_v2_20260119.tif.aux.xml","1CvleRcEJ-B_RqCMaL4sTlCVlh6Euwc1F","file"
"SCANFI_spsCC_PICE_MAR_1995_v2_20260119.tif.ovr","SCANFI_v2/1995/SCANFI_spsCC_PICE_MAR_1995_v2_20260119.tif.ovr","https://object-arbutus.cloud.computecanada.ca/predictiveecology/SCANFI_v2/1995/SCANFI_spsCC_PICE_MAR_1995_v2_20260119.tif.ovr","1RvCZ2i3ow8mjQmi18rhkoEm8Ea-ZwgI2","file"
"SCANFI_spsCC_PICE_RUB_1995_v2_20260119.tif","SCANFI_v2/1995/SCANFI_spsCC_PICE_RUB_1995_v2_20260119.tif","https://object-arbutus.cloud.computecanada.ca/predictiveecology/SCANFI_v2/1995/SCANFI_spsCC_PICE_RUB_1995_v2_20260119.tif","1XcSgzHBWVcioKUJCB99gzwZVdngDacwF","file"
"SCANFI_spsCC_PICE_RUB_1995_v2_20260119.tif.aux.xml","SCANFI_v2/1995/SCANFI_spsCC_PICE_RUB_1995_v2_20260119.tif.aux.xml","https://object-arbutus.cloud.computecanada.ca/predictiveecology/SCANFI_v2/1995/SCANFI_spsCC_PICE_RUB_1995_v2_20260119.tif.aux.xml","1L1REju2QQP1jE2vFXd8i1R83j7k_FYJ0","file"
"SCANFI_spsCC_PICE_RUB_1995_v2_20260119.tif.ovr","SCANFI_v2/1995/SCANFI_spsCC_PICE_RUB_1995_v2_20260119.tif.ovr","https://object-arbutus.cloud.computecanada.ca/predictiveecology/SCANFI_v2/1995/SCANFI_spsCC_PICE_RUB_1995_v2_20260119.tif.ovr","1_a9J4c5jN_1O-FjHmrK59VoVeEek_QpO","file"
"SCANFI_spsCC_PICE_SIT_1995_v2_20260119.tif","SCANFI_v2/1995/SCANFI_spsCC_PICE_SIT_1995_v2_20260119.tif","https://object-arbutus.cloud.computecanada.ca/predictiveecology/SCANFI_v2/1995/SCANFI_spsCC_PICE_SIT_1995_v2_20260119.tif","15LYKpec7HsdPMpnD8JY1smJIw_I1n17u","file"
"SCANFI_spsCC_PICE_SIT_1995_v2_20260119.tif.aux.xml","SCANFI_v2/1995/SCANFI_spsCC_PICE_SIT_1995_v2_20260119.tif.aux.xml","https://object-arbutus.cloud.computecanada.ca/predictiveecology/SCANFI_v2/1995/SCANFI_spsCC_PICE_SIT_1995_v2_20260119.tif.aux.xml","1dohvTfoxYzr3PXkoymy_tzKiYN0n3XoL","file"
"SCANFI_spsCC_PICE_SIT_1995_v2_20260119.tif.ovr","SCANFI_v2/1995/SCANFI_spsCC_PICE_SIT_1995_v2_20260119.tif.ovr","https://object-arbutus.cloud.computecanada.ca/predictiveecology/SCANFI_v2/1995/SCANFI_spsCC_PICE_SIT_1995_v2_20260119.tif.ovr","1_fWh8SqoFuF6372t8sYK6J0pA6Fso1dU","file"
"SCANFI_spsCC_PINU_BAN_1995_v2_20260119.tif","SCANFI_v2/1995/SCANFI_spsCC_PINU_BAN_1995_v2_20260119.tif","https://object-arbutus.cloud.computecanada.ca/predictiveecology/SCANFI_v2/1995/SCANFI_spsCC_PINU_BAN_1995_v2_20260119.tif","1Of906kwyanvVx_nn6j09e-_xY3WU7J-1","file"
"SCANFI_spsCC_PINU_BAN_1995_v2_20260119.tif.aux.xml","SCANFI_v2/1995/SCANFI_spsCC_PINU_BAN_1995_v2_20260119.tif.aux.xml","https://object-arbutus.cloud.computecanada.ca/predictiveecology/SCANFI_v2/1995/SCANFI_spsCC_PINU_BAN_1995_v2_20260119.tif.aux.xml","1NUO6FqFORDbXaiTeSIc2DL2ryMmmRTPp","file"
"SCANFI_spsCC_PINU_BAN_1995_v2_20260119.tif.ovr","SCANFI_v2/1995/SCANFI_spsCC_PINU_BAN_1995_v2_20260119.tif.ovr","https://object-arbutus.cloud.computecanada.ca/predictiveecology/SCANFI_v2/1995/SCANFI_spsCC_PINU_BAN_1995_v2_20260119.tif.ovr","1Urr7k99eKx2aDrL-BpJOm23G15K9b61F","file"
"SCANFI_spsCC_PINU_CON_CON_1995_v2_20260119.tif","SCANFI_v2/1995/SCANFI_spsCC_PINU_CON_CON_1995_v2_20260119.tif","https://object-arbutus.cloud.computecanada.ca/predictiveecology/SCANFI_v2/1995/SCANFI_spsCC_PINU_CON_CON_1995_v2_20260119.tif","1rsGtj_YnVWW8WUGExXMc4aUV_qu-TUrv","file"
"SCANFI_spsCC_PINU_CON_CON_1995_v2_20260119.tif.aux.xml","SCANFI_v2/1995/SCANFI_spsCC_PINU_CON_CON_1995_v2_20260119.tif.aux.xml","https://object-arbutus.cloud.computecanada.ca/predictiveecology/SCANFI_v2/1995/SCANFI_spsCC_PINU_CON_CON_1995_v2_20260119.tif.aux.xml","1NUZGbYPV1yJ17e_ZrCSKSGgZvprwf6BR","file"
"SCANFI_spsCC_PINU_CON_CON_1995_v2_20260119.tif.ovr","SCANFI_v2/1995/SCANFI_spsCC_PINU_CON_CON_1995_v2_20260119.tif.ovr","https://object-arbutus.cloud.computecanada.ca/predictiveecology/SCANFI_v2/1995/SCANFI_spsCC_PINU_CON_CON_1995_v2_20260119.tif.ovr","1lEE-XKUuWEloMgbOgn0uO8bXr0XJ0kQv","file"
"SCANFI_spsCC_PINU_CON_LAT_1995_v2_20260119.tif","SCANFI_v2/1995/SCANFI_spsCC_PINU_CON_LAT_1995_v2_20260119.tif","https://object-arbutus.cloud.computecanada.ca/predictiveecology/SCANFI_v2/1995/SCANFI_spsCC_PINU_CON_LAT_1995_v2_20260119.tif","1EpxqQm2FnvDV93jXTr1CTEAO_74LWKzI","file"
"SCANFI_spsCC_PINU_CON_LAT_1995_v2_20260119.tif.aux.xml","SCANFI_v2/1995/SCANFI_spsCC_PINU_CON_LAT_1995_v2_20260119.tif.aux.xml","https://object-arbutus.cloud.computecanada.ca/predictiveecology/SCANFI_v2/1995/SCANFI_spsCC_PINU_CON_LAT_1995_v2_20260119.tif.aux.xml","1XlERwb_VKBJEGi3lKwe2owJX0zJVSRjm","file"
"SCANFI_spsCC_PINU_CON_LAT_1995_v2_20260119.tif.ovr","SCANFI_v2/1995/SCANFI_spsCC_PINU_CON_LAT_1995_v2_20260119.tif.ovr","https://object-arbutus.cloud.computecanada.ca/predictiveecology/SCANFI_v2/1995/SCANFI_spsCC_PINU_CON_LAT_1995_v2_20260119.tif.ovr","1eifsFoklJYYyqvqsAu2BhwUa-BxnElWh","file"
"SCANFI_spsCC_PINU_PON_1995_v2_20260119.tif","SCANFI_v2/1995/SCANFI_spsCC_PINU_PON_1995_v2_20260119.tif","https://object-arbutus.cloud.computecanada.ca/predictiveecology/SCANFI_v2/1995/SCANFI_spsCC_PINU_PON_1995_v2_20260119.tif","1oeOWJ5Fyr51s8WOuVDlAXD4o3Q7gTwce","file"
"SCANFI_spsCC_PINU_PON_1995_v2_20260119.tif.aux.xml","SCANFI_v2/1995/SCANFI_spsCC_PINU_PON_1995_v2_20260119.tif.aux.xml","https://object-arbutus.cloud.computecanada.ca/predictiveecology/SCANFI_v2/1995/SCANFI_spsCC_PINU_PON_1995_v2_20260119.tif.aux.xml","1VhBYFOxELI_G8W4ORl1OjkUuYJkGH6rm","file"
"SCANFI_spsCC_PINU_PON_1995_v2_20260119.tif.ovr","SCANFI_v2/1995/SCANFI_spsCC_PINU_PON_1995_v2_20260119.tif.ovr","https://object-arbutus.cloud.computecanada.ca/predictiveecology/SCANFI_v2/1995/SCANFI_spsCC_PINU_PON_1995_v2_20260119.tif.ovr","1gyx1NooDT8haGY4YvrldZc1YZU7e9HVb","file"
"SCANFI_spsCC_PINU_RES_1995_v2_20260119.tif","SCANFI_v2/1995/SCANFI_spsCC_PINU_RES_1995_v2_20260119.tif","https://object-arbutus.cloud.computecanada.ca/predictiveecology/SCANFI_v2/1995/SCANFI_spsCC_PINU_RES_1995_v2_20260119.tif","1el44dZCGOylc0MCJ5tUMUzuyt6dJp0mx","file"
"SCANFI_spsCC_PINU_RES_1995_v2_20260119.tif.aux.xml","SCANFI_v2/1995/SCANFI_spsCC_PINU_RES_1995_v2_20260119.tif.aux.xml","https://object-arbutus.cloud.computecanada.ca/predictiveecology/SCANFI_v2/1995/SCANFI_spsCC_PINU_RES_1995_v2_20260119.tif.aux.xml","1IOFwgiCb3S7qzBUhD8fO1kf2w-fAZSK3","file"
"SCANFI_spsCC_PINU_RES_1995_v2_20260119.tif.ovr","SCANFI_v2/1995/SCANFI_spsCC_PINU_RES_1995_v2_20260119.tif.ovr","https://object-arbutus.cloud.computecanada.ca/predictiveecology/SCANFI_v2/1995/SCANFI_spsCC_PINU_RES_1995_v2_20260119.tif.ovr","1uiy2LVEIwimJ7ZsOU_Ldnp_o4ZMkm8op","file"
"SCANFI_spsCC_PINU_STR_1995_v2_20260119.tif","SCANFI_v2/1995/SCANFI_spsCC_PINU_STR_1995_v2_20260119.tif","https://object-arbutus.cloud.computecanada.ca/predictiveecology/SCANFI_v2/1995/SCANFI_spsCC_PINU_STR_1995_v2_20260119.tif","1FkawuEhy0WK8AlSOOX20BqWSLJnNPuu-","file"
"SCANFI_spsCC_PINU_STR_1995_v2_20260119.tif.aux.xml","SCANFI_v2/1995/SCANFI_spsCC_PINU_STR_1995_v2_20260119.tif.aux.xml","https://object-arbutus.cloud.computecanada.ca/predictiveecology/SCANFI_v2/1995/SCANFI_spsCC_PINU_STR_1995_v2_20260119.tif.aux.xml","1ZCZAOtL5ZCcCzUkdjByXVokeWatdc5Tx","file"
"SCANFI_spsCC_PINU_STR_1995_v2_20260119.tif.ovr","SCANFI_v2/1995/SCANFI_spsCC_PINU_STR_1995_v2_20260119.tif.ovr","https://object-arbutus.cloud.computecanada.ca/predictiveecology/SCANFI_v2/1995/SCANFI_spsCC_PINU_STR_1995_v2_20260119.tif.ovr","1WKXWob8_sqchjGBCSmimoAXX4Y-4oGAc","file"
"SCANFI_spsCC_POPU_BAL_1995_v2_20260119.tif","SCANFI_v2/1995/SCANFI_spsCC_POPU_BAL_1995_v2_20260119.tif","https://object-arbutus.cloud.computecanada.ca/predictiveecology/SCANFI_v2/1995/SCANFI_spsCC_POPU_BAL_1995_v2_20260119.tif","1K5Q65W0h_JW3CevTpc0RoqN1OstKdhJf","file"
"SCANFI_spsCC_POPU_BAL_1995_v2_20260119.tif.aux.xml","SCANFI_v2/1995/SCANFI_spsCC_POPU_BAL_1995_v2_20260119.tif.aux.xml","https://object-arbutus.cloud.computecanada.ca/predictiveecology/SCANFI_v2/1995/SCANFI_spsCC_POPU_BAL_1995_v2_20260119.tif.aux.xml","1yhcKrJS6zMWKin_sKExGVAaNsjG6fe4-","file"
"SCANFI_spsCC_POPU_BAL_1995_v2_20260119.tif.ovr","SCANFI_v2/1995/SCANFI_spsCC_POPU_BAL_1995_v2_20260119.tif.ovr","https://object-arbutus.cloud.computecanada.ca/predictiveecology/SCANFI_v2/1995/SCANFI_spsCC_POPU_BAL_1995_v2_20260119.tif.ovr","1PoEYPaFpI4O-pK81JOHkT1aJhdQKAEA8","file"
"SCANFI_spsCC_POPU_GRA_1995_v2_20260119.tif","SCANFI_v2/1995/SCANFI_spsCC_POPU_GRA_1995_v2_20260119.tif","https://object-arbutus.cloud.computecanada.ca/predictiveecology/SCANFI_v2/1995/SCANFI_spsCC_POPU_GRA_1995_v2_20260119.tif","1Hii4HLdut-OiJG8-aojcv4jN_s45PIqz","file"
"SCANFI_spsCC_POPU_GRA_1995_v2_20260119.tif.aux.xml","SCANFI_v2/1995/SCANFI_spsCC_POPU_GRA_1995_v2_20260119.tif.aux.xml","https://object-arbutus.cloud.computecanada.ca/predictiveecology/SCANFI_v2/1995/SCANFI_spsCC_POPU_GRA_1995_v2_20260119.tif.aux.xml","1F6Zpj3aCvD81OoYjXvjfH29BfCkH2rp_","file"
"SCANFI_spsCC_POPU_GRA_1995_v2_20260119.tif.ovr","SCANFI_v2/1995/SCANFI_spsCC_POPU_GRA_1995_v2_20260119.tif.ovr","https://object-arbutus.cloud.computecanada.ca/predictiveecology/SCANFI_v2/1995/SCANFI_spsCC_POPU_GRA_1995_v2_20260119.tif.ovr","1MX_CADEjuiow1FIrzJkB2q6TL7Txp6tR","file"
"SCANFI_spsCC_POPU_TRE_1995_v2_20260119.tif","SCANFI_v2/1995/SCANFI_spsCC_POPU_TRE_1995_v2_20260119.tif","https://object-arbutus.cloud.computecanada.ca/predictiveecology/SCANFI_v2/1995/SCANFI_spsCC_POPU_TRE_1995_v2_20260119.tif","1K8PqmaIIYsqlZAswPj1Iv9TOv1rBH5eX","file"
"SCANFI_spsCC_POPU_TRE_1995_v2_20260119.tif.aux.xml","SCANFI_v2/1995/SCANFI_spsCC_POPU_TRE_1995_v2_20260119.tif.aux.xml","https://object-arbutus.cloud.computecanada.ca/predictiveecology/SCANFI_v2/1995/SCANFI_spsCC_POPU_TRE_1995_v2_20260119.tif.aux.xml","1MsbOgEk3lp8Mk9g2wfWeYbk847qiTMVP","file"
"SCANFI_spsCC_POPU_TRE_1995_v2_20260119.tif.ovr","SCANFI_v2/1995/SCANFI_spsCC_POPU_TRE_1995_v2_20260119.tif.ovr","https://object-arbutus.cloud.computecanada.ca/predictiveecology/SCANFI_v2/1995/SCANFI_spsCC_POPU_TRE_1995_v2_20260119.tif.ovr","1v7_4K8vcjwZ-Kr-bwGgakn0Gv7fOA266","file"
"SCANFI_spsCC_prcB_other_1995_v2_20260119.tif","SCANFI_v2/1995/SCANFI_spsCC_prcB_other_1995_v2_20260119.tif","https://object-arbutus.cloud.computecanada.ca/predictiveecology/SCANFI_v2/1995/SCANFI_spsCC_prcB_other_1995_v2_20260119.tif","1k69-GYrGAUTi4yFahLxvNG_ojV4u3lKB","file"
"SCANFI_spsCC_prcB_other_1995_v2_20260119.tif.aux.xml","SCANFI_v2/1995/SCANFI_spsCC_prcB_other_1995_v2_20260119.tif.aux.xml","https://object-arbutus.cloud.computecanada.ca/predictiveecology/SCANFI_v2/1995/SCANFI_spsCC_prcB_other_1995_v2_20260119.tif.aux.xml","1_Iqw3TcUjggoA4Yc1Yj99lEnNbB0HPwk","file"
"SCANFI_spsCC_prcB_other_1995_v2_20260119.tif.ovr","SCANFI_v2/1995/SCANFI_spsCC_prcB_other_1995_v2_20260119.tif.ovr","https://object-arbutus.cloud.computecanada.ca/predictiveecology/SCANFI_v2/1995/SCANFI_spsCC_prcB_other_1995_v2_20260119.tif.ovr","1KkN6Jct623n7-r8hqrOT1hIqWyQjGLdv","file"
"SCANFI_spsCC_prcC_other_1995_v2_20260119.tif","SCANFI_v2/1995/SCANFI_spsCC_prcC_other_1995_v2_20260119.tif","https://object-arbutus.cloud.computecanada.ca/predictiveecology/SCANFI_v2/1995/SCANFI_spsCC_prcC_other_1995_v2_20260119.tif","1d1eKV2Tb5Heo5upS9YpqW6E4TaqF0lG4","file"
"SCANFI_spsCC_prcC_other_1995_v2_20260119.tif.aux.xml","SCANFI_v2/1995/SCANFI_spsCC_prcC_other_1995_v2_20260119.tif.aux.xml","https://object-arbutus.cloud.computecanada.ca/predictiveecology/SCANFI_v2/1995/SCANFI_spsCC_prcC_other_1995_v2_20260119.tif.aux.xml","1mTwLS0SE4zGGQBOXmz5gRPOJWgULZ9xx","file"
"SCANFI_spsCC_prcC_other_1995_v2_20260119.tif.ovr","SCANFI_v2/1995/SCANFI_spsCC_prcC_other_1995_v2_20260119.tif.ovr","https://object-arbutus.cloud.computecanada.ca/predictiveecology/SCANFI_v2/1995/SCANFI_spsCC_prcC_other_1995_v2_20260119.tif.ovr","1VGmZ2f84qQ-CnV6le4QeoO7_4qEkgjeq","file"
"SCANFI_spsCC_PSEU_MEN_1995_v2_20260119.tif","SCANFI_v2/1995/SCANFI_spsCC_PSEU_MEN_1995_v2_20260119.tif","https://object-arbutus.cloud.computecanada.ca/predictiveecology/SCANFI_v2/1995/SCANFI_spsCC_PSEU_MEN_1995_v2_20260119.tif","1tzU0ZOJaJTCmSG4T-0g3eClhRT4uGSXI","file"
"SCANFI_spsCC_PSEU_MEN_1995_v2_20260119.tif.aux.xml","SCANFI_v2/1995/SCANFI_spsCC_PSEU_MEN_1995_v2_20260119.tif.aux.xml","https://object-arbutus.cloud.computecanada.ca/predictiveecology/SCANFI_v2/1995/SCANFI_spsCC_PSEU_MEN_1995_v2_20260119.tif.aux.xml","15RxAg6BM-I7NU7UkNeokbJb2MHGKhI0v","file"
"SCANFI_spsCC_PSEU_MEN_1995_v2_20260119.tif.ovr","SCANFI_v2/1995/SCANFI_spsCC_PSEU_MEN_1995_v2_20260119.tif.ovr","https://object-arbutus.cloud.computecanada.ca/predictiveecology/SCANFI_v2/1995/SCANFI_spsCC_PSEU_MEN_1995_v2_20260119.tif.ovr","18C2TFvdrefIZ3U4rzhnALo1EddPXrpG1","file"
"SCANFI_spsCC_PSEU_MEN_GLA_1995_v2_20260119.tif","SCANFI_v2/1995/SCANFI_spsCC_PSEU_MEN_GLA_1995_v2_20260119.tif","https://object-arbutus.cloud.computecanada.ca/predictiveecology/SCANFI_v2/1995/SCANFI_spsCC_PSEU_MEN_GLA_1995_v2_20260119.tif","1Lyhq-9FCEG32oVFe9nlioKzLCewO8PSU","file"
"SCANFI_spsCC_PSEU_MEN_GLA_1995_v2_20260119.tif.aux.xml","SCANFI_v2/1995/SCANFI_spsCC_PSEU_MEN_GLA_1995_v2_20260119.tif.aux.xml","https://object-arbutus.cloud.computecanada.ca/predictiveecology/SCANFI_v2/1995/SCANFI_spsCC_PSEU_MEN_GLA_1995_v2_20260119.tif.aux.xml","1EiVGFfDr8gnqjZ7koSlaCClOR2SYOuKC","file"
"SCANFI_spsCC_PSEU_MEN_GLA_1995_v2_20260119.tif.ovr","SCANFI_v2/1995/SCANFI_spsCC_PSEU_MEN_GLA_1995_v2_20260119.tif.ovr","https://object-arbutus.cloud.computecanada.ca/predictiveecology/SCANFI_v2/1995/SCANFI_spsCC_PSEU_MEN_GLA_1995_v2_20260119.tif.ovr","1YecotYPU04_71GTTfvBqHornefi1Gnmh","file"
"SCANFI_spsCC_PSEU_MEN_MEN_1995_v2_20260119.tif","SCANFI_v2/1995/SCANFI_spsCC_PSEU_MEN_MEN_1995_v2_20260119.tif","https://object-arbutus.cloud.computecanada.ca/predictiveecology/SCANFI_v2/1995/SCANFI_spsCC_PSEU_MEN_MEN_1995_v2_20260119.tif","1nulx836fvDesNb6Lex_kXHBOvguZuzGW","file"
"SCANFI_spsCC_PSEU_MEN_MEN_1995_v2_20260119.tif.aux.xml","SCANFI_v2/1995/SCANFI_spsCC_PSEU_MEN_MEN_1995_v2_20260119.tif.aux.xml","https://object-arbutus.cloud.computecanada.ca/predictiveecology/SCANFI_v2/1995/SCANFI_spsCC_PSEU_MEN_MEN_1995_v2_20260119.tif.aux.xml","15rdw9ygTawMVyOMfy8lbL9YrOBCyE2Y9","file"
"SCANFI_spsCC_PSEU_MEN_MEN_1995_v2_20260119.tif.ovr","SCANFI_v2/1995/SCANFI_spsCC_PSEU_MEN_MEN_1995_v2_20260119.tif.ovr","https://object-arbutus.cloud.computecanada.ca/predictiveecology/SCANFI_v2/1995/SCANFI_spsCC_PSEU_MEN_MEN_1995_v2_20260119.tif.ovr","1BgaPv2YrFos4Wax6IxxxXpemyBDicS5C","file"
"SCANFI_spsCC_QUER_RUB_1995_v2_20260119.tif","SCANFI_v2/1995/SCANFI_spsCC_QUER_RUB_1995_v2_20260119.tif","https://object-arbutus.cloud.computecanada.ca/predictiveecology/SCANFI_v2/1995/SCANFI_spsCC_QUER_RUB_1995_v2_20260119.tif","1yKPbS4kZmnEpyh4msO57a0fUK10P3S5o","file"
"SCANFI_spsCC_QUER_RUB_1995_v2_20260119.tif.aux.xml","SCANFI_v2/1995/SCANFI_spsCC_QUER_RUB_1995_v2_20260119.tif.aux.xml","https://object-arbutus.cloud.computecanada.ca/predictiveecology/SCANFI_v2/1995/SCANFI_spsCC_QUER_RUB_1995_v2_20260119.tif.aux.xml","1RU4mE0fwUJKf5pMnbXHKwpSuNdgMmakO","file"
"SCANFI_spsCC_QUER_RUB_1995_v2_20260119.tif.ovr","SCANFI_v2/1995/SCANFI_spsCC_QUER_RUB_1995_v2_20260119.tif.ovr","https://object-arbutus.cloud.computecanada.ca/predictiveecology/SCANFI_v2/1995/SCANFI_spsCC_QUER_RUB_1995_v2_20260119.tif.ovr","128j07ZFROzB9fTGvdl-Jv2wMP5OFJwC8","file"
"SCANFI_spsCC_THUJ_OCC_1995_v2_20260119.tif","SCANFI_v2/1995/SCANFI_spsCC_THUJ_OCC_1995_v2_20260119.tif","https://object-arbutus.cloud.computecanada.ca/predictiveecology/SCANFI_v2/1995/SCANFI_spsCC_THUJ_OCC_1995_v2_20260119.tif","19u6_Gfb7zpr6PJAPrwLWgRl5JcQXBwX6","file"
"SCANFI_spsCC_THUJ_OCC_1995_v2_20260119.tif.aux.xml","SCANFI_v2/1995/SCANFI_spsCC_THUJ_OCC_1995_v2_20260119.tif.aux.xml","https://object-arbutus.cloud.computecanada.ca/predictiveecology/SCANFI_v2/1995/SCANFI_spsCC_THUJ_OCC_1995_v2_20260119.tif.aux.xml","1-5r2sSHT19xvfA9x4bc_JwR4tXHagkHs","file"
"SCANFI_spsCC_THUJ_OCC_1995_v2_20260119.tif.ovr","SCANFI_v2/1995/SCANFI_spsCC_THUJ_OCC_1995_v2_20260119.tif.ovr","https://object-arbutus.cloud.computecanada.ca/predictiveecology/SCANFI_v2/1995/SCANFI_spsCC_THUJ_OCC_1995_v2_20260119.tif.ovr","1OgyZaIN5DVpAfsqMu5WSEjzz8CM2A0FM","file"
"SCANFI_spsCC_THUJ_PLI_1995_v2_20260119.tif","SCANFI_v2/1995/SCANFI_spsCC_THUJ_PLI_1995_v2_20260119.tif","https://object-arbutus.cloud.computecanada.ca/predictiveecology/SCANFI_v2/1995/SCANFI_spsCC_THUJ_PLI_1995_v2_20260119.tif","1qm6NQQfM7pMpPzRMQfaVzMIUVbEf_TOE","file"
"SCANFI_spsCC_THUJ_PLI_1995_v2_20260119.tif.aux.xml","SCANFI_v2/1995/SCANFI_spsCC_THUJ_PLI_1995_v2_20260119.tif.aux.xml","https://object-arbutus.cloud.computecanada.ca/predictiveecology/SCANFI_v2/1995/SCANFI_spsCC_THUJ_PLI_1995_v2_20260119.tif.aux.xml","1cbh2O1dy7cMqiYX6rVa7uTA1eg1xVgqi","file"
"SCANFI_spsCC_THUJ_PLI_1995_v2_20260119.tif.ovr","SCANFI_v2/1995/SCANFI_spsCC_THUJ_PLI_1995_v2_20260119.tif.ovr","https://object-arbutus.cloud.computecanada.ca/predictiveecology/SCANFI_v2/1995/SCANFI_spsCC_THUJ_PLI_1995_v2_20260119.tif.ovr","1XHWAv7YaJME7hQfpUdqMaW2AWf9SLD4m","file"
"SCANFI_spsCC_TSUG_CAN_1995_v2_20260119.tif","SCANFI_v2/1995/SCANFI_spsCC_TSUG_CAN_1995_v2_20260119.tif","https://object-arbutus.cloud.computecanada.ca/predictiveecology/SCANFI_v2/1995/SCANFI_spsCC_TSUG_CAN_1995_v2_20260119.tif","1Qxw5kxwNENtalEzbdH2mLEiKTbGWPSpr","file"
"SCANFI_spsCC_TSUG_CAN_1995_v2_20260119.tif.aux.xml","SCANFI_v2/1995/SCANFI_spsCC_TSUG_CAN_1995_v2_20260119.tif.aux.xml","https://object-arbutus.cloud.computecanada.ca/predictiveecology/SCANFI_v2/1995/SCANFI_spsCC_TSUG_CAN_1995_v2_20260119.tif.aux.xml","1ejmVQGRYe3RF_ySOc-qfyT__nSuMBnZj","file"
"SCANFI_spsCC_TSUG_CAN_1995_v2_20260119.tif.ovr","SCANFI_v2/1995/SCANFI_spsCC_TSUG_CAN_1995_v2_20260119.tif.ovr","https://object-arbutus.cloud.computecanada.ca/predictiveecology/SCANFI_v2/1995/SCANFI_spsCC_TSUG_CAN_1995_v2_20260119.tif.ovr","1oxF65IDPcdbUdA42D-zXCS1pbveB86-Y","file"
"SCANFI_spsCC_TSUG_HET_1995_v2_20260119.tif","SCANFI_v2/1995/SCANFI_spsCC_TSUG_HET_1995_v2_20260119.tif","https://object-arbutus.cloud.computecanada.ca/predictiveecology/SCANFI_v2/1995/SCANFI_spsCC_TSUG_HET_1995_v2_20260119.tif","1FLZ9Bulpg4SwuUAwZSsy8NLU6PtHZP9e","file"
"SCANFI_spsCC_TSUG_HET_1995_v2_20260119.tif.aux.xml","SCANFI_v2/1995/SCANFI_spsCC_TSUG_HET_1995_v2_20260119.tif.aux.xml","https://object-arbutus.cloud.computecanada.ca/predictiveecology/SCANFI_v2/1995/SCANFI_spsCC_TSUG_HET_1995_v2_20260119.tif.aux.xml","1y7N_I5nCQLE0tfpLXav1rsnub8A2G-do","file"
"SCANFI_spsCC_TSUG_HET_1995_v2_20260119.tif.ovr","SCANFI_v2/1995/SCANFI_spsCC_TSUG_HET_1995_v2_20260119.tif.ovr","https://object-arbutus.cloud.computecanada.ca/predictiveecology/SCANFI_v2/1995/SCANFI_spsCC_TSUG_HET_1995_v2_20260119.tif.ovr","1JNjHFUmnuPMjbUzugKjkfE5w2CDqRqWo","file"
"SCANFI_spsCC_TSUG_MER_1995_v2_20260119.tif","SCANFI_v2/1995/SCANFI_spsCC_TSUG_MER_1995_v2_20260119.tif","https://object-arbutus.cloud.computecanada.ca/predictiveecology/SCANFI_v2/1995/SCANFI_spsCC_TSUG_MER_1995_v2_20260119.tif","1P3vMaYaHMeV_1xiXxTTxvSdYb2ZGE_AO","file"
"SCANFI_spsCC_TSUG_MER_1995_v2_20260119.tif.aux.xml","SCANFI_v2/1995/SCANFI_spsCC_TSUG_MER_1995_v2_20260119.tif.aux.xml","https://object-arbutus.cloud.computecanada.ca/predictiveecology/SCANFI_v2/1995/SCANFI_spsCC_TSUG_MER_1995_v2_20260119.tif.aux.xml","1vVEuTo8BkPUSR_7NIbSvBi8DkJm1dRvr","file"
"SCANFI_spsCC_TSUG_MER_1995_v2_20260119.tif.ovr","SCANFI_v2/1995/SCANFI_spsCC_TSUG_MER_1995_v2_20260119.tif.ovr","https://object-arbutus.cloud.computecanada.ca/predictiveecology/SCANFI_v2/1995/SCANFI_spsCC_TSUG_MER_1995_v2_20260119.tif.ovr","1000Q5O8zzcG_RlEAcmKC0Jm0s-ONCp0e","file"
"SCANFI_age_median_2000_v2_20260119.tif","SCANFI_v2/2000/SCANFI_age_median_2000_v2_20260119.tif","https://object-arbutus.cloud.computecanada.ca/predictiveecology/SCANFI_v2/2000/SCANFI_age_median_2000_v2_20260119.tif","1v-9sx1a_-WqKfuULT80QZ1b0CAI8lLGV","file"
"SCANFI_att_biomass_2000_v2_20260119.tif","SCANFI_v2/2000/SCANFI_att_biomass_2000_v2_20260119.tif","https://object-arbutus.cloud.computecanada.ca/predictiveecology/SCANFI_v2/2000/SCANFI_att_biomass_2000_v2_20260119.tif","1GJMLSZweBW3dngDf3RRs4lTX-eMMr7_6","file"
"SCANFI_att_closure_2000_v2_20260119.tif","SCANFI_v2/2000/SCANFI_att_closure_2000_v2_20260119.tif","https://object-arbutus.cloud.computecanada.ca/predictiveecology/SCANFI_v2/2000/SCANFI_att_closure_2000_v2_20260119.tif","18DzUWk_QsSTfkuJgIfisdT5r1hbG6ilE","file"
"SCANFI_att_height_2000_v2_20260119.tif","SCANFI_v2/2000/SCANFI_att_height_2000_v2_20260119.tif","https://object-arbutus.cloud.computecanada.ca/predictiveecology/SCANFI_v2/2000/SCANFI_att_height_2000_v2_20260119.tif","1KS8fLVywjBorvL8kICo7pUsgG8G5q2Oq","file"
"SCANFI_att_nfiLandcover_2000_v2_20260119.tif","SCANFI_v2/2000/SCANFI_att_nfiLandcover_2000_v2_20260119.tif","https://object-arbutus.cloud.computecanada.ca/predictiveecology/SCANFI_v2/2000/SCANFI_att_nfiLandcover_2000_v2_20260119.tif","142PscihDjTAoRIgSVG3n70CzLI3KC1KS","file"
"SCANFI_att_nfiLandcover_CanadaLCCclassCodes_2000_v2_20260119.tif","SCANFI_v2/2000/SCANFI_att_nfiLandcover_CanadaLCCclassCodes_2000_v2_20260119.tif","https://object-arbutus.cloud.computecanada.ca/predictiveecology/SCANFI_v2/2000/SCANFI_att_nfiLandcover_CanadaLCCclassCodes_2000_v2_20260119.tif","1ykRG7u__DuMKI_DUGEJs6mXVul8YmRD_","file"
"SCANFI_spsCC_ABIE_AMA_2000_v2_20260119.tif","SCANFI_v2/2000/SCANFI_spsCC_ABIE_AMA_2000_v2_20260119.tif","https://object-arbutus.cloud.computecanada.ca/predictiveecology/SCANFI_v2/2000/SCANFI_spsCC_ABIE_AMA_2000_v2_20260119.tif","1XhCfeExSwgnghzTn_7TH3xUIB0PfZLZt","file"
"SCANFI_spsCC_ABIE_AMA_2000_v2_20260119.tif.aux.xml","SCANFI_v2/2000/SCANFI_spsCC_ABIE_AMA_2000_v2_20260119.tif.aux.xml","https://object-arbutus.cloud.computecanada.ca/predictiveecology/SCANFI_v2/2000/SCANFI_spsCC_ABIE_AMA_2000_v2_20260119.tif.aux.xml","1ZzyGoN1SdM_7iighXqySC6eK3jtQo-54","file"
"SCANFI_spsCC_ABIE_AMA_2000_v2_20260119.tif.ovr","SCANFI_v2/2000/SCANFI_spsCC_ABIE_AMA_2000_v2_20260119.tif.ovr","https://object-arbutus.cloud.computecanada.ca/predictiveecology/SCANFI_v2/2000/SCANFI_spsCC_ABIE_AMA_2000_v2_20260119.tif.ovr","12-5lIedK0nIQklAKsjhBouxYai89RCqf","file"
"SCANFI_spsCC_ABIE_BAL_2000_v2_20260119.tif","SCANFI_v2/2000/SCANFI_spsCC_ABIE_BAL_2000_v2_20260119.tif","https://object-arbutus.cloud.computecanada.ca/predictiveecology/SCANFI_v2/2000/SCANFI_spsCC_ABIE_BAL_2000_v2_20260119.tif","1toYHFZxSfhZDW8S1g5FsObYCIusdK1Zw","file"
"SCANFI_spsCC_ABIE_BAL_2000_v2_20260119.tif.aux.xml","SCANFI_v2/2000/SCANFI_spsCC_ABIE_BAL_2000_v2_20260119.tif.aux.xml","https://object-arbutus.cloud.computecanada.ca/predictiveecology/SCANFI_v2/2000/SCANFI_spsCC_ABIE_BAL_2000_v2_20260119.tif.aux.xml","1q2D7Mfe_ZETFoAdVyCJjjO-e6WDcI0vJ","file"
"SCANFI_spsCC_ABIE_BAL_2000_v2_20260119.tif.ovr","SCANFI_v2/2000/SCANFI_spsCC_ABIE_BAL_2000_v2_20260119.tif.ovr","https://object-arbutus.cloud.computecanada.ca/predictiveecology/SCANFI_v2/2000/SCANFI_spsCC_ABIE_BAL_2000_v2_20260119.tif.ovr","1d8bdiO_1Da67-Z1NV9ces7uVtyQh2uqf","file"
"SCANFI_spsCC_ABIE_LAS_2000_v2_20260119.tif","SCANFI_v2/2000/SCANFI_spsCC_ABIE_LAS_2000_v2_20260119.tif","https://object-arbutus.cloud.computecanada.ca/predictiveecology/SCANFI_v2/2000/SCANFI_spsCC_ABIE_LAS_2000_v2_20260119.tif","1812mGgvfQMKC_lCdqruFv6-f6_CEE1I2","file"
"SCANFI_spsCC_ABIE_LAS_2000_v2_20260119.tif.aux.xml","SCANFI_v2/2000/SCANFI_spsCC_ABIE_LAS_2000_v2_20260119.tif.aux.xml","https://object-arbutus.cloud.computecanada.ca/predictiveecology/SCANFI_v2/2000/SCANFI_spsCC_ABIE_LAS_2000_v2_20260119.tif.aux.xml","1iGRjjhuKA-RWn06fHxJNOpDtqyXNz0EV","file"
"SCANFI_spsCC_ABIE_LAS_2000_v2_20260119.tif.ovr","SCANFI_v2/2000/SCANFI_spsCC_ABIE_LAS_2000_v2_20260119.tif.ovr","https://object-arbutus.cloud.computecanada.ca/predictiveecology/SCANFI_v2/2000/SCANFI_spsCC_ABIE_LAS_2000_v2_20260119.tif.ovr","1Hy9p6BVQcd--X5aGmqfvY0sTzTJuhcpd","file"
"SCANFI_spsCC_ACER_RUB_2000_v2_20260119.tif","SCANFI_v2/2000/SCANFI_spsCC_ACER_RUB_2000_v2_20260119.tif","https://object-arbutus.cloud.computecanada.ca/predictiveecology/SCANFI_v2/2000/SCANFI_spsCC_ACER_RUB_2000_v2_20260119.tif","1oXLbmnEAQg5jDhLHzfsbYgapNKTwOUZ5","file"
"SCANFI_spsCC_ACER_RUB_2000_v2_20260119.tif.aux.xml","SCANFI_v2/2000/SCANFI_spsCC_ACER_RUB_2000_v2_20260119.tif.aux.xml","https://object-arbutus.cloud.computecanada.ca/predictiveecology/SCANFI_v2/2000/SCANFI_spsCC_ACER_RUB_2000_v2_20260119.tif.aux.xml","1HPpH569_7hR1OmXN-wgGI7IfGuk0Ywk0","file"
"SCANFI_spsCC_ACER_RUB_2000_v2_20260119.tif.ovr","SCANFI_v2/2000/SCANFI_spsCC_ACER_RUB_2000_v2_20260119.tif.ovr","https://object-arbutus.cloud.computecanada.ca/predictiveecology/SCANFI_v2/2000/SCANFI_spsCC_ACER_RUB_2000_v2_20260119.tif.ovr","19QxIhvhjHjcJQMYSPBI48iM_L1cyCr3i","file"
"SCANFI_spsCC_ACER_SAH_2000_v2_20260119.tif","SCANFI_v2/2000/SCANFI_spsCC_ACER_SAH_2000_v2_20260119.tif","https://object-arbutus.cloud.computecanada.ca/predictiveecology/SCANFI_v2/2000/SCANFI_spsCC_ACER_SAH_2000_v2_20260119.tif","1rXXgIf2ZiZDKGBzeyQ-OVkd0bBqwj23Q","file"
"SCANFI_spsCC_ACER_SAH_2000_v2_20260119.tif.aux.xml","SCANFI_v2/2000/SCANFI_spsCC_ACER_SAH_2000_v2_20260119.tif.aux.xml","https://object-arbutus.cloud.computecanada.ca/predictiveecology/SCANFI_v2/2000/SCANFI_spsCC_ACER_SAH_2000_v2_20260119.tif.aux.xml","1AeuuI2eumlT9PfJ5shlbZQAElSMoxp9B","file"
"SCANFI_spsCC_ACER_SAH_2000_v2_20260119.tif.ovr","SCANFI_v2/2000/SCANFI_spsCC_ACER_SAH_2000_v2_20260119.tif.ovr","https://object-arbutus.cloud.computecanada.ca/predictiveecology/SCANFI_v2/2000/SCANFI_spsCC_ACER_SAH_2000_v2_20260119.tif.ovr","1uZhBHiimjFiAlnmBSntrxeLnkKfcQewx","file"
"SCANFI_spsCC_ALNU_RUB_2000_v2_20260119.tif","SCANFI_v2/2000/SCANFI_spsCC_ALNU_RUB_2000_v2_20260119.tif","https://object-arbutus.cloud.computecanada.ca/predictiveecology/SCANFI_v2/2000/SCANFI_spsCC_ALNU_RUB_2000_v2_20260119.tif","1oYdz4Bck33FZkd5IRxmtRtgejCF_Zaw9","file"
"SCANFI_spsCC_ALNU_RUB_2000_v2_20260119.tif.aux.xml","SCANFI_v2/2000/SCANFI_spsCC_ALNU_RUB_2000_v2_20260119.tif.aux.xml","https://object-arbutus.cloud.computecanada.ca/predictiveecology/SCANFI_v2/2000/SCANFI_spsCC_ALNU_RUB_2000_v2_20260119.tif.aux.xml","1dtjpRl1ag8QXnMT66w_4laC71iqsGh4a","file"
"SCANFI_spsCC_ALNU_RUB_2000_v2_20260119.tif.ovr","SCANFI_v2/2000/SCANFI_spsCC_ALNU_RUB_2000_v2_20260119.tif.ovr","https://object-arbutus.cloud.computecanada.ca/predictiveecology/SCANFI_v2/2000/SCANFI_spsCC_ALNU_RUB_2000_v2_20260119.tif.ovr","1wA1DmHuGw3Y3UG9nXi-583lC65-bkZ6j","file"
"SCANFI_spsCC_BETU_ALL_2000_v2_20260119.tif","SCANFI_v2/2000/SCANFI_spsCC_BETU_ALL_2000_v2_20260119.tif","https://object-arbutus.cloud.computecanada.ca/predictiveecology/SCANFI_v2/2000/SCANFI_spsCC_BETU_ALL_2000_v2_20260119.tif","1hmdtfDLlpPEpz-dL2vK5OiYvQGFa569M","file"
"SCANFI_spsCC_BETU_ALL_2000_v2_20260119.tif.aux.xml","SCANFI_v2/2000/SCANFI_spsCC_BETU_ALL_2000_v2_20260119.tif.aux.xml","https://object-arbutus.cloud.computecanada.ca/predictiveecology/SCANFI_v2/2000/SCANFI_spsCC_BETU_ALL_2000_v2_20260119.tif.aux.xml","17UMLYnolzYev6sDP6CxbTvhtPX4iTKvh","file"
"SCANFI_spsCC_BETU_ALL_2000_v2_20260119.tif.ovr","SCANFI_v2/2000/SCANFI_spsCC_BETU_ALL_2000_v2_20260119.tif.ovr","https://object-arbutus.cloud.computecanada.ca/predictiveecology/SCANFI_v2/2000/SCANFI_spsCC_BETU_ALL_2000_v2_20260119.tif.ovr","1s9bJoPBTVHCNaLk-IiCTAKROsXI_HsWT","file"
"SCANFI_spsCC_BETU_PAP_2000_v2_20260119.tif","SCANFI_v2/2000/SCANFI_spsCC_BETU_PAP_2000_v2_20260119.tif","https://object-arbutus.cloud.computecanada.ca/predictiveecology/SCANFI_v2/2000/SCANFI_spsCC_BETU_PAP_2000_v2_20260119.tif","1H7XoreTQgxecUnLmvKGbovm4PzAXDRjn","file"
"SCANFI_spsCC_BETU_PAP_2000_v2_20260119.tif.aux.xml","SCANFI_v2/2000/SCANFI_spsCC_BETU_PAP_2000_v2_20260119.tif.aux.xml","https://object-arbutus.cloud.computecanada.ca/predictiveecology/SCANFI_v2/2000/SCANFI_spsCC_BETU_PAP_2000_v2_20260119.tif.aux.xml","1au3ieYOKnZTRqpHAEpmFRJiYU7Q1cfNL","file"
"SCANFI_spsCC_BETU_PAP_2000_v2_20260119.tif.ovr","SCANFI_v2/2000/SCANFI_spsCC_BETU_PAP_2000_v2_20260119.tif.ovr","https://object-arbutus.cloud.computecanada.ca/predictiveecology/SCANFI_v2/2000/SCANFI_spsCC_BETU_PAP_2000_v2_20260119.tif.ovr","1B1aWARTNjfY6p9wsVzyjV4DB9Xw8s8KN","file"
"SCANFI_spsCC_CHAM_NOO_2000_v2_20260119.tif","SCANFI_v2/2000/SCANFI_spsCC_CHAM_NOO_2000_v2_20260119.tif","https://object-arbutus.cloud.computecanada.ca/predictiveecology/SCANFI_v2/2000/SCANFI_spsCC_CHAM_NOO_2000_v2_20260119.tif","1SpJEP2Khn5BQXPL_6xIZHxFfSLX8g71y","file"
"SCANFI_spsCC_CHAM_NOO_2000_v2_20260119.tif.aux.xml","SCANFI_v2/2000/SCANFI_spsCC_CHAM_NOO_2000_v2_20260119.tif.aux.xml","https://object-arbutus.cloud.computecanada.ca/predictiveecology/SCANFI_v2/2000/SCANFI_spsCC_CHAM_NOO_2000_v2_20260119.tif.aux.xml","1vhEpej9lOBAB2asFZMhJ_LLt50go31MF","file"
"SCANFI_spsCC_CHAM_NOO_2000_v2_20260119.tif.ovr","SCANFI_v2/2000/SCANFI_spsCC_CHAM_NOO_2000_v2_20260119.tif.ovr","https://object-arbutus.cloud.computecanada.ca/predictiveecology/SCANFI_v2/2000/SCANFI_spsCC_CHAM_NOO_2000_v2_20260119.tif.ovr","1tD9LrTjEzR20l1seLFghiW1arbg9ZgYt","file"
"SCANFI_spsCC_FAGU_GRA_2000_v2_20260119.tif","SCANFI_v2/2000/SCANFI_spsCC_FAGU_GRA_2000_v2_20260119.tif","https://object-arbutus.cloud.computecanada.ca/predictiveecology/SCANFI_v2/2000/SCANFI_spsCC_FAGU_GRA_2000_v2_20260119.tif","1VvctjtzMhREd62GsIReGY7IvjEUg-TkB","file"
"SCANFI_spsCC_FAGU_GRA_2000_v2_20260119.tif.aux.xml","SCANFI_v2/2000/SCANFI_spsCC_FAGU_GRA_2000_v2_20260119.tif.aux.xml","https://object-arbutus.cloud.computecanada.ca/predictiveecology/SCANFI_v2/2000/SCANFI_spsCC_FAGU_GRA_2000_v2_20260119.tif.aux.xml","1E65lH3sAa6HdtfzEOtDjVrxzqKygQV69","file"
"SCANFI_spsCC_FAGU_GRA_2000_v2_20260119.tif.ovr","SCANFI_v2/2000/SCANFI_spsCC_FAGU_GRA_2000_v2_20260119.tif.ovr","https://object-arbutus.cloud.computecanada.ca/predictiveecology/SCANFI_v2/2000/SCANFI_spsCC_FAGU_GRA_2000_v2_20260119.tif.ovr","1VwUk5W2j3FSijQdQ5BsgFRpohT2vp1jE","file"
"SCANFI_spsCC_FRAX_AME_2000_v2_20260119.tif","SCANFI_v2/2000/SCANFI_spsCC_FRAX_AME_2000_v2_20260119.tif","https://object-arbutus.cloud.computecanada.ca/predictiveecology/SCANFI_v2/2000/SCANFI_spsCC_FRAX_AME_2000_v2_20260119.tif","1aKYUBeNaOs81zKEfP-ty_AzSC5ToTZEy","file"
"SCANFI_spsCC_FRAX_AME_2000_v2_20260119.tif.aux.xml","SCANFI_v2/2000/SCANFI_spsCC_FRAX_AME_2000_v2_20260119.tif.aux.xml","https://object-arbutus.cloud.computecanada.ca/predictiveecology/SCANFI_v2/2000/SCANFI_spsCC_FRAX_AME_2000_v2_20260119.tif.aux.xml","1AQ-PoFDhlj9SSDsMaAHKkOtpQwOM2_CW","file"
"SCANFI_spsCC_FRAX_AME_2000_v2_20260119.tif.ovr","SCANFI_v2/2000/SCANFI_spsCC_FRAX_AME_2000_v2_20260119.tif.ovr","https://object-arbutus.cloud.computecanada.ca/predictiveecology/SCANFI_v2/2000/SCANFI_spsCC_FRAX_AME_2000_v2_20260119.tif.ovr","1M7BTe8aRMVid6YtSk8cRcun9tVDn0X_-","file"
"SCANFI_spsCC_LARI_LAR_2000_v2_20260119.tif","SCANFI_v2/2000/SCANFI_spsCC_LARI_LAR_2000_v2_20260119.tif","https://object-arbutus.cloud.computecanada.ca/predictiveecology/SCANFI_v2/2000/SCANFI_spsCC_LARI_LAR_2000_v2_20260119.tif","1attCJtiwMn_83uD9KyF3EPnY8dJFve-u","file"
"SCANFI_spsCC_LARI_LAR_2000_v2_20260119.tif.aux.xml","SCANFI_v2/2000/SCANFI_spsCC_LARI_LAR_2000_v2_20260119.tif.aux.xml","https://object-arbutus.cloud.computecanada.ca/predictiveecology/SCANFI_v2/2000/SCANFI_spsCC_LARI_LAR_2000_v2_20260119.tif.aux.xml","120LCjE6VnR2hMhBpfV4mu1sOwjvHnNeR","file"
"SCANFI_spsCC_LARI_LAR_2000_v2_20260119.tif.ovr","SCANFI_v2/2000/SCANFI_spsCC_LARI_LAR_2000_v2_20260119.tif.ovr","https://object-arbutus.cloud.computecanada.ca/predictiveecology/SCANFI_v2/2000/SCANFI_spsCC_LARI_LAR_2000_v2_20260119.tif.ovr","1bR2dLGYkaHHu-TFhap9XYpsM8jJwVFTV","file"
"SCANFI_spsCC_LARI_OCC_2000_v2_20260119.tif","SCANFI_v2/2000/SCANFI_spsCC_LARI_OCC_2000_v2_20260119.tif","https://object-arbutus.cloud.computecanada.ca/predictiveecology/SCANFI_v2/2000/SCANFI_spsCC_LARI_OCC_2000_v2_20260119.tif","1U-537aLOLf9xFatR0RN7GPMYaCSy7YDf","file"
"SCANFI_spsCC_LARI_OCC_2000_v2_20260119.tif.aux.xml","SCANFI_v2/2000/SCANFI_spsCC_LARI_OCC_2000_v2_20260119.tif.aux.xml","https://object-arbutus.cloud.computecanada.ca/predictiveecology/SCANFI_v2/2000/SCANFI_spsCC_LARI_OCC_2000_v2_20260119.tif.aux.xml","1OHenV2B_hicP-MvOYemifV01lNM_pY06","file"
"SCANFI_spsCC_LARI_OCC_2000_v2_20260119.tif.ovr","SCANFI_v2/2000/SCANFI_spsCC_LARI_OCC_2000_v2_20260119.tif.ovr","https://object-arbutus.cloud.computecanada.ca/predictiveecology/SCANFI_v2/2000/SCANFI_spsCC_LARI_OCC_2000_v2_20260119.tif.ovr","1zBqnx4Ohq5wa1n7aG9TG5tZuq_wsDwUq","file"
"SCANFI_spsCC_PICE_ENG_2000_v2_20260119.tif","SCANFI_v2/2000/SCANFI_spsCC_PICE_ENG_2000_v2_20260119.tif","https://object-arbutus.cloud.computecanada.ca/predictiveecology/SCANFI_v2/2000/SCANFI_spsCC_PICE_ENG_2000_v2_20260119.tif","1IQCWVTcCVFrvzYPINZ2ew1Lzr6xuFIWO","file"
"SCANFI_spsCC_PICE_ENG_2000_v2_20260119.tif.aux.xml","SCANFI_v2/2000/SCANFI_spsCC_PICE_ENG_2000_v2_20260119.tif.aux.xml","https://object-arbutus.cloud.computecanada.ca/predictiveecology/SCANFI_v2/2000/SCANFI_spsCC_PICE_ENG_2000_v2_20260119.tif.aux.xml","19zioMiDdGnhpk2PGf_F-5_4J7AjrU_1L","file"
"SCANFI_spsCC_PICE_ENG_2000_v2_20260119.tif.ovr","SCANFI_v2/2000/SCANFI_spsCC_PICE_ENG_2000_v2_20260119.tif.ovr","https://object-arbutus.cloud.computecanada.ca/predictiveecology/SCANFI_v2/2000/SCANFI_spsCC_PICE_ENG_2000_v2_20260119.tif.ovr","1rtNWgg_LXby_bpdcs_rK2ZgYi9bkuYKE","file"
"SCANFI_spsCC_PICE_ENG_GLA_2000_v2_20260119.tif","SCANFI_v2/2000/SCANFI_spsCC_PICE_ENG_GLA_2000_v2_20260119.tif","https://object-arbutus.cloud.computecanada.ca/predictiveecology/SCANFI_v2/2000/SCANFI_spsCC_PICE_ENG_GLA_2000_v2_20260119.tif","1xbFIHDGDnURLZ9V6vlLapDqz-iHVq4zo","file"
"SCANFI_spsCC_PICE_ENG_GLA_2000_v2_20260119.tif.aux.xml","SCANFI_v2/2000/SCANFI_spsCC_PICE_ENG_GLA_2000_v2_20260119.tif.aux.xml","https://object-arbutus.cloud.computecanada.ca/predictiveecology/SCANFI_v2/2000/SCANFI_spsCC_PICE_ENG_GLA_2000_v2_20260119.tif.aux.xml","1WmefVwPyHv-zvlgz2XkdNlT_FPgWBrkC","file"
"SCANFI_spsCC_PICE_ENG_GLA_2000_v2_20260119.tif.ovr","SCANFI_v2/2000/SCANFI_spsCC_PICE_ENG_GLA_2000_v2_20260119.tif.ovr","https://object-arbutus.cloud.computecanada.ca/predictiveecology/SCANFI_v2/2000/SCANFI_spsCC_PICE_ENG_GLA_2000_v2_20260119.tif.ovr","1Jz_oYTATl70OsMJGCzsGLCzRyciCpXbX","file"
"SCANFI_spsCC_PICE_GLA_2000_v2_20260119.tif","SCANFI_v2/2000/SCANFI_spsCC_PICE_GLA_2000_v2_20260119.tif","https://object-arbutus.cloud.computecanada.ca/predictiveecology/SCANFI_v2/2000/SCANFI_spsCC_PICE_GLA_2000_v2_20260119.tif","1pSCRA1UvdBe_DTMQLv3wvLzrlhkZmYus","file"
"SCANFI_spsCC_PICE_GLA_2000_v2_20260119.tif.aux.xml","SCANFI_v2/2000/SCANFI_spsCC_PICE_GLA_2000_v2_20260119.tif.aux.xml","https://object-arbutus.cloud.computecanada.ca/predictiveecology/SCANFI_v2/2000/SCANFI_spsCC_PICE_GLA_2000_v2_20260119.tif.aux.xml","1ODQKZU6gdTSbsU7L8We71D-vDIYLN8LH","file"
"SCANFI_spsCC_PICE_GLA_2000_v2_20260119.tif.ovr","SCANFI_v2/2000/SCANFI_spsCC_PICE_GLA_2000_v2_20260119.tif.ovr","https://object-arbutus.cloud.computecanada.ca/predictiveecology/SCANFI_v2/2000/SCANFI_spsCC_PICE_GLA_2000_v2_20260119.tif.ovr","1a9oSeDJy6jaPR6lIfM_EbtJXxh_LiW9Z","file"
"SCANFI_spsCC_PICE_MAR_2000_v2_20260119.tif","SCANFI_v2/2000/SCANFI_spsCC_PICE_MAR_2000_v2_20260119.tif","https://object-arbutus.cloud.computecanada.ca/predictiveecology/SCANFI_v2/2000/SCANFI_spsCC_PICE_MAR_2000_v2_20260119.tif","1xpkB0GHWzdnOapEgzI5PqKAyG_Jqu8N3","file"
"SCANFI_spsCC_PICE_MAR_2000_v2_20260119.tif.aux.xml","SCANFI_v2/2000/SCANFI_spsCC_PICE_MAR_2000_v2_20260119.tif.aux.xml","https://object-arbutus.cloud.computecanada.ca/predictiveecology/SCANFI_v2/2000/SCANFI_spsCC_PICE_MAR_2000_v2_20260119.tif.aux.xml","1BKxN1miZo_ET6b-f0jtW-kXJJZuc1uGh","file"
"SCANFI_spsCC_PICE_MAR_2000_v2_20260119.tif.ovr","SCANFI_v2/2000/SCANFI_spsCC_PICE_MAR_2000_v2_20260119.tif.ovr","https://object-arbutus.cloud.computecanada.ca/predictiveecology/SCANFI_v2/2000/SCANFI_spsCC_PICE_MAR_2000_v2_20260119.tif.ovr","1B-U4G7GcyKlzSkx06TpDDzp3kFBeXLug","file"
"SCANFI_spsCC_PICE_RUB_2000_v2_20260119.tif","SCANFI_v2/2000/SCANFI_spsCC_PICE_RUB_2000_v2_20260119.tif","https://object-arbutus.cloud.computecanada.ca/predictiveecology/SCANFI_v2/2000/SCANFI_spsCC_PICE_RUB_2000_v2_20260119.tif","1FBW7azEXbzz4i_N4Svlk51pxCByVD5mk","file"
"SCANFI_spsCC_PICE_RUB_2000_v2_20260119.tif.aux.xml","SCANFI_v2/2000/SCANFI_spsCC_PICE_RUB_2000_v2_20260119.tif.aux.xml","https://object-arbutus.cloud.computecanada.ca/predictiveecology/SCANFI_v2/2000/SCANFI_spsCC_PICE_RUB_2000_v2_20260119.tif.aux.xml","1rJo--EIUyNBjCNP_g3kkDJf18Lv4_WwZ","file"
"SCANFI_spsCC_PICE_RUB_2000_v2_20260119.tif.ovr","SCANFI_v2/2000/SCANFI_spsCC_PICE_RUB_2000_v2_20260119.tif.ovr","https://object-arbutus.cloud.computecanada.ca/predictiveecology/SCANFI_v2/2000/SCANFI_spsCC_PICE_RUB_2000_v2_20260119.tif.ovr","1pMN5gDNWZXEnU6sWKLE1L5cSsIHZGGYc","file"
"SCANFI_spsCC_PICE_SIT_2000_v2_20260119.tif","SCANFI_v2/2000/SCANFI_spsCC_PICE_SIT_2000_v2_20260119.tif","https://object-arbutus.cloud.computecanada.ca/predictiveecology/SCANFI_v2/2000/SCANFI_spsCC_PICE_SIT_2000_v2_20260119.tif","1caIbuCLyHx6DzAz0BXxw6dgmSsc0OHxx","file"
"SCANFI_spsCC_PICE_SIT_2000_v2_20260119.tif.aux.xml","SCANFI_v2/2000/SCANFI_spsCC_PICE_SIT_2000_v2_20260119.tif.aux.xml","https://object-arbutus.cloud.computecanada.ca/predictiveecology/SCANFI_v2/2000/SCANFI_spsCC_PICE_SIT_2000_v2_20260119.tif.aux.xml","1VE5R8MJYiL1XgKNWtz07pC1z6BkNwvH5","file"
"SCANFI_spsCC_PICE_SIT_2000_v2_20260119.tif.ovr","SCANFI_v2/2000/SCANFI_spsCC_PICE_SIT_2000_v2_20260119.tif.ovr","https://object-arbutus.cloud.computecanada.ca/predictiveecology/SCANFI_v2/2000/SCANFI_spsCC_PICE_SIT_2000_v2_20260119.tif.ovr","1l5Eeg7cPI_lm7IphaXCiv3EZ89e7_ejY","file"
"SCANFI_spsCC_PINU_BAN_2000_v2_20260119.tif","SCANFI_v2/2000/SCANFI_spsCC_PINU_BAN_2000_v2_20260119.tif","https://object-arbutus.cloud.computecanada.ca/predictiveecology/SCANFI_v2/2000/SCANFI_spsCC_PINU_BAN_2000_v2_20260119.tif","1fyg37z9bNq3IoZzEpqLqtjqbkg4hAcVH","file"
"SCANFI_spsCC_PINU_BAN_2000_v2_20260119.tif.aux.xml","SCANFI_v2/2000/SCANFI_spsCC_PINU_BAN_2000_v2_20260119.tif.aux.xml","https://object-arbutus.cloud.computecanada.ca/predictiveecology/SCANFI_v2/2000/SCANFI_spsCC_PINU_BAN_2000_v2_20260119.tif.aux.xml","1ev7IEvHp1tJEbkhCYrzLrKVTk-XqfBoh","file"
"SCANFI_spsCC_PINU_BAN_2000_v2_20260119.tif.ovr","SCANFI_v2/2000/SCANFI_spsCC_PINU_BAN_2000_v2_20260119.tif.ovr","https://object-arbutus.cloud.computecanada.ca/predictiveecology/SCANFI_v2/2000/SCANFI_spsCC_PINU_BAN_2000_v2_20260119.tif.ovr","1ZpBDEnV86u4ltJDKq-LThcVAET6F_0O2","file"
"SCANFI_spsCC_PINU_CON_CON_2000_v2_20260119.tif","SCANFI_v2/2000/SCANFI_spsCC_PINU_CON_CON_2000_v2_20260119.tif","https://object-arbutus.cloud.computecanada.ca/predictiveecology/SCANFI_v2/2000/SCANFI_spsCC_PINU_CON_CON_2000_v2_20260119.tif","1G5CZVOML2k74VDQ4SzV5ifGGd6v41mpb","file"
"SCANFI_spsCC_PINU_CON_CON_2000_v2_20260119.tif.aux.xml","SCANFI_v2/2000/SCANFI_spsCC_PINU_CON_CON_2000_v2_20260119.tif.aux.xml","https://object-arbutus.cloud.computecanada.ca/predictiveecology/SCANFI_v2/2000/SCANFI_spsCC_PINU_CON_CON_2000_v2_20260119.tif.aux.xml","1rHu3Qg514dzYEtn0-VVvBvxuERyUpR1B","file"
"SCANFI_spsCC_PINU_CON_CON_2000_v2_20260119.tif.ovr","SCANFI_v2/2000/SCANFI_spsCC_PINU_CON_CON_2000_v2_20260119.tif.ovr","https://object-arbutus.cloud.computecanada.ca/predictiveecology/SCANFI_v2/2000/SCANFI_spsCC_PINU_CON_CON_2000_v2_20260119.tif.ovr","124Gdcx2aA6xvQZE2CiqFUuJYbFzQBGay","file"
"SCANFI_spsCC_PINU_CON_LAT_2000_v2_20260119.tif","SCANFI_v2/2000/SCANFI_spsCC_PINU_CON_LAT_2000_v2_20260119.tif","https://object-arbutus.cloud.computecanada.ca/predictiveecology/SCANFI_v2/2000/SCANFI_spsCC_PINU_CON_LAT_2000_v2_20260119.tif","140MIqYCJAKyqErbmetFZ3-aljGSxWqJU","file"
"SCANFI_spsCC_PINU_CON_LAT_2000_v2_20260119.tif.aux.xml","SCANFI_v2/2000/SCANFI_spsCC_PINU_CON_LAT_2000_v2_20260119.tif.aux.xml","https://object-arbutus.cloud.computecanada.ca/predictiveecology/SCANFI_v2/2000/SCANFI_spsCC_PINU_CON_LAT_2000_v2_20260119.tif.aux.xml","1u2QnlGt7GIzuH-Dcz8V6f_FWGcZmVQhs","file"
"SCANFI_spsCC_PINU_CON_LAT_2000_v2_20260119.tif.ovr","SCANFI_v2/2000/SCANFI_spsCC_PINU_CON_LAT_2000_v2_20260119.tif.ovr","https://object-arbutus.cloud.computecanada.ca/predictiveecology/SCANFI_v2/2000/SCANFI_spsCC_PINU_CON_LAT_2000_v2_20260119.tif.ovr","12VYV6YC2YU9n4oIMoXpndGgKfQBYS-Tg","file"
"SCANFI_spsCC_PINU_PON_2000_v2_20260119.tif","SCANFI_v2/2000/SCANFI_spsCC_PINU_PON_2000_v2_20260119.tif","https://object-arbutus.cloud.computecanada.ca/predictiveecology/SCANFI_v2/2000/SCANFI_spsCC_PINU_PON_2000_v2_20260119.tif","1QPyJgKXIVhw75LxK4Sa4PvvE2Tjoq0pm","file"
"SCANFI_spsCC_PINU_PON_2000_v2_20260119.tif.aux.xml","SCANFI_v2/2000/SCANFI_spsCC_PINU_PON_2000_v2_20260119.tif.aux.xml","https://object-arbutus.cloud.computecanada.ca/predictiveecology/SCANFI_v2/2000/SCANFI_spsCC_PINU_PON_2000_v2_20260119.tif.aux.xml","15puyYvGQhKFBaa5i5AD0b-SOwHPYS68O","file"
"SCANFI_spsCC_PINU_PON_2000_v2_20260119.tif.ovr","SCANFI_v2/2000/SCANFI_spsCC_PINU_PON_2000_v2_20260119.tif.ovr","https://object-arbutus.cloud.computecanada.ca/predictiveecology/SCANFI_v2/2000/SCANFI_spsCC_PINU_PON_2000_v2_20260119.tif.ovr","1FlUn6w7fqLYiDtwlkNxI3PUiPN2uTs9h","file"
"SCANFI_spsCC_PINU_RES_2000_v2_20260119.tif","SCANFI_v2/2000/SCANFI_spsCC_PINU_RES_2000_v2_20260119.tif","https://object-arbutus.cloud.computecanada.ca/predictiveecology/SCANFI_v2/2000/SCANFI_spsCC_PINU_RES_2000_v2_20260119.tif","1334dwL887paQ-M5Gtp9kPWHl6ZAMvkgq","file"
"SCANFI_spsCC_PINU_RES_2000_v2_20260119.tif.aux.xml","SCANFI_v2/2000/SCANFI_spsCC_PINU_RES_2000_v2_20260119.tif.aux.xml","https://object-arbutus.cloud.computecanada.ca/predictiveecology/SCANFI_v2/2000/SCANFI_spsCC_PINU_RES_2000_v2_20260119.tif.aux.xml","1bquPf9M0R10inbeq0mymXx1uaH6Kpfff","file"
"SCANFI_spsCC_PINU_RES_2000_v2_20260119.tif.ovr","SCANFI_v2/2000/SCANFI_spsCC_PINU_RES_2000_v2_20260119.tif.ovr","https://object-arbutus.cloud.computecanada.ca/predictiveecology/SCANFI_v2/2000/SCANFI_spsCC_PINU_RES_2000_v2_20260119.tif.ovr","1hh4G35WHexeMpmmd7qoyrHvXHJ7Fj6cs","file"
"SCANFI_spsCC_PINU_STR_2000_v2_20260119.tif","SCANFI_v2/2000/SCANFI_spsCC_PINU_STR_2000_v2_20260119.tif","https://object-arbutus.cloud.computecanada.ca/predictiveecology/SCANFI_v2/2000/SCANFI_spsCC_PINU_STR_2000_v2_20260119.tif","1C77YXualrTzGLysT78Q46Y3Mks9XCaDk","file"
"SCANFI_spsCC_PINU_STR_2000_v2_20260119.tif.aux.xml","SCANFI_v2/2000/SCANFI_spsCC_PINU_STR_2000_v2_20260119.tif.aux.xml","https://object-arbutus.cloud.computecanada.ca/predictiveecology/SCANFI_v2/2000/SCANFI_spsCC_PINU_STR_2000_v2_20260119.tif.aux.xml","1VLZh4KSX82Ni8PwX0kyjyFZZiNcYHmZq","file"
"SCANFI_spsCC_PINU_STR_2000_v2_20260119.tif.ovr","SCANFI_v2/2000/SCANFI_spsCC_PINU_STR_2000_v2_20260119.tif.ovr","https://object-arbutus.cloud.computecanada.ca/predictiveecology/SCANFI_v2/2000/SCANFI_spsCC_PINU_STR_2000_v2_20260119.tif.ovr","12P44iaXZynJPmJU3tPYbU2593zfIESSG","file"
"SCANFI_spsCC_POPU_BAL_2000_v2_20260119.tif","SCANFI_v2/2000/SCANFI_spsCC_POPU_BAL_2000_v2_20260119.tif","https://object-arbutus.cloud.computecanada.ca/predictiveecology/SCANFI_v2/2000/SCANFI_spsCC_POPU_BAL_2000_v2_20260119.tif","16kqyCAepJhe-F2WN-m9_oFGRL14Qhh3c","file"
"SCANFI_spsCC_POPU_BAL_2000_v2_20260119.tif.aux.xml","SCANFI_v2/2000/SCANFI_spsCC_POPU_BAL_2000_v2_20260119.tif.aux.xml","https://object-arbutus.cloud.computecanada.ca/predictiveecology/SCANFI_v2/2000/SCANFI_spsCC_POPU_BAL_2000_v2_20260119.tif.aux.xml","12-Ss5IlCGhpJy0dhBXK3zoyt5ReDN4Lh","file"
"SCANFI_spsCC_POPU_BAL_2000_v2_20260119.tif.ovr","SCANFI_v2/2000/SCANFI_spsCC_POPU_BAL_2000_v2_20260119.tif.ovr","https://object-arbutus.cloud.computecanada.ca/predictiveecology/SCANFI_v2/2000/SCANFI_spsCC_POPU_BAL_2000_v2_20260119.tif.ovr","1yf8LYUkJv6lxLa51VLe1fXOopAFnbSYu","file"
"SCANFI_spsCC_POPU_GRA_2000_v2_20260119.tif","SCANFI_v2/2000/SCANFI_spsCC_POPU_GRA_2000_v2_20260119.tif","https://object-arbutus.cloud.computecanada.ca/predictiveecology/SCANFI_v2/2000/SCANFI_spsCC_POPU_GRA_2000_v2_20260119.tif","12b5op8f1fYUyI7dbSG6LEIC6yxoTaRYa","file"
"SCANFI_spsCC_POPU_GRA_2000_v2_20260119.tif.aux.xml","SCANFI_v2/2000/SCANFI_spsCC_POPU_GRA_2000_v2_20260119.tif.aux.xml","https://object-arbutus.cloud.computecanada.ca/predictiveecology/SCANFI_v2/2000/SCANFI_spsCC_POPU_GRA_2000_v2_20260119.tif.aux.xml","1WHj_jJjlk7KpDS5BiITT_chIxWCPzEob","file"
"SCANFI_spsCC_POPU_GRA_2000_v2_20260119.tif.ovr","SCANFI_v2/2000/SCANFI_spsCC_POPU_GRA_2000_v2_20260119.tif.ovr","https://object-arbutus.cloud.computecanada.ca/predictiveecology/SCANFI_v2/2000/SCANFI_spsCC_POPU_GRA_2000_v2_20260119.tif.ovr","1ZMuIH3Qg2fyJRLu__jgSPHemS8yKT6h8","file"
"SCANFI_spsCC_POPU_TRE_2000_v2_20260119.tif","SCANFI_v2/2000/SCANFI_spsCC_POPU_TRE_2000_v2_20260119.tif","https://object-arbutus.cloud.computecanada.ca/predictiveecology/SCANFI_v2/2000/SCANFI_spsCC_POPU_TRE_2000_v2_20260119.tif","1JP_IwA-kuqyXsEVp-tp84Rulg4iUaa74","file"
"SCANFI_spsCC_POPU_TRE_2000_v2_20260119.tif.aux.xml","SCANFI_v2/2000/SCANFI_spsCC_POPU_TRE_2000_v2_20260119.tif.aux.xml","https://object-arbutus.cloud.computecanada.ca/predictiveecology/SCANFI_v2/2000/SCANFI_spsCC_POPU_TRE_2000_v2_20260119.tif.aux.xml","1UAQCZ8wUAOJD3PFBq52snvf9Iw9_uAij","file"
"SCANFI_spsCC_POPU_TRE_2000_v2_20260119.tif.ovr","SCANFI_v2/2000/SCANFI_spsCC_POPU_TRE_2000_v2_20260119.tif.ovr","https://object-arbutus.cloud.computecanada.ca/predictiveecology/SCANFI_v2/2000/SCANFI_spsCC_POPU_TRE_2000_v2_20260119.tif.ovr","1abKYkDCONVgo15KmNOXf94KraRFSn1ws","file"
"SCANFI_spsCC_prcB_other_2000_v2_20260119.tif","SCANFI_v2/2000/SCANFI_spsCC_prcB_other_2000_v2_20260119.tif","https://object-arbutus.cloud.computecanada.ca/predictiveecology/SCANFI_v2/2000/SCANFI_spsCC_prcB_other_2000_v2_20260119.tif","1cjSszjKfbqQ1P-d_Cheo_B_dGDWoM8gZ","file"
"SCANFI_spsCC_prcB_other_2000_v2_20260119.tif.aux.xml","SCANFI_v2/2000/SCANFI_spsCC_prcB_other_2000_v2_20260119.tif.aux.xml","https://object-arbutus.cloud.computecanada.ca/predictiveecology/SCANFI_v2/2000/SCANFI_spsCC_prcB_other_2000_v2_20260119.tif.aux.xml","1K1RRoxOAQOyfumrkpzG4aAVCnBs59nrN","file"
"SCANFI_spsCC_prcB_other_2000_v2_20260119.tif.ovr","SCANFI_v2/2000/SCANFI_spsCC_prcB_other_2000_v2_20260119.tif.ovr","https://object-arbutus.cloud.computecanada.ca/predictiveecology/SCANFI_v2/2000/SCANFI_spsCC_prcB_other_2000_v2_20260119.tif.ovr","11UwCdgS-NQQQ7_jn6iaz6lt0oI4g_TNz","file"
"SCANFI_spsCC_prcC_other_2000_v2_20260119.tif","SCANFI_v2/2000/SCANFI_spsCC_prcC_other_2000_v2_20260119.tif","https://object-arbutus.cloud.computecanada.ca/predictiveecology/SCANFI_v2/2000/SCANFI_spsCC_prcC_other_2000_v2_20260119.tif","1wX7Ppk_MjDGBN5_mZDbKFuD2dqbJPlrD","file"
"SCANFI_spsCC_prcC_other_2000_v2_20260119.tif.aux.xml","SCANFI_v2/2000/SCANFI_spsCC_prcC_other_2000_v2_20260119.tif.aux.xml","https://object-arbutus.cloud.computecanada.ca/predictiveecology/SCANFI_v2/2000/SCANFI_spsCC_prcC_other_2000_v2_20260119.tif.aux.xml","1pYlgO7xQjVyS8sYQ_ebcFSaJOQvPMcPB","file"
"SCANFI_spsCC_prcC_other_2000_v2_20260119.tif.ovr","SCANFI_v2/2000/SCANFI_spsCC_prcC_other_2000_v2_20260119.tif.ovr","https://object-arbutus.cloud.computecanada.ca/predictiveecology/SCANFI_v2/2000/SCANFI_spsCC_prcC_other_2000_v2_20260119.tif.ovr","1DYcmQEueZdsdw33orP_b2ZdxaNzoTV9v","file"
"SCANFI_spsCC_PSEU_MEN_2000_v2_20260119.tif","SCANFI_v2/2000/SCANFI_spsCC_PSEU_MEN_2000_v2_20260119.tif","https://object-arbutus.cloud.computecanada.ca/predictiveecology/SCANFI_v2/2000/SCANFI_spsCC_PSEU_MEN_2000_v2_20260119.tif","1CAzTe7txbHe_DX7kO25pd5yih_SjyE7c","file"
"SCANFI_spsCC_PSEU_MEN_2000_v2_20260119.tif.aux.xml","SCANFI_v2/2000/SCANFI_spsCC_PSEU_MEN_2000_v2_20260119.tif.aux.xml","https://object-arbutus.cloud.computecanada.ca/predictiveecology/SCANFI_v2/2000/SCANFI_spsCC_PSEU_MEN_2000_v2_20260119.tif.aux.xml","1qn6y8YNyuSD1yJwA0pcAnpdJc-ROVc6o","file"
"SCANFI_spsCC_PSEU_MEN_2000_v2_20260119.tif.ovr","SCANFI_v2/2000/SCANFI_spsCC_PSEU_MEN_2000_v2_20260119.tif.ovr","https://object-arbutus.cloud.computecanada.ca/predictiveecology/SCANFI_v2/2000/SCANFI_spsCC_PSEU_MEN_2000_v2_20260119.tif.ovr","174etwhgCgvt0gcmoIoZ2ZLldJcHmpzW_","file"
"SCANFI_spsCC_PSEU_MEN_GLA_2000_v2_20260119.tif","SCANFI_v2/2000/SCANFI_spsCC_PSEU_MEN_GLA_2000_v2_20260119.tif","https://object-arbutus.cloud.computecanada.ca/predictiveecology/SCANFI_v2/2000/SCANFI_spsCC_PSEU_MEN_GLA_2000_v2_20260119.tif","1XkNDajalfYCQeNW89UbKsW0z5SnpQFyM","file"
"SCANFI_spsCC_PSEU_MEN_GLA_2000_v2_20260119.tif.aux.xml","SCANFI_v2/2000/SCANFI_spsCC_PSEU_MEN_GLA_2000_v2_20260119.tif.aux.xml","https://object-arbutus.cloud.computecanada.ca/predictiveecology/SCANFI_v2/2000/SCANFI_spsCC_PSEU_MEN_GLA_2000_v2_20260119.tif.aux.xml","1vMmpuL4IJvF4YgpyooZouWUVz3CADBk_","file"
"SCANFI_spsCC_PSEU_MEN_GLA_2000_v2_20260119.tif.ovr","SCANFI_v2/2000/SCANFI_spsCC_PSEU_MEN_GLA_2000_v2_20260119.tif.ovr","https://object-arbutus.cloud.computecanada.ca/predictiveecology/SCANFI_v2/2000/SCANFI_spsCC_PSEU_MEN_GLA_2000_v2_20260119.tif.ovr","18LtlLBTmkge4vtCzHUjS84bGL2MRPVUH","file"
"SCANFI_spsCC_PSEU_MEN_MEN_2000_v2_20260119.tif","SCANFI_v2/2000/SCANFI_spsCC_PSEU_MEN_MEN_2000_v2_20260119.tif","https://object-arbutus.cloud.computecanada.ca/predictiveecology/SCANFI_v2/2000/SCANFI_spsCC_PSEU_MEN_MEN_2000_v2_20260119.tif","1u0172_S3H4axo7uCFBywltC65Prrhyh4","file"
"SCANFI_spsCC_PSEU_MEN_MEN_2000_v2_20260119.tif.aux.xml","SCANFI_v2/2000/SCANFI_spsCC_PSEU_MEN_MEN_2000_v2_20260119.tif.aux.xml","https://object-arbutus.cloud.computecanada.ca/predictiveecology/SCANFI_v2/2000/SCANFI_spsCC_PSEU_MEN_MEN_2000_v2_20260119.tif.aux.xml","1AqKqpa-VBMnqdmg6Qc5m9Dey6RWMiEo2","file"
"SCANFI_spsCC_PSEU_MEN_MEN_2000_v2_20260119.tif.ovr","SCANFI_v2/2000/SCANFI_spsCC_PSEU_MEN_MEN_2000_v2_20260119.tif.ovr","https://object-arbutus.cloud.computecanada.ca/predictiveecology/SCANFI_v2/2000/SCANFI_spsCC_PSEU_MEN_MEN_2000_v2_20260119.tif.ovr","1FPLQ5ppWMNlDHFCiacAC7jaX1wujU0Q9","file"
"SCANFI_spsCC_QUER_RUB_2000_v2_20260119.tif","SCANFI_v2/2000/SCANFI_spsCC_QUER_RUB_2000_v2_20260119.tif","https://object-arbutus.cloud.computecanada.ca/predictiveecology/SCANFI_v2/2000/SCANFI_spsCC_QUER_RUB_2000_v2_20260119.tif","15196af-nF6HwBvHxIUr8KKB5gHb6sXsX","file"
"SCANFI_spsCC_QUER_RUB_2000_v2_20260119.tif.aux.xml","SCANFI_v2/2000/SCANFI_spsCC_QUER_RUB_2000_v2_20260119.tif.aux.xml","https://object-arbutus.cloud.computecanada.ca/predictiveecology/SCANFI_v2/2000/SCANFI_spsCC_QUER_RUB_2000_v2_20260119.tif.aux.xml","1_cs2widEE2lBNfjHRhIHnOSnac2JOz6n","file"
"SCANFI_spsCC_QUER_RUB_2000_v2_20260119.tif.ovr","SCANFI_v2/2000/SCANFI_spsCC_QUER_RUB_2000_v2_20260119.tif.ovr","https://object-arbutus.cloud.computecanada.ca/predictiveecology/SCANFI_v2/2000/SCANFI_spsCC_QUER_RUB_2000_v2_20260119.tif.ovr","1d5-FKgm-2j5qs3efFZQh9zH5rqd_OTtX","file"
"SCANFI_spsCC_THUJ_OCC_2000_v2_20260119.tif","SCANFI_v2/2000/SCANFI_spsCC_THUJ_OCC_2000_v2_20260119.tif","https://object-arbutus.cloud.computecanada.ca/predictiveecology/SCANFI_v2/2000/SCANFI_spsCC_THUJ_OCC_2000_v2_20260119.tif","1F-UFq2meQ81iB67xvpR55aWs4giJJIZw","file"
"SCANFI_spsCC_THUJ_OCC_2000_v2_20260119.tif.aux.xml","SCANFI_v2/2000/SCANFI_spsCC_THUJ_OCC_2000_v2_20260119.tif.aux.xml","https://object-arbutus.cloud.computecanada.ca/predictiveecology/SCANFI_v2/2000/SCANFI_spsCC_THUJ_OCC_2000_v2_20260119.tif.aux.xml","1-Gsy8qKE1dSBB_6CtiCqpIyuyTbiKztS","file"
"SCANFI_spsCC_THUJ_OCC_2000_v2_20260119.tif.ovr","SCANFI_v2/2000/SCANFI_spsCC_THUJ_OCC_2000_v2_20260119.tif.ovr","https://object-arbutus.cloud.computecanada.ca/predictiveecology/SCANFI_v2/2000/SCANFI_spsCC_THUJ_OCC_2000_v2_20260119.tif.ovr","1RRWoRyr8_tfvFP4qRRk4axTbVF4y7vIM","file"
"SCANFI_spsCC_THUJ_PLI_2000_v2_20260119.tif","SCANFI_v2/2000/SCANFI_spsCC_THUJ_PLI_2000_v2_20260119.tif","https://object-arbutus.cloud.computecanada.ca/predictiveecology/SCANFI_v2/2000/SCANFI_spsCC_THUJ_PLI_2000_v2_20260119.tif","1NQW9hu1DSEVpsERDvoLCh3YjOWzsmV1H","file"
"SCANFI_spsCC_THUJ_PLI_2000_v2_20260119.tif.aux.xml","SCANFI_v2/2000/SCANFI_spsCC_THUJ_PLI_2000_v2_20260119.tif.aux.xml","https://object-arbutus.cloud.computecanada.ca/predictiveecology/SCANFI_v2/2000/SCANFI_spsCC_THUJ_PLI_2000_v2_20260119.tif.aux.xml","1Kemjm3GVjwNKcxjjJ1gO6TpN8tQHpebl","file"
"SCANFI_spsCC_THUJ_PLI_2000_v2_20260119.tif.ovr","SCANFI_v2/2000/SCANFI_spsCC_THUJ_PLI_2000_v2_20260119.tif.ovr","https://object-arbutus.cloud.computecanada.ca/predictiveecology/SCANFI_v2/2000/SCANFI_spsCC_THUJ_PLI_2000_v2_20260119.tif.ovr","1uPrUCCPc4oS9o7vf7IU00NlfRLBYbPCH","file"
"SCANFI_spsCC_TSUG_CAN_2000_v2_20260119.tif","SCANFI_v2/2000/SCANFI_spsCC_TSUG_CAN_2000_v2_20260119.tif","https://object-arbutus.cloud.computecanada.ca/predictiveecology/SCANFI_v2/2000/SCANFI_spsCC_TSUG_CAN_2000_v2_20260119.tif","1zu9OphMwyA8CAOqW421l5HW9DglaNX5h","file"
"SCANFI_spsCC_TSUG_CAN_2000_v2_20260119.tif.aux.xml","SCANFI_v2/2000/SCANFI_spsCC_TSUG_CAN_2000_v2_20260119.tif.aux.xml","https://object-arbutus.cloud.computecanada.ca/predictiveecology/SCANFI_v2/2000/SCANFI_spsCC_TSUG_CAN_2000_v2_20260119.tif.aux.xml","1qHYKs4BhipvEUFAztB-Y9r6NQknz7Gpk","file"
"SCANFI_spsCC_TSUG_CAN_2000_v2_20260119.tif.ovr","SCANFI_v2/2000/SCANFI_spsCC_TSUG_CAN_2000_v2_20260119.tif.ovr","https://object-arbutus.cloud.computecanada.ca/predictiveecology/SCANFI_v2/2000/SCANFI_spsCC_TSUG_CAN_2000_v2_20260119.tif.ovr","1rP50Y1uwQTWbTAbJnwmp2L6kUgmZT0lB","file"
"SCANFI_spsCC_TSUG_HET_2000_v2_20260119.tif","SCANFI_v2/2000/SCANFI_spsCC_TSUG_HET_2000_v2_20260119.tif","https://object-arbutus.cloud.computecanada.ca/predictiveecology/SCANFI_v2/2000/SCANFI_spsCC_TSUG_HET_2000_v2_20260119.tif","1wCiic9o2CivjmJOZaFDXn-NkLzkSFjbN","file"
"SCANFI_spsCC_TSUG_HET_2000_v2_20260119.tif.aux.xml","SCANFI_v2/2000/SCANFI_spsCC_TSUG_HET_2000_v2_20260119.tif.aux.xml","https://object-arbutus.cloud.computecanada.ca/predictiveecology/SCANFI_v2/2000/SCANFI_spsCC_TSUG_HET_2000_v2_20260119.tif.aux.xml","1GGisc8wciThRxZXVhKI1xYRMrxoW1RJh","file"
"SCANFI_spsCC_TSUG_HET_2000_v2_20260119.tif.ovr","SCANFI_v2/2000/SCANFI_spsCC_TSUG_HET_2000_v2_20260119.tif.ovr","https://object-arbutus.cloud.computecanada.ca/predictiveecology/SCANFI_v2/2000/SCANFI_spsCC_TSUG_HET_2000_v2_20260119.tif.ovr","1Vpp-x2icj2uLFDsCVZZ0hbZWn3-HtrDe","file"
"SCANFI_spsCC_TSUG_MER_2000_v2_20260119.tif","SCANFI_v2/2000/SCANFI_spsCC_TSUG_MER_2000_v2_20260119.tif","https://object-arbutus.cloud.computecanada.ca/predictiveecology/SCANFI_v2/2000/SCANFI_spsCC_TSUG_MER_2000_v2_20260119.tif","1-VBGEpqZ5tzMvLjfUABPPXjcFLdyGzyD","file"
"SCANFI_spsCC_TSUG_MER_2000_v2_20260119.tif.aux.xml","SCANFI_v2/2000/SCANFI_spsCC_TSUG_MER_2000_v2_20260119.tif.aux.xml","https://object-arbutus.cloud.computecanada.ca/predictiveecology/SCANFI_v2/2000/SCANFI_spsCC_TSUG_MER_2000_v2_20260119.tif.aux.xml","1yFoSsSfuCH9SfICzVq-l6DKoZKecjiMQ","file"
"SCANFI_spsCC_TSUG_MER_2000_v2_20260119.tif.ovr","SCANFI_v2/2000/SCANFI_spsCC_TSUG_MER_2000_v2_20260119.tif.ovr","https://object-arbutus.cloud.computecanada.ca/predictiveecology/SCANFI_v2/2000/SCANFI_spsCC_TSUG_MER_2000_v2_20260119.tif.ovr","1UmhtpXuhjy_J24bYvRvSN95iPCqx_I24","file"
"SCANFI_age_median_2005_v2_20260119.tif","SCANFI_v2/2005/SCANFI_age_median_2005_v2_20260119.tif","https://object-arbutus.cloud.computecanada.ca/predictiveecology/SCANFI_v2/2005/SCANFI_age_median_2005_v2_20260119.tif","1HSWZ7aHW9GxfYTI3aAZRz5i2rD9-pymq","file"
"SCANFI_att_biomass_2005_v2_20260119.tif","SCANFI_v2/2005/SCANFI_att_biomass_2005_v2_20260119.tif","https://object-arbutus.cloud.computecanada.ca/predictiveecology/SCANFI_v2/2005/SCANFI_att_biomass_2005_v2_20260119.tif","1NxgZXKPiFTWRTHo7b40jCJqLvvvMp1tY","file"
"SCANFI_att_closure_2005_v2_20260119.tif","SCANFI_v2/2005/SCANFI_att_closure_2005_v2_20260119.tif","https://object-arbutus.cloud.computecanada.ca/predictiveecology/SCANFI_v2/2005/SCANFI_att_closure_2005_v2_20260119.tif","1ML-iCtN2um70RxYVN1PYlktPGmcDdep2","file"
"SCANFI_att_height_2005_v2_20260119.tif","SCANFI_v2/2005/SCANFI_att_height_2005_v2_20260119.tif","https://object-arbutus.cloud.computecanada.ca/predictiveecology/SCANFI_v2/2005/SCANFI_att_height_2005_v2_20260119.tif","1UtUaT_E6x7z4sZAApjKQpZOSKh_ruGH6","file"
"SCANFI_att_nfiLandcover_2005_v2_20260119.tif","SCANFI_v2/2005/SCANFI_att_nfiLandcover_2005_v2_20260119.tif","https://object-arbutus.cloud.computecanada.ca/predictiveecology/SCANFI_v2/2005/SCANFI_att_nfiLandcover_2005_v2_20260119.tif","1i1353LETOoRLjOo4d875U-AquLe7MVFn","file"
"SCANFI_att_nfiLandcover_CanadaLCCclassCodes_2005_v2_20260119.tif","SCANFI_v2/2005/SCANFI_att_nfiLandcover_CanadaLCCclassCodes_2005_v2_20260119.tif","https://object-arbutus.cloud.computecanada.ca/predictiveecology/SCANFI_v2/2005/SCANFI_att_nfiLandcover_CanadaLCCclassCodes_2005_v2_20260119.tif","1eKNGWrwGEFRFOK2TLVXldfd8hB3OsbSG","file"
"SCANFI_spsCC_ABIE_AMA_2005_v2_20260119.tif","SCANFI_v2/2005/SCANFI_spsCC_ABIE_AMA_2005_v2_20260119.tif","https://object-arbutus.cloud.computecanada.ca/predictiveecology/SCANFI_v2/2005/SCANFI_spsCC_ABIE_AMA_2005_v2_20260119.tif","1j8m947BzhEuX0hC646E8F1oPdtwejNnE","file"
"SCANFI_spsCC_ABIE_AMA_2005_v2_20260119.tif.aux.xml","SCANFI_v2/2005/SCANFI_spsCC_ABIE_AMA_2005_v2_20260119.tif.aux.xml","https://object-arbutus.cloud.computecanada.ca/predictiveecology/SCANFI_v2/2005/SCANFI_spsCC_ABIE_AMA_2005_v2_20260119.tif.aux.xml","1lnrl_w-5VWXZhipMNCEySFxcRD1PfqBP","file"
"SCANFI_spsCC_ABIE_AMA_2005_v2_20260119.tif.ovr","SCANFI_v2/2005/SCANFI_spsCC_ABIE_AMA_2005_v2_20260119.tif.ovr","https://object-arbutus.cloud.computecanada.ca/predictiveecology/SCANFI_v2/2005/SCANFI_spsCC_ABIE_AMA_2005_v2_20260119.tif.ovr","1oGeylC6ln4KbA_-aoH-FzoEBbrU4z5eo","file"
"SCANFI_spsCC_ABIE_BAL_2005_v2_20260119.tif","SCANFI_v2/2005/SCANFI_spsCC_ABIE_BAL_2005_v2_20260119.tif","https://object-arbutus.cloud.computecanada.ca/predictiveecology/SCANFI_v2/2005/SCANFI_spsCC_ABIE_BAL_2005_v2_20260119.tif","1hzEgfCSp2LVa_gbPaLfYW9I0-7NiYLW_","file"
"SCANFI_spsCC_ABIE_BAL_2005_v2_20260119.tif.aux.xml","SCANFI_v2/2005/SCANFI_spsCC_ABIE_BAL_2005_v2_20260119.tif.aux.xml","https://object-arbutus.cloud.computecanada.ca/predictiveecology/SCANFI_v2/2005/SCANFI_spsCC_ABIE_BAL_2005_v2_20260119.tif.aux.xml","1LxsqHNxtEO0Gc-I8b3yH_XS_kOYkLkAF","file"
"SCANFI_spsCC_ABIE_BAL_2005_v2_20260119.tif.ovr","SCANFI_v2/2005/SCANFI_spsCC_ABIE_BAL_2005_v2_20260119.tif.ovr","https://object-arbutus.cloud.computecanada.ca/predictiveecology/SCANFI_v2/2005/SCANFI_spsCC_ABIE_BAL_2005_v2_20260119.tif.ovr","1xq3xmoB7c7Ni3TJjJgz8cjEHV-gwt795","file"
"SCANFI_spsCC_ABIE_LAS_2005_v2_20260119.tif","SCANFI_v2/2005/SCANFI_spsCC_ABIE_LAS_2005_v2_20260119.tif","https://object-arbutus.cloud.computecanada.ca/predictiveecology/SCANFI_v2/2005/SCANFI_spsCC_ABIE_LAS_2005_v2_20260119.tif","1MQT4xpzwe7EZkm63pjrYBgkqzY1JGhml","file"
"SCANFI_spsCC_ABIE_LAS_2005_v2_20260119.tif.aux.xml","SCANFI_v2/2005/SCANFI_spsCC_ABIE_LAS_2005_v2_20260119.tif.aux.xml","https://object-arbutus.cloud.computecanada.ca/predictiveecology/SCANFI_v2/2005/SCANFI_spsCC_ABIE_LAS_2005_v2_20260119.tif.aux.xml","1QbF4clmVUy1ZtvFQnoGMEmX3FLB1jCe9","file"
"SCANFI_spsCC_ABIE_LAS_2005_v2_20260119.tif.ovr","SCANFI_v2/2005/SCANFI_spsCC_ABIE_LAS_2005_v2_20260119.tif.ovr","https://object-arbutus.cloud.computecanada.ca/predictiveecology/SCANFI_v2/2005/SCANFI_spsCC_ABIE_LAS_2005_v2_20260119.tif.ovr","18k2DRWzz_C9tI6SHPq0KU_LzD7POk17g","file"
"SCANFI_spsCC_ACER_RUB_2005_v2_20260119.tif","SCANFI_v2/2005/SCANFI_spsCC_ACER_RUB_2005_v2_20260119.tif","https://object-arbutus.cloud.computecanada.ca/predictiveecology/SCANFI_v2/2005/SCANFI_spsCC_ACER_RUB_2005_v2_20260119.tif","1HdaDrGFmTaUWvUjLVJsjg2cQGKz9da84","file"
"SCANFI_spsCC_ACER_RUB_2005_v2_20260119.tif.aux.xml","SCANFI_v2/2005/SCANFI_spsCC_ACER_RUB_2005_v2_20260119.tif.aux.xml","https://object-arbutus.cloud.computecanada.ca/predictiveecology/SCANFI_v2/2005/SCANFI_spsCC_ACER_RUB_2005_v2_20260119.tif.aux.xml","1bAmy2xMSNiAdnPwx9yB7aVmHcN8q4L4E","file"
"SCANFI_spsCC_ACER_RUB_2005_v2_20260119.tif.ovr","SCANFI_v2/2005/SCANFI_spsCC_ACER_RUB_2005_v2_20260119.tif.ovr","https://object-arbutus.cloud.computecanada.ca/predictiveecology/SCANFI_v2/2005/SCANFI_spsCC_ACER_RUB_2005_v2_20260119.tif.ovr","19MN0aPLopliadKeBBPnZmktBHb2P_w7_","file"
"SCANFI_spsCC_ACER_SAH_2005_v2_20260119.tif","SCANFI_v2/2005/SCANFI_spsCC_ACER_SAH_2005_v2_20260119.tif","https://object-arbutus.cloud.computecanada.ca/predictiveecology/SCANFI_v2/2005/SCANFI_spsCC_ACER_SAH_2005_v2_20260119.tif","1JiglXxtOVTll_Jcts0yxZzm-YVE1vkKa","file"
"SCANFI_spsCC_ACER_SAH_2005_v2_20260119.tif.aux.xml","SCANFI_v2/2005/SCANFI_spsCC_ACER_SAH_2005_v2_20260119.tif.aux.xml","https://object-arbutus.cloud.computecanada.ca/predictiveecology/SCANFI_v2/2005/SCANFI_spsCC_ACER_SAH_2005_v2_20260119.tif.aux.xml","16xJQxSA1e7i60fLc3udLNzNXC9O0odRl","file"
"SCANFI_spsCC_ACER_SAH_2005_v2_20260119.tif.ovr","SCANFI_v2/2005/SCANFI_spsCC_ACER_SAH_2005_v2_20260119.tif.ovr","https://object-arbutus.cloud.computecanada.ca/predictiveecology/SCANFI_v2/2005/SCANFI_spsCC_ACER_SAH_2005_v2_20260119.tif.ovr","1KL9TCsRdef6m3qbKrr2zfxkULDmQMEzT","file"
"SCANFI_spsCC_ALNU_RUB_2005_v2_20260119.tif","SCANFI_v2/2005/SCANFI_spsCC_ALNU_RUB_2005_v2_20260119.tif","https://object-arbutus.cloud.computecanada.ca/predictiveecology/SCANFI_v2/2005/SCANFI_spsCC_ALNU_RUB_2005_v2_20260119.tif","1Rzz3JSva3oFKT8l7oDfl7SaqQzHpIsO4","file"
"SCANFI_spsCC_ALNU_RUB_2005_v2_20260119.tif.aux.xml","SCANFI_v2/2005/SCANFI_spsCC_ALNU_RUB_2005_v2_20260119.tif.aux.xml","https://object-arbutus.cloud.computecanada.ca/predictiveecology/SCANFI_v2/2005/SCANFI_spsCC_ALNU_RUB_2005_v2_20260119.tif.aux.xml","1OWGS8z3QZkPGt9s7H4DmC-ZLeZ7wjs9P","file"
"SCANFI_spsCC_ALNU_RUB_2005_v2_20260119.tif.ovr","SCANFI_v2/2005/SCANFI_spsCC_ALNU_RUB_2005_v2_20260119.tif.ovr","https://object-arbutus.cloud.computecanada.ca/predictiveecology/SCANFI_v2/2005/SCANFI_spsCC_ALNU_RUB_2005_v2_20260119.tif.ovr","1IYvqAVSSMMLz9eU_bcBaaMo-i3tOMM2t","file"
"SCANFI_spsCC_BETU_ALL_2005_v2_20260119.tif","SCANFI_v2/2005/SCANFI_spsCC_BETU_ALL_2005_v2_20260119.tif","https://object-arbutus.cloud.computecanada.ca/predictiveecology/SCANFI_v2/2005/SCANFI_spsCC_BETU_ALL_2005_v2_20260119.tif","1Qka-EFM4dzUlGzUGVci1jYwHEoHbRJ6J","file"
"SCANFI_spsCC_BETU_ALL_2005_v2_20260119.tif.aux.xml","SCANFI_v2/2005/SCANFI_spsCC_BETU_ALL_2005_v2_20260119.tif.aux.xml","https://object-arbutus.cloud.computecanada.ca/predictiveecology/SCANFI_v2/2005/SCANFI_spsCC_BETU_ALL_2005_v2_20260119.tif.aux.xml","1Onehl3js7ttkSI_ypetbjFV1IIdwMnxk","file"
"SCANFI_spsCC_BETU_ALL_2005_v2_20260119.tif.ovr","SCANFI_v2/2005/SCANFI_spsCC_BETU_ALL_2005_v2_20260119.tif.ovr","https://object-arbutus.cloud.computecanada.ca/predictiveecology/SCANFI_v2/2005/SCANFI_spsCC_BETU_ALL_2005_v2_20260119.tif.ovr","14brp9pfRiHeYOUco6T8-wwTRfvNmQ5YC","file"
"SCANFI_spsCC_BETU_PAP_2005_v2_20260119.tif","SCANFI_v2/2005/SCANFI_spsCC_BETU_PAP_2005_v2_20260119.tif","https://object-arbutus.cloud.computecanada.ca/predictiveecology/SCANFI_v2/2005/SCANFI_spsCC_BETU_PAP_2005_v2_20260119.tif","1t4Ynm10iZuvVnDzXJydX4a0hXa8Q9bT1","file"
"SCANFI_spsCC_BETU_PAP_2005_v2_20260119.tif.aux.xml","SCANFI_v2/2005/SCANFI_spsCC_BETU_PAP_2005_v2_20260119.tif.aux.xml","https://object-arbutus.cloud.computecanada.ca/predictiveecology/SCANFI_v2/2005/SCANFI_spsCC_BETU_PAP_2005_v2_20260119.tif.aux.xml","12Nu8DKVWJUqVQyTTXnMFI-yfklYBeUou","file"
"SCANFI_spsCC_BETU_PAP_2005_v2_20260119.tif.ovr","SCANFI_v2/2005/SCANFI_spsCC_BETU_PAP_2005_v2_20260119.tif.ovr","https://object-arbutus.cloud.computecanada.ca/predictiveecology/SCANFI_v2/2005/SCANFI_spsCC_BETU_PAP_2005_v2_20260119.tif.ovr","1ghfK03R5vvriqT1NMSP7j7WOxuCC3ziQ","file"
"SCANFI_spsCC_CHAM_NOO_2005_v2_20260119.tif","SCANFI_v2/2005/SCANFI_spsCC_CHAM_NOO_2005_v2_20260119.tif","https://object-arbutus.cloud.computecanada.ca/predictiveecology/SCANFI_v2/2005/SCANFI_spsCC_CHAM_NOO_2005_v2_20260119.tif","1j52bTsK8BIMpwjDE2CqsrSg6yO41KoZQ","file"
"SCANFI_spsCC_CHAM_NOO_2005_v2_20260119.tif.aux.xml","SCANFI_v2/2005/SCANFI_spsCC_CHAM_NOO_2005_v2_20260119.tif.aux.xml","https://object-arbutus.cloud.computecanada.ca/predictiveecology/SCANFI_v2/2005/SCANFI_spsCC_CHAM_NOO_2005_v2_20260119.tif.aux.xml","1mHsFXnzRGIuG-tqsm75nOUD0TnvhbzR-","file"
"SCANFI_spsCC_CHAM_NOO_2005_v2_20260119.tif.ovr","SCANFI_v2/2005/SCANFI_spsCC_CHAM_NOO_2005_v2_20260119.tif.ovr","https://object-arbutus.cloud.computecanada.ca/predictiveecology/SCANFI_v2/2005/SCANFI_spsCC_CHAM_NOO_2005_v2_20260119.tif.ovr","1XoogEFIDve1HG85e9lW5y8NxL6xhJBH9","file"
"SCANFI_spsCC_FAGU_GRA_2005_v2_20260119.tif","SCANFI_v2/2005/SCANFI_spsCC_FAGU_GRA_2005_v2_20260119.tif","https://object-arbutus.cloud.computecanada.ca/predictiveecology/SCANFI_v2/2005/SCANFI_spsCC_FAGU_GRA_2005_v2_20260119.tif","1hAZPogJjFr49CAlSP3ZED9j7EjQOsape","file"
"SCANFI_spsCC_FAGU_GRA_2005_v2_20260119.tif.aux.xml","SCANFI_v2/2005/SCANFI_spsCC_FAGU_GRA_2005_v2_20260119.tif.aux.xml","https://object-arbutus.cloud.computecanada.ca/predictiveecology/SCANFI_v2/2005/SCANFI_spsCC_FAGU_GRA_2005_v2_20260119.tif.aux.xml","1Bb3oMmRJ_gxtSJsBaVlcNIOulwfxb5jT","file"
"SCANFI_spsCC_FAGU_GRA_2005_v2_20260119.tif.ovr","SCANFI_v2/2005/SCANFI_spsCC_FAGU_GRA_2005_v2_20260119.tif.ovr","https://object-arbutus.cloud.computecanada.ca/predictiveecology/SCANFI_v2/2005/SCANFI_spsCC_FAGU_GRA_2005_v2_20260119.tif.ovr","1scMlSk1wAkjavBuvKsnR8syZh-i7Rz3g","file"
"SCANFI_spsCC_FRAX_AME_2005_v2_20260119.tif","SCANFI_v2/2005/SCANFI_spsCC_FRAX_AME_2005_v2_20260119.tif","https://object-arbutus.cloud.computecanada.ca/predictiveecology/SCANFI_v2/2005/SCANFI_spsCC_FRAX_AME_2005_v2_20260119.tif","1Vkx3LzKiYe3LJZmxK_iaGbsi85nAt4rg","file"
"SCANFI_spsCC_FRAX_AME_2005_v2_20260119.tif.aux.xml","SCANFI_v2/2005/SCANFI_spsCC_FRAX_AME_2005_v2_20260119.tif.aux.xml","https://object-arbutus.cloud.computecanada.ca/predictiveecology/SCANFI_v2/2005/SCANFI_spsCC_FRAX_AME_2005_v2_20260119.tif.aux.xml","1NDhbi3ADo1RfQ9CoiPzsM3UKTW50UvFD","file"
"SCANFI_spsCC_FRAX_AME_2005_v2_20260119.tif.ovr","SCANFI_v2/2005/SCANFI_spsCC_FRAX_AME_2005_v2_20260119.tif.ovr","https://object-arbutus.cloud.computecanada.ca/predictiveecology/SCANFI_v2/2005/SCANFI_spsCC_FRAX_AME_2005_v2_20260119.tif.ovr","1D_3fH2mXKUkayHsVhQbthXVywC5u3cFj","file"
"SCANFI_spsCC_LARI_LAR_2005_v2_20260119.tif","SCANFI_v2/2005/SCANFI_spsCC_LARI_LAR_2005_v2_20260119.tif","https://object-arbutus.cloud.computecanada.ca/predictiveecology/SCANFI_v2/2005/SCANFI_spsCC_LARI_LAR_2005_v2_20260119.tif","1qW3wr180eanc6CaWLHewZyAMU2XCaIsL","file"
"SCANFI_spsCC_LARI_LAR_2005_v2_20260119.tif.aux.xml","SCANFI_v2/2005/SCANFI_spsCC_LARI_LAR_2005_v2_20260119.tif.aux.xml","https://object-arbutus.cloud.computecanada.ca/predictiveecology/SCANFI_v2/2005/SCANFI_spsCC_LARI_LAR_2005_v2_20260119.tif.aux.xml","1NfsprY6vVVA1ssZMnCaPyHJAzgMLEuWl","file"
"SCANFI_spsCC_LARI_LAR_2005_v2_20260119.tif.ovr","SCANFI_v2/2005/SCANFI_spsCC_LARI_LAR_2005_v2_20260119.tif.ovr","https://object-arbutus.cloud.computecanada.ca/predictiveecology/SCANFI_v2/2005/SCANFI_spsCC_LARI_LAR_2005_v2_20260119.tif.ovr","1_HugtqzJSPbPI9FRvMj8jueYpaqcY4VP","file"
"SCANFI_spsCC_LARI_OCC_2005_v2_20260119.tif","SCANFI_v2/2005/SCANFI_spsCC_LARI_OCC_2005_v2_20260119.tif","https://object-arbutus.cloud.computecanada.ca/predictiveecology/SCANFI_v2/2005/SCANFI_spsCC_LARI_OCC_2005_v2_20260119.tif","1P3GZP7YIf6xWwU0bklUOKl9BJJ9hhc2o","file"
"SCANFI_spsCC_LARI_OCC_2005_v2_20260119.tif.aux.xml","SCANFI_v2/2005/SCANFI_spsCC_LARI_OCC_2005_v2_20260119.tif.aux.xml","https://object-arbutus.cloud.computecanada.ca/predictiveecology/SCANFI_v2/2005/SCANFI_spsCC_LARI_OCC_2005_v2_20260119.tif.aux.xml","1jNC8MkASUap3ahDsCxyyKZhmS0qPOMNl","file"
"SCANFI_spsCC_LARI_OCC_2005_v2_20260119.tif.ovr","SCANFI_v2/2005/SCANFI_spsCC_LARI_OCC_2005_v2_20260119.tif.ovr","https://object-arbutus.cloud.computecanada.ca/predictiveecology/SCANFI_v2/2005/SCANFI_spsCC_LARI_OCC_2005_v2_20260119.tif.ovr","1Qgqv3w0XB80vJBPHzXmIo2c_5RIxrsnB","file"
"SCANFI_spsCC_PICE_ENG_2005_v2_20260119.tif","SCANFI_v2/2005/SCANFI_spsCC_PICE_ENG_2005_v2_20260119.tif","https://object-arbutus.cloud.computecanada.ca/predictiveecology/SCANFI_v2/2005/SCANFI_spsCC_PICE_ENG_2005_v2_20260119.tif","10Wq43VJ8p_hnfDi7NoXQJjcALglOdF8j","file"
"SCANFI_spsCC_PICE_ENG_2005_v2_20260119.tif.aux.xml","SCANFI_v2/2005/SCANFI_spsCC_PICE_ENG_2005_v2_20260119.tif.aux.xml","https://object-arbutus.cloud.computecanada.ca/predictiveecology/SCANFI_v2/2005/SCANFI_spsCC_PICE_ENG_2005_v2_20260119.tif.aux.xml","1RoaOS7jE8OL6-rcfODyiPfI7mv5uHy4c","file"
"SCANFI_spsCC_PICE_ENG_2005_v2_20260119.tif.ovr","SCANFI_v2/2005/SCANFI_spsCC_PICE_ENG_2005_v2_20260119.tif.ovr","https://object-arbutus.cloud.computecanada.ca/predictiveecology/SCANFI_v2/2005/SCANFI_spsCC_PICE_ENG_2005_v2_20260119.tif.ovr","13PSfhy9y1huqkg67Fo2EkciP2z5ilyAH","file"
"SCANFI_spsCC_PICE_ENG_GLA_2005_v2_20260119.tif","SCANFI_v2/2005/SCANFI_spsCC_PICE_ENG_GLA_2005_v2_20260119.tif","https://object-arbutus.cloud.computecanada.ca/predictiveecology/SCANFI_v2/2005/SCANFI_spsCC_PICE_ENG_GLA_2005_v2_20260119.tif","1Xi371KtMeuhrjb6GStyjNIeIEZdkzJ7Q","file"
"SCANFI_spsCC_PICE_ENG_GLA_2005_v2_20260119.tif.aux.xml","SCANFI_v2/2005/SCANFI_spsCC_PICE_ENG_GLA_2005_v2_20260119.tif.aux.xml","https://object-arbutus.cloud.computecanada.ca/predictiveecology/SCANFI_v2/2005/SCANFI_spsCC_PICE_ENG_GLA_2005_v2_20260119.tif.aux.xml","1RkvUaKT8wuzdfV0rgNDCQ638FX6wQ5O8","file"
"SCANFI_spsCC_PICE_ENG_GLA_2005_v2_20260119.tif.ovr","SCANFI_v2/2005/SCANFI_spsCC_PICE_ENG_GLA_2005_v2_20260119.tif.ovr","https://object-arbutus.cloud.computecanada.ca/predictiveecology/SCANFI_v2/2005/SCANFI_spsCC_PICE_ENG_GLA_2005_v2_20260119.tif.ovr","171_mk8NbSOSjh3YrdHS-NfhruXwhGqeq","file"
"SCANFI_spsCC_PICE_GLA_2005_v2_20260119.tif","SCANFI_v2/2005/SCANFI_spsCC_PICE_GLA_2005_v2_20260119.tif","https://object-arbutus.cloud.computecanada.ca/predictiveecology/SCANFI_v2/2005/SCANFI_spsCC_PICE_GLA_2005_v2_20260119.tif","1MVCfDucNHZR6o2I35iIbXhJVeXFXa0bk","file"
"SCANFI_spsCC_PICE_GLA_2005_v2_20260119.tif.aux.xml","SCANFI_v2/2005/SCANFI_spsCC_PICE_GLA_2005_v2_20260119.tif.aux.xml","https://object-arbutus.cloud.computecanada.ca/predictiveecology/SCANFI_v2/2005/SCANFI_spsCC_PICE_GLA_2005_v2_20260119.tif.aux.xml","1AVlQGPCA3Bou4CLnX2WKup1xqkNatE4x","file"
"SCANFI_spsCC_PICE_GLA_2005_v2_20260119.tif.ovr","SCANFI_v2/2005/SCANFI_spsCC_PICE_GLA_2005_v2_20260119.tif.ovr","https://object-arbutus.cloud.computecanada.ca/predictiveecology/SCANFI_v2/2005/SCANFI_spsCC_PICE_GLA_2005_v2_20260119.tif.ovr","1lljazkScE5fCMCHbeqN4KkxD4TTp8wmP","file"
"SCANFI_spsCC_PICE_MAR_2005_v2_20260119.tif","SCANFI_v2/2005/SCANFI_spsCC_PICE_MAR_2005_v2_20260119.tif","https://object-arbutus.cloud.computecanada.ca/predictiveecology/SCANFI_v2/2005/SCANFI_spsCC_PICE_MAR_2005_v2_20260119.tif","1z5p85jF-igwZ4RZmjdvccWV9Ou2RGmv1","file"
"SCANFI_spsCC_PICE_MAR_2005_v2_20260119.tif.aux.xml","SCANFI_v2/2005/SCANFI_spsCC_PICE_MAR_2005_v2_20260119.tif.aux.xml","https://object-arbutus.cloud.computecanada.ca/predictiveecology/SCANFI_v2/2005/SCANFI_spsCC_PICE_MAR_2005_v2_20260119.tif.aux.xml","1cDzwI6XQkyc1pqf0q63lnQ8f7Sv9c5lP","file"
"SCANFI_spsCC_PICE_MAR_2005_v2_20260119.tif.ovr","SCANFI_v2/2005/SCANFI_spsCC_PICE_MAR_2005_v2_20260119.tif.ovr","https://object-arbutus.cloud.computecanada.ca/predictiveecology/SCANFI_v2/2005/SCANFI_spsCC_PICE_MAR_2005_v2_20260119.tif.ovr","1ZjfU_sc8W3Rr_tDD0o23mycH4rVWEU9K","file"
"SCANFI_spsCC_PICE_RUB_2005_v2_20260119.tif","SCANFI_v2/2005/SCANFI_spsCC_PICE_RUB_2005_v2_20260119.tif","https://object-arbutus.cloud.computecanada.ca/predictiveecology/SCANFI_v2/2005/SCANFI_spsCC_PICE_RUB_2005_v2_20260119.tif","1hC5aG9L_pY03qhRyRvN5gZJceDF8e3uF","file"
"SCANFI_spsCC_PICE_RUB_2005_v2_20260119.tif.aux.xml","SCANFI_v2/2005/SCANFI_spsCC_PICE_RUB_2005_v2_20260119.tif.aux.xml","https://object-arbutus.cloud.computecanada.ca/predictiveecology/SCANFI_v2/2005/SCANFI_spsCC_PICE_RUB_2005_v2_20260119.tif.aux.xml","1uOYyE-pYDgOkNpprp7gx7IrqFZ6qJwiX","file"
"SCANFI_spsCC_PICE_RUB_2005_v2_20260119.tif.ovr","SCANFI_v2/2005/SCANFI_spsCC_PICE_RUB_2005_v2_20260119.tif.ovr","https://object-arbutus.cloud.computecanada.ca/predictiveecology/SCANFI_v2/2005/SCANFI_spsCC_PICE_RUB_2005_v2_20260119.tif.ovr","1OMPUWMmsxe_QybuVStEv_PXfCqDwHeUf","file"
"SCANFI_spsCC_PICE_SIT_2005_v2_20260119.tif","SCANFI_v2/2005/SCANFI_spsCC_PICE_SIT_2005_v2_20260119.tif","https://object-arbutus.cloud.computecanada.ca/predictiveecology/SCANFI_v2/2005/SCANFI_spsCC_PICE_SIT_2005_v2_20260119.tif","184RweRk7TtCzshEcUkXeiCtA5YAcJhHb","file"
"SCANFI_spsCC_PICE_SIT_2005_v2_20260119.tif.aux.xml","SCANFI_v2/2005/SCANFI_spsCC_PICE_SIT_2005_v2_20260119.tif.aux.xml","https://object-arbutus.cloud.computecanada.ca/predictiveecology/SCANFI_v2/2005/SCANFI_spsCC_PICE_SIT_2005_v2_20260119.tif.aux.xml","1rbE8yj80Jk_atVKiPcJOLOpI2V9Ax3So","file"
"SCANFI_spsCC_PICE_SIT_2005_v2_20260119.tif.ovr","SCANFI_v2/2005/SCANFI_spsCC_PICE_SIT_2005_v2_20260119.tif.ovr","https://object-arbutus.cloud.computecanada.ca/predictiveecology/SCANFI_v2/2005/SCANFI_spsCC_PICE_SIT_2005_v2_20260119.tif.ovr","1TTjlj7rpzwurbVXBIV6dygMD31dCkBUT","file"
"SCANFI_spsCC_PINU_BAN_2005_v2_20260119.tif","SCANFI_v2/2005/SCANFI_spsCC_PINU_BAN_2005_v2_20260119.tif","https://object-arbutus.cloud.computecanada.ca/predictiveecology/SCANFI_v2/2005/SCANFI_spsCC_PINU_BAN_2005_v2_20260119.tif","1Fd9fXHqzaetG2ZyMPafjemAaNN_VBIu_","file"
"SCANFI_spsCC_PINU_BAN_2005_v2_20260119.tif.aux.xml","SCANFI_v2/2005/SCANFI_spsCC_PINU_BAN_2005_v2_20260119.tif.aux.xml","https://object-arbutus.cloud.computecanada.ca/predictiveecology/SCANFI_v2/2005/SCANFI_spsCC_PINU_BAN_2005_v2_20260119.tif.aux.xml","1PyTzzxnS1-NaRfLmtXnalpREDkbQFB9h","file"
"SCANFI_spsCC_PINU_BAN_2005_v2_20260119.tif.ovr","SCANFI_v2/2005/SCANFI_spsCC_PINU_BAN_2005_v2_20260119.tif.ovr","https://object-arbutus.cloud.computecanada.ca/predictiveecology/SCANFI_v2/2005/SCANFI_spsCC_PINU_BAN_2005_v2_20260119.tif.ovr","1rhKkMUCEwZC-Dfpo2ovLzZCHoTcqfXw6","file"
"SCANFI_spsCC_PINU_CON_CON_2005_v2_20260119.tif","SCANFI_v2/2005/SCANFI_spsCC_PINU_CON_CON_2005_v2_20260119.tif","https://object-arbutus.cloud.computecanada.ca/predictiveecology/SCANFI_v2/2005/SCANFI_spsCC_PINU_CON_CON_2005_v2_20260119.tif","1zB8iCcm324DWOJeVZ1exa7AC8_CeuzA6","file"
"SCANFI_spsCC_PINU_CON_CON_2005_v2_20260119.tif.aux.xml","SCANFI_v2/2005/SCANFI_spsCC_PINU_CON_CON_2005_v2_20260119.tif.aux.xml","https://object-arbutus.cloud.computecanada.ca/predictiveecology/SCANFI_v2/2005/SCANFI_spsCC_PINU_CON_CON_2005_v2_20260119.tif.aux.xml","1It3P37qE8_k6jjXzNVJPl2Xbov_a_AP6","file"
"SCANFI_spsCC_PINU_CON_CON_2005_v2_20260119.tif.ovr","SCANFI_v2/2005/SCANFI_spsCC_PINU_CON_CON_2005_v2_20260119.tif.ovr","https://object-arbutus.cloud.computecanada.ca/predictiveecology/SCANFI_v2/2005/SCANFI_spsCC_PINU_CON_CON_2005_v2_20260119.tif.ovr","136hBFL-dRqFDgRzpmDbTaW4S-G7QCWlk","file"
"SCANFI_spsCC_PINU_CON_LAT_2005_v2_20260119.tif","SCANFI_v2/2005/SCANFI_spsCC_PINU_CON_LAT_2005_v2_20260119.tif","https://object-arbutus.cloud.computecanada.ca/predictiveecology/SCANFI_v2/2005/SCANFI_spsCC_PINU_CON_LAT_2005_v2_20260119.tif","1pukebc2xQMYeloltvlQ47FVmQqFAo3uw","file"
"SCANFI_spsCC_PINU_CON_LAT_2005_v2_20260119.tif.aux.xml","SCANFI_v2/2005/SCANFI_spsCC_PINU_CON_LAT_2005_v2_20260119.tif.aux.xml","https://object-arbutus.cloud.computecanada.ca/predictiveecology/SCANFI_v2/2005/SCANFI_spsCC_PINU_CON_LAT_2005_v2_20260119.tif.aux.xml","1Wg14wEbWJdhcVr2Lf02fR6omVV46hxOq","file"
"SCANFI_spsCC_PINU_CON_LAT_2005_v2_20260119.tif.ovr","SCANFI_v2/2005/SCANFI_spsCC_PINU_CON_LAT_2005_v2_20260119.tif.ovr","https://object-arbutus.cloud.computecanada.ca/predictiveecology/SCANFI_v2/2005/SCANFI_spsCC_PINU_CON_LAT_2005_v2_20260119.tif.ovr","1mJsy7Xd_DZDzH7GxZjBy7B75r9cJKsdJ","file"
"SCANFI_spsCC_PINU_PON_2005_v2_20260119.tif","SCANFI_v2/2005/SCANFI_spsCC_PINU_PON_2005_v2_20260119.tif","https://object-arbutus.cloud.computecanada.ca/predictiveecology/SCANFI_v2/2005/SCANFI_spsCC_PINU_PON_2005_v2_20260119.tif","1LZvDG1FiBvh-4u2Mju4UPAMEuqXZdTpZ","file"
"SCANFI_spsCC_PINU_PON_2005_v2_20260119.tif.aux.xml","SCANFI_v2/2005/SCANFI_spsCC_PINU_PON_2005_v2_20260119.tif.aux.xml","https://object-arbutus.cloud.computecanada.ca/predictiveecology/SCANFI_v2/2005/SCANFI_spsCC_PINU_PON_2005_v2_20260119.tif.aux.xml","1fC57CbnkWXPlnQlm-Zn6g1ei3yPh9qtk","file"
"SCANFI_spsCC_PINU_PON_2005_v2_20260119.tif.ovr","SCANFI_v2/2005/SCANFI_spsCC_PINU_PON_2005_v2_20260119.tif.ovr","https://object-arbutus.cloud.computecanada.ca/predictiveecology/SCANFI_v2/2005/SCANFI_spsCC_PINU_PON_2005_v2_20260119.tif.ovr","19i6FUY6yfz5VQr6pz3nZLzpvClRo6f5p","file"
"SCANFI_spsCC_PINU_RES_2005_v2_20260119.tif","SCANFI_v2/2005/SCANFI_spsCC_PINU_RES_2005_v2_20260119.tif","https://object-arbutus.cloud.computecanada.ca/predictiveecology/SCANFI_v2/2005/SCANFI_spsCC_PINU_RES_2005_v2_20260119.tif","14kjpdbYAXZ8rhR7NfnHEvAeDA5msJn4g","file"
"SCANFI_spsCC_PINU_RES_2005_v2_20260119.tif.aux.xml","SCANFI_v2/2005/SCANFI_spsCC_PINU_RES_2005_v2_20260119.tif.aux.xml","https://object-arbutus.cloud.computecanada.ca/predictiveecology/SCANFI_v2/2005/SCANFI_spsCC_PINU_RES_2005_v2_20260119.tif.aux.xml","1nB5VbVUHT1Dm8hnKUOmL4qc3BduMyaPV","file"
"SCANFI_spsCC_PINU_RES_2005_v2_20260119.tif.ovr","SCANFI_v2/2005/SCANFI_spsCC_PINU_RES_2005_v2_20260119.tif.ovr","https://object-arbutus.cloud.computecanada.ca/predictiveecology/SCANFI_v2/2005/SCANFI_spsCC_PINU_RES_2005_v2_20260119.tif.ovr","11iB3MIY8A8o4FFyjzbcBC_Z0zb83iNax","file"
"SCANFI_spsCC_PINU_STR_2005_v2_20260119.tif","SCANFI_v2/2005/SCANFI_spsCC_PINU_STR_2005_v2_20260119.tif","https://object-arbutus.cloud.computecanada.ca/predictiveecology/SCANFI_v2/2005/SCANFI_spsCC_PINU_STR_2005_v2_20260119.tif","1IKuILExwWiwHgjgCMbon6SJ-Nl_pt7fK","file"
"SCANFI_spsCC_PINU_STR_2005_v2_20260119.tif.aux.xml","SCANFI_v2/2005/SCANFI_spsCC_PINU_STR_2005_v2_20260119.tif.aux.xml","https://object-arbutus.cloud.computecanada.ca/predictiveecology/SCANFI_v2/2005/SCANFI_spsCC_PINU_STR_2005_v2_20260119.tif.aux.xml","1cxkqvIGdIBCfdt_fa7cG8p62nT7ut0tN","file"
"SCANFI_spsCC_PINU_STR_2005_v2_20260119.tif.ovr","SCANFI_v2/2005/SCANFI_spsCC_PINU_STR_2005_v2_20260119.tif.ovr","https://object-arbutus.cloud.computecanada.ca/predictiveecology/SCANFI_v2/2005/SCANFI_spsCC_PINU_STR_2005_v2_20260119.tif.ovr","1gbrBXBMO5hGo_-MghDFmnZv02QVsSqOR","file"
"SCANFI_spsCC_POPU_BAL_2005_v2_20260119.tif","SCANFI_v2/2005/SCANFI_spsCC_POPU_BAL_2005_v2_20260119.tif","https://object-arbutus.cloud.computecanada.ca/predictiveecology/SCANFI_v2/2005/SCANFI_spsCC_POPU_BAL_2005_v2_20260119.tif","1_yLB2KGbBWks1yrMegrSB-vFXSWDK3kb","file"
"SCANFI_spsCC_POPU_BAL_2005_v2_20260119.tif.aux.xml","SCANFI_v2/2005/SCANFI_spsCC_POPU_BAL_2005_v2_20260119.tif.aux.xml","https://object-arbutus.cloud.computecanada.ca/predictiveecology/SCANFI_v2/2005/SCANFI_spsCC_POPU_BAL_2005_v2_20260119.tif.aux.xml","1cUsZeeB9xFDoyyKAynvioJhEWBXzs8Gv","file"
"SCANFI_spsCC_POPU_BAL_2005_v2_20260119.tif.ovr","SCANFI_v2/2005/SCANFI_spsCC_POPU_BAL_2005_v2_20260119.tif.ovr","https://object-arbutus.cloud.computecanada.ca/predictiveecology/SCANFI_v2/2005/SCANFI_spsCC_POPU_BAL_2005_v2_20260119.tif.ovr","1LQbza9spDvoKjlIPrdc40fXsN8OGnZi6","file"
"SCANFI_spsCC_POPU_GRA_2005_v2_20260119.tif","SCANFI_v2/2005/SCANFI_spsCC_POPU_GRA_2005_v2_20260119.tif","https://object-arbutus.cloud.computecanada.ca/predictiveecology/SCANFI_v2/2005/SCANFI_spsCC_POPU_GRA_2005_v2_20260119.tif","1mbj7-LOuPb_a_Wu6ovOp9cb5GTlReWz5","file"
"SCANFI_spsCC_POPU_GRA_2005_v2_20260119.tif.aux.xml","SCANFI_v2/2005/SCANFI_spsCC_POPU_GRA_2005_v2_20260119.tif.aux.xml","https://object-arbutus.cloud.computecanada.ca/predictiveecology/SCANFI_v2/2005/SCANFI_spsCC_POPU_GRA_2005_v2_20260119.tif.aux.xml","1HKWoGbuuU4wx1Xjandbfui577kU7dWy7","file"
"SCANFI_spsCC_POPU_GRA_2005_v2_20260119.tif.ovr","SCANFI_v2/2005/SCANFI_spsCC_POPU_GRA_2005_v2_20260119.tif.ovr","https://object-arbutus.cloud.computecanada.ca/predictiveecology/SCANFI_v2/2005/SCANFI_spsCC_POPU_GRA_2005_v2_20260119.tif.ovr","1lZom1-cNEVJhQvFPGy7zA8qDTcunBTjU","file"
"SCANFI_spsCC_POPU_TRE_2005_v2_20260119.tif","SCANFI_v2/2005/SCANFI_spsCC_POPU_TRE_2005_v2_20260119.tif","https://object-arbutus.cloud.computecanada.ca/predictiveecology/SCANFI_v2/2005/SCANFI_spsCC_POPU_TRE_2005_v2_20260119.tif","1psQ3sbCPQs8BpJFnNdASJx_ehKwGwby8","file"
"SCANFI_spsCC_POPU_TRE_2005_v2_20260119.tif.aux.xml","SCANFI_v2/2005/SCANFI_spsCC_POPU_TRE_2005_v2_20260119.tif.aux.xml","https://object-arbutus.cloud.computecanada.ca/predictiveecology/SCANFI_v2/2005/SCANFI_spsCC_POPU_TRE_2005_v2_20260119.tif.aux.xml","16wIa4IoTbwzfjNFnTeKD1Uk9xT87yBTd","file"
"SCANFI_spsCC_POPU_TRE_2005_v2_20260119.tif.ovr","SCANFI_v2/2005/SCANFI_spsCC_POPU_TRE_2005_v2_20260119.tif.ovr","https://object-arbutus.cloud.computecanada.ca/predictiveecology/SCANFI_v2/2005/SCANFI_spsCC_POPU_TRE_2005_v2_20260119.tif.ovr","1n2YuRw1utQpxVwmbTShD4IG7vZNbvOaZ","file"
"SCANFI_spsCC_prcB_other_2005_v2_20260119.tif","SCANFI_v2/2005/SCANFI_spsCC_prcB_other_2005_v2_20260119.tif","https://object-arbutus.cloud.computecanada.ca/predictiveecology/SCANFI_v2/2005/SCANFI_spsCC_prcB_other_2005_v2_20260119.tif","17DgjKiSVnIQayvIplkHunACVub9SH_8F","file"
"SCANFI_spsCC_prcB_other_2005_v2_20260119.tif.aux.xml","SCANFI_v2/2005/SCANFI_spsCC_prcB_other_2005_v2_20260119.tif.aux.xml","https://object-arbutus.cloud.computecanada.ca/predictiveecology/SCANFI_v2/2005/SCANFI_spsCC_prcB_other_2005_v2_20260119.tif.aux.xml","1eElKcfJv1OsgHgi-LXmy9qtPQzrmV-bk","file"
"SCANFI_spsCC_prcB_other_2005_v2_20260119.tif.ovr","SCANFI_v2/2005/SCANFI_spsCC_prcB_other_2005_v2_20260119.tif.ovr","https://object-arbutus.cloud.computecanada.ca/predictiveecology/SCANFI_v2/2005/SCANFI_spsCC_prcB_other_2005_v2_20260119.tif.ovr","1VJEnjdKWDBJRFv3YeVP1apS2rIaHsSPx","file"
"SCANFI_spsCC_prcC_other_2005_v2_20260119.tif","SCANFI_v2/2005/SCANFI_spsCC_prcC_other_2005_v2_20260119.tif","https://object-arbutus.cloud.computecanada.ca/predictiveecology/SCANFI_v2/2005/SCANFI_spsCC_prcC_other_2005_v2_20260119.tif","1ENho7vOP-QfBi2nZ2NfJDG6fGYOdKg6N","file"
"SCANFI_spsCC_prcC_other_2005_v2_20260119.tif.aux.xml","SCANFI_v2/2005/SCANFI_spsCC_prcC_other_2005_v2_20260119.tif.aux.xml","https://object-arbutus.cloud.computecanada.ca/predictiveecology/SCANFI_v2/2005/SCANFI_spsCC_prcC_other_2005_v2_20260119.tif.aux.xml","1C0M2Q2wq1cFxqeBfZyGZsWsF5uBMezM3","file"
"SCANFI_spsCC_prcC_other_2005_v2_20260119.tif.ovr","SCANFI_v2/2005/SCANFI_spsCC_prcC_other_2005_v2_20260119.tif.ovr","https://object-arbutus.cloud.computecanada.ca/predictiveecology/SCANFI_v2/2005/SCANFI_spsCC_prcC_other_2005_v2_20260119.tif.ovr","1uWkJkvCxcru9RiPJ3nBQE-jw6eSub6f7","file"
"SCANFI_spsCC_PSEU_MEN_2005_v2_20260119.tif","SCANFI_v2/2005/SCANFI_spsCC_PSEU_MEN_2005_v2_20260119.tif","https://object-arbutus.cloud.computecanada.ca/predictiveecology/SCANFI_v2/2005/SCANFI_spsCC_PSEU_MEN_2005_v2_20260119.tif","14uGBP84V83tY1F-gl_PaYGz0hXguDpSy","file"
"SCANFI_spsCC_PSEU_MEN_2005_v2_20260119.tif.aux.xml","SCANFI_v2/2005/SCANFI_spsCC_PSEU_MEN_2005_v2_20260119.tif.aux.xml","https://object-arbutus.cloud.computecanada.ca/predictiveecology/SCANFI_v2/2005/SCANFI_spsCC_PSEU_MEN_2005_v2_20260119.tif.aux.xml","1peIEZwaRM-GhgwjkTIgn2CVrD-j9E4B5","file"
"SCANFI_spsCC_PSEU_MEN_2005_v2_20260119.tif.ovr","SCANFI_v2/2005/SCANFI_spsCC_PSEU_MEN_2005_v2_20260119.tif.ovr","https://object-arbutus.cloud.computecanada.ca/predictiveecology/SCANFI_v2/2005/SCANFI_spsCC_PSEU_MEN_2005_v2_20260119.tif.ovr","1XmZGEsoRpwdKRWNI_HcbGg_A3913eiH7","file"
"SCANFI_spsCC_PSEU_MEN_GLA_2005_v2_20260119.tif","SCANFI_v2/2005/SCANFI_spsCC_PSEU_MEN_GLA_2005_v2_20260119.tif","https://object-arbutus.cloud.computecanada.ca/predictiveecology/SCANFI_v2/2005/SCANFI_spsCC_PSEU_MEN_GLA_2005_v2_20260119.tif","1zDU2LGnNtgoZVeTJim0dWABv9Vgwldat","file"
"SCANFI_spsCC_PSEU_MEN_GLA_2005_v2_20260119.tif.aux.xml","SCANFI_v2/2005/SCANFI_spsCC_PSEU_MEN_GLA_2005_v2_20260119.tif.aux.xml","https://object-arbutus.cloud.computecanada.ca/predictiveecology/SCANFI_v2/2005/SCANFI_spsCC_PSEU_MEN_GLA_2005_v2_20260119.tif.aux.xml","1_Sshrymlo6j2v_YLnX9R0_nRZ4WpkTng","file"
"SCANFI_spsCC_PSEU_MEN_GLA_2005_v2_20260119.tif.ovr","SCANFI_v2/2005/SCANFI_spsCC_PSEU_MEN_GLA_2005_v2_20260119.tif.ovr","https://object-arbutus.cloud.computecanada.ca/predictiveecology/SCANFI_v2/2005/SCANFI_spsCC_PSEU_MEN_GLA_2005_v2_20260119.tif.ovr","1Of87rgaVEhlUpVIYkE6UHCA_fIxkGaSV","file"
"SCANFI_spsCC_PSEU_MEN_MEN_2005_v2_20260119.tif","SCANFI_v2/2005/SCANFI_spsCC_PSEU_MEN_MEN_2005_v2_20260119.tif","https://object-arbutus.cloud.computecanada.ca/predictiveecology/SCANFI_v2/2005/SCANFI_spsCC_PSEU_MEN_MEN_2005_v2_20260119.tif","1lX8UUupZHTVDK1X2iL23mx1ILU2W5KEb","file"
"SCANFI_spsCC_PSEU_MEN_MEN_2005_v2_20260119.tif.aux.xml","SCANFI_v2/2005/SCANFI_spsCC_PSEU_MEN_MEN_2005_v2_20260119.tif.aux.xml","https://object-arbutus.cloud.computecanada.ca/predictiveecology/SCANFI_v2/2005/SCANFI_spsCC_PSEU_MEN_MEN_2005_v2_20260119.tif.aux.xml","1fr6Uxj8kLksR5Et9OuGHgqivGqhBDNPU","file"
"SCANFI_spsCC_PSEU_MEN_MEN_2005_v2_20260119.tif.ovr","SCANFI_v2/2005/SCANFI_spsCC_PSEU_MEN_MEN_2005_v2_20260119.tif.ovr","https://object-arbutus.cloud.computecanada.ca/predictiveecology/SCANFI_v2/2005/SCANFI_spsCC_PSEU_MEN_MEN_2005_v2_20260119.tif.ovr","1CaZNpw5E0HUn7M6wbKBiMZEjtKNel_8W","file"
"SCANFI_spsCC_QUER_RUB_2005_v2_20260119.tif","SCANFI_v2/2005/SCANFI_spsCC_QUER_RUB_2005_v2_20260119.tif","https://object-arbutus.cloud.computecanada.ca/predictiveecology/SCANFI_v2/2005/SCANFI_spsCC_QUER_RUB_2005_v2_20260119.tif","1fxvmHZifus5mMJId0NPvP5qhxZ1HHBBT","file"
"SCANFI_spsCC_QUER_RUB_2005_v2_20260119.tif.aux.xml","SCANFI_v2/2005/SCANFI_spsCC_QUER_RUB_2005_v2_20260119.tif.aux.xml","https://object-arbutus.cloud.computecanada.ca/predictiveecology/SCANFI_v2/2005/SCANFI_spsCC_QUER_RUB_2005_v2_20260119.tif.aux.xml","1dqo9MCzxKJbjUSmF31CO6gEqExGCtch9","file"
"SCANFI_spsCC_QUER_RUB_2005_v2_20260119.tif.ovr","SCANFI_v2/2005/SCANFI_spsCC_QUER_RUB_2005_v2_20260119.tif.ovr","https://object-arbutus.cloud.computecanada.ca/predictiveecology/SCANFI_v2/2005/SCANFI_spsCC_QUER_RUB_2005_v2_20260119.tif.ovr","1kgZjZDOGeE_jKpyTZKzylwNJta4rMusv","file"
"SCANFI_spsCC_THUJ_OCC_2005_v2_20260119.tif","SCANFI_v2/2005/SCANFI_spsCC_THUJ_OCC_2005_v2_20260119.tif","https://object-arbutus.cloud.computecanada.ca/predictiveecology/SCANFI_v2/2005/SCANFI_spsCC_THUJ_OCC_2005_v2_20260119.tif","1GJUIcrqOjS1qSD_TrzKzY6TvagrYfS9E","file"
"SCANFI_spsCC_THUJ_OCC_2005_v2_20260119.tif.aux.xml","SCANFI_v2/2005/SCANFI_spsCC_THUJ_OCC_2005_v2_20260119.tif.aux.xml","https://object-arbutus.cloud.computecanada.ca/predictiveecology/SCANFI_v2/2005/SCANFI_spsCC_THUJ_OCC_2005_v2_20260119.tif.aux.xml","1_kpaxItz_oKlA6HweHN_RG4rmFOueJ4c","file"
"SCANFI_spsCC_THUJ_OCC_2005_v2_20260119.tif.ovr","SCANFI_v2/2005/SCANFI_spsCC_THUJ_OCC_2005_v2_20260119.tif.ovr","https://object-arbutus.cloud.computecanada.ca/predictiveecology/SCANFI_v2/2005/SCANFI_spsCC_THUJ_OCC_2005_v2_20260119.tif.ovr","1Gic2Pst-Y63M5lV-xXrMKHNrM1ZxYfwl","file"
"SCANFI_spsCC_THUJ_PLI_2005_v2_20260119.tif","SCANFI_v2/2005/SCANFI_spsCC_THUJ_PLI_2005_v2_20260119.tif","https://object-arbutus.cloud.computecanada.ca/predictiveecology/SCANFI_v2/2005/SCANFI_spsCC_THUJ_PLI_2005_v2_20260119.tif","132KzMFrwR8TFJpsIMCmSI1HTgtgmSMta","file"
"SCANFI_spsCC_THUJ_PLI_2005_v2_20260119.tif.aux.xml","SCANFI_v2/2005/SCANFI_spsCC_THUJ_PLI_2005_v2_20260119.tif.aux.xml","https://object-arbutus.cloud.computecanada.ca/predictiveecology/SCANFI_v2/2005/SCANFI_spsCC_THUJ_PLI_2005_v2_20260119.tif.aux.xml","1e9Mu7xQy54AeXgPg5sp0PgbKghjRt9jg","file"
"SCANFI_spsCC_THUJ_PLI_2005_v2_20260119.tif.ovr","SCANFI_v2/2005/SCANFI_spsCC_THUJ_PLI_2005_v2_20260119.tif.ovr","https://object-arbutus.cloud.computecanada.ca/predictiveecology/SCANFI_v2/2005/SCANFI_spsCC_THUJ_PLI_2005_v2_20260119.tif.ovr","114yh5F0yd4R1C_Mpyc_nX4V0NQQOYjxH","file"
"SCANFI_spsCC_TSUG_CAN_2005_v2_20260119.tif","SCANFI_v2/2005/SCANFI_spsCC_TSUG_CAN_2005_v2_20260119.tif","https://object-arbutus.cloud.computecanada.ca/predictiveecology/SCANFI_v2/2005/SCANFI_spsCC_TSUG_CAN_2005_v2_20260119.tif","1XAc9OyZ09iwxmedekSq5tYWv9v12pFF3","file"
"SCANFI_spsCC_TSUG_CAN_2005_v2_20260119.tif.aux.xml","SCANFI_v2/2005/SCANFI_spsCC_TSUG_CAN_2005_v2_20260119.tif.aux.xml","https://object-arbutus.cloud.computecanada.ca/predictiveecology/SCANFI_v2/2005/SCANFI_spsCC_TSUG_CAN_2005_v2_20260119.tif.aux.xml","17QP-gNKpws1vzPYcR_SjzU9YurFsg0uH","file"
"SCANFI_spsCC_TSUG_CAN_2005_v2_20260119.tif.ovr","SCANFI_v2/2005/SCANFI_spsCC_TSUG_CAN_2005_v2_20260119.tif.ovr","https://object-arbutus.cloud.computecanada.ca/predictiveecology/SCANFI_v2/2005/SCANFI_spsCC_TSUG_CAN_2005_v2_20260119.tif.ovr","18D2Q91UiuqayrhTTgNVzDoseyN3-GEmN","file"
"SCANFI_spsCC_TSUG_HET_2005_v2_20260119.tif","SCANFI_v2/2005/SCANFI_spsCC_TSUG_HET_2005_v2_20260119.tif","https://object-arbutus.cloud.computecanada.ca/predictiveecology/SCANFI_v2/2005/SCANFI_spsCC_TSUG_HET_2005_v2_20260119.tif","1lpxUKsW_O4mnoq9R3q9q_obOlpmbzR5g","file"
"SCANFI_spsCC_TSUG_HET_2005_v2_20260119.tif.aux.xml","SCANFI_v2/2005/SCANFI_spsCC_TSUG_HET_2005_v2_20260119.tif.aux.xml","https://object-arbutus.cloud.computecanada.ca/predictiveecology/SCANFI_v2/2005/SCANFI_spsCC_TSUG_HET_2005_v2_20260119.tif.aux.xml","1i3e1TOrZJi4BIrSVyWaWgr-7CsmCIqEh","file"
"SCANFI_spsCC_TSUG_HET_2005_v2_20260119.tif.ovr","SCANFI_v2/2005/SCANFI_spsCC_TSUG_HET_2005_v2_20260119.tif.ovr","https://object-arbutus.cloud.computecanada.ca/predictiveecology/SCANFI_v2/2005/SCANFI_spsCC_TSUG_HET_2005_v2_20260119.tif.ovr","1oov0aT9hx9NvSILs5CDsYVKbeoBdNola","file"
"SCANFI_spsCC_TSUG_MER_2005_v2_20260119.tif","SCANFI_v2/2005/SCANFI_spsCC_TSUG_MER_2005_v2_20260119.tif","https://object-arbutus.cloud.computecanada.ca/predictiveecology/SCANFI_v2/2005/SCANFI_spsCC_TSUG_MER_2005_v2_20260119.tif","15dK-rOt6T32ywtDbCEzrM1QTQLKNTMFt","file"
"SCANFI_spsCC_TSUG_MER_2005_v2_20260119.tif.aux.xml","SCANFI_v2/2005/SCANFI_spsCC_TSUG_MER_2005_v2_20260119.tif.aux.xml","https://object-arbutus.cloud.computecanada.ca/predictiveecology/SCANFI_v2/2005/SCANFI_spsCC_TSUG_MER_2005_v2_20260119.tif.aux.xml","1jm7PumKWCEqxCCBNfdLBc61zFk6rDvmW","file"
"SCANFI_spsCC_TSUG_MER_2005_v2_20260119.tif.ovr","SCANFI_v2/2005/SCANFI_spsCC_TSUG_MER_2005_v2_20260119.tif.ovr","https://object-arbutus.cloud.computecanada.ca/predictiveecology/SCANFI_v2/2005/SCANFI_spsCC_TSUG_MER_2005_v2_20260119.tif.ovr","1RNJvkUNaIad-PNNCjBm59ulVnUEULQMZ","file"
"SCANFI_age_median_2010_v2_20260119.tif","SCANFI_v2/2010/SCANFI_age_median_2010_v2_20260119.tif","https://object-arbutus.cloud.computecanada.ca/predictiveecology/SCANFI_v2/2010/SCANFI_age_median_2010_v2_20260119.tif","1PIC0pvDUZFx7DfauJvB2WsJjgBgkCaXb","file"
"SCANFI_att_biomass_2010_v2_20260119.tif","SCANFI_v2/2010/SCANFI_att_biomass_2010_v2_20260119.tif","https://object-arbutus.cloud.computecanada.ca/predictiveecology/SCANFI_v2/2010/SCANFI_att_biomass_2010_v2_20260119.tif","1HFbXmH6o_2zXezEC6wQKRlPWcwjWl-VX","file"
"SCANFI_att_closure_2010_v2_20260119.tif","SCANFI_v2/2010/SCANFI_att_closure_2010_v2_20260119.tif","https://object-arbutus.cloud.computecanada.ca/predictiveecology/SCANFI_v2/2010/SCANFI_att_closure_2010_v2_20260119.tif","1qdP_5fA_49t6cNjewnjDq71C7xsEo2AN","file"
"SCANFI_att_height_2010_v2_20260119.tif","SCANFI_v2/2010/SCANFI_att_height_2010_v2_20260119.tif","https://object-arbutus.cloud.computecanada.ca/predictiveecology/SCANFI_v2/2010/SCANFI_att_height_2010_v2_20260119.tif","1E27EvIDLXHWz14RCd0t6NlV91ob9NXpu","file"
"SCANFI_att_nfiLandcover_2010_v2_20260119.tif","SCANFI_v2/2010/SCANFI_att_nfiLandcover_2010_v2_20260119.tif","https://object-arbutus.cloud.computecanada.ca/predictiveecology/SCANFI_v2/2010/SCANFI_att_nfiLandcover_2010_v2_20260119.tif","1ssvHvgPWd8hEBZz2ZPh0F67asz2VopVC","file"
"SCANFI_att_nfiLandcover_CanadaLCCclassCodes_2010_v2_20260119.tif","SCANFI_v2/2010/SCANFI_att_nfiLandcover_CanadaLCCclassCodes_2010_v2_20260119.tif","https://object-arbutus.cloud.computecanada.ca/predictiveecology/SCANFI_v2/2010/SCANFI_att_nfiLandcover_CanadaLCCclassCodes_2010_v2_20260119.tif","1cbKlKlXtjMRVg3_9xjlEWosU0fmLJxXt","file"
"SCANFI_spsCC_ABIE_AMA_2010_v2_20260119.tif","SCANFI_v2/2010/SCANFI_spsCC_ABIE_AMA_2010_v2_20260119.tif","https://object-arbutus.cloud.computecanada.ca/predictiveecology/SCANFI_v2/2010/SCANFI_spsCC_ABIE_AMA_2010_v2_20260119.tif","1bOP_S65hrrVvEc6diFo3i6ectG52iJhn","file"
"SCANFI_spsCC_ABIE_AMA_2010_v2_20260119.tif.aux.xml","SCANFI_v2/2010/SCANFI_spsCC_ABIE_AMA_2010_v2_20260119.tif.aux.xml","https://object-arbutus.cloud.computecanada.ca/predictiveecology/SCANFI_v2/2010/SCANFI_spsCC_ABIE_AMA_2010_v2_20260119.tif.aux.xml","1mvLFEHuWEEtYcI_HEojceoKMOo2cJIzH","file"
"SCANFI_spsCC_ABIE_AMA_2010_v2_20260119.tif.ovr","SCANFI_v2/2010/SCANFI_spsCC_ABIE_AMA_2010_v2_20260119.tif.ovr","https://object-arbutus.cloud.computecanada.ca/predictiveecology/SCANFI_v2/2010/SCANFI_spsCC_ABIE_AMA_2010_v2_20260119.tif.ovr","1mwYc4XpCwtoexa1BcoBuMoUXyj5oA28N","file"
"SCANFI_spsCC_ABIE_BAL_2010_v2_20260119.tif","SCANFI_v2/2010/SCANFI_spsCC_ABIE_BAL_2010_v2_20260119.tif","https://object-arbutus.cloud.computecanada.ca/predictiveecology/SCANFI_v2/2010/SCANFI_spsCC_ABIE_BAL_2010_v2_20260119.tif","1kD1k-bDz3j-FkVKEBZ9I-6djVT1uIBE1","file"
"SCANFI_spsCC_ABIE_BAL_2010_v2_20260119.tif.aux.xml","SCANFI_v2/2010/SCANFI_spsCC_ABIE_BAL_2010_v2_20260119.tif.aux.xml","https://object-arbutus.cloud.computecanada.ca/predictiveecology/SCANFI_v2/2010/SCANFI_spsCC_ABIE_BAL_2010_v2_20260119.tif.aux.xml","1n60hxtV9t34EUnHbZgHNjvnYagEnkpJv","file"
"SCANFI_spsCC_ABIE_BAL_2010_v2_20260119.tif.ovr","SCANFI_v2/2010/SCANFI_spsCC_ABIE_BAL_2010_v2_20260119.tif.ovr","https://object-arbutus.cloud.computecanada.ca/predictiveecology/SCANFI_v2/2010/SCANFI_spsCC_ABIE_BAL_2010_v2_20260119.tif.ovr","1r8OGNuEGAmeUYw4D8JBRep_8ogZD1Ot2","file"
"SCANFI_spsCC_ABIE_LAS_2010_v2_20260119.tif","SCANFI_v2/2010/SCANFI_spsCC_ABIE_LAS_2010_v2_20260119.tif","https://object-arbutus.cloud.computecanada.ca/predictiveecology/SCANFI_v2/2010/SCANFI_spsCC_ABIE_LAS_2010_v2_20260119.tif","1uVb09FG2i5xhOOUcKCmKWnoBgIbZYtZD","file"
"SCANFI_spsCC_ABIE_LAS_2010_v2_20260119.tif.aux.xml","SCANFI_v2/2010/SCANFI_spsCC_ABIE_LAS_2010_v2_20260119.tif.aux.xml","https://object-arbutus.cloud.computecanada.ca/predictiveecology/SCANFI_v2/2010/SCANFI_spsCC_ABIE_LAS_2010_v2_20260119.tif.aux.xml","1f-baJPH7lKLEkj75lU_SViLosWfx-bKu","file"
"SCANFI_spsCC_ABIE_LAS_2010_v2_20260119.tif.ovr","SCANFI_v2/2010/SCANFI_spsCC_ABIE_LAS_2010_v2_20260119.tif.ovr","https://object-arbutus.cloud.computecanada.ca/predictiveecology/SCANFI_v2/2010/SCANFI_spsCC_ABIE_LAS_2010_v2_20260119.tif.ovr","1qmyjvo4Hwpt6-Qm-b0nb-CF9ULZtcER0","file"
"SCANFI_spsCC_ACER_RUB_2010_v2_20260119.tif","SCANFI_v2/2010/SCANFI_spsCC_ACER_RUB_2010_v2_20260119.tif","https://object-arbutus.cloud.computecanada.ca/predictiveecology/SCANFI_v2/2010/SCANFI_spsCC_ACER_RUB_2010_v2_20260119.tif","1vvYS_ErPQE9HqVkiWvnTX4J1YPDx9h7N","file"
"SCANFI_spsCC_ACER_RUB_2010_v2_20260119.tif.aux.xml","SCANFI_v2/2010/SCANFI_spsCC_ACER_RUB_2010_v2_20260119.tif.aux.xml","https://object-arbutus.cloud.computecanada.ca/predictiveecology/SCANFI_v2/2010/SCANFI_spsCC_ACER_RUB_2010_v2_20260119.tif.aux.xml","1q4nVwOaT-ips3HwBaEvIMUA8CfadMf4I","file"
"SCANFI_spsCC_ACER_RUB_2010_v2_20260119.tif.ovr","SCANFI_v2/2010/SCANFI_spsCC_ACER_RUB_2010_v2_20260119.tif.ovr","https://object-arbutus.cloud.computecanada.ca/predictiveecology/SCANFI_v2/2010/SCANFI_spsCC_ACER_RUB_2010_v2_20260119.tif.ovr","1XvS4UtkA5Us2svz28BNCyeKK5gggLDiO","file"
"SCANFI_spsCC_ACER_SAH_2010_v2_20260119.tif","SCANFI_v2/2010/SCANFI_spsCC_ACER_SAH_2010_v2_20260119.tif","https://object-arbutus.cloud.computecanada.ca/predictiveecology/SCANFI_v2/2010/SCANFI_spsCC_ACER_SAH_2010_v2_20260119.tif","1JTC3zzg8dWiRF5CDgRNHUCPrue1em13R","file"
"SCANFI_spsCC_ACER_SAH_2010_v2_20260119.tif.aux.xml","SCANFI_v2/2010/SCANFI_spsCC_ACER_SAH_2010_v2_20260119.tif.aux.xml","https://object-arbutus.cloud.computecanada.ca/predictiveecology/SCANFI_v2/2010/SCANFI_spsCC_ACER_SAH_2010_v2_20260119.tif.aux.xml","1SFOUzP66yEbvEoFa-MFu9D6QPAW_Af-C","file"
"SCANFI_spsCC_ACER_SAH_2010_v2_20260119.tif.ovr","SCANFI_v2/2010/SCANFI_spsCC_ACER_SAH_2010_v2_20260119.tif.ovr","https://object-arbutus.cloud.computecanada.ca/predictiveecology/SCANFI_v2/2010/SCANFI_spsCC_ACER_SAH_2010_v2_20260119.tif.ovr","1mGLdnIFenFatsOQljnsUHtuPtTsnNMrc","file"
"SCANFI_spsCC_ALNU_RUB_2010_v2_20260119.tif","SCANFI_v2/2010/SCANFI_spsCC_ALNU_RUB_2010_v2_20260119.tif","https://object-arbutus.cloud.computecanada.ca/predictiveecology/SCANFI_v2/2010/SCANFI_spsCC_ALNU_RUB_2010_v2_20260119.tif","1_Zbm63JcN6GnTU9FUZOMWK3TfPaujfur","file"
"SCANFI_spsCC_ALNU_RUB_2010_v2_20260119.tif.aux.xml","SCANFI_v2/2010/SCANFI_spsCC_ALNU_RUB_2010_v2_20260119.tif.aux.xml","https://object-arbutus.cloud.computecanada.ca/predictiveecology/SCANFI_v2/2010/SCANFI_spsCC_ALNU_RUB_2010_v2_20260119.tif.aux.xml","1rScA7YAf_lsxh7GcmT-qC0akGH_biINo","file"
"SCANFI_spsCC_ALNU_RUB_2010_v2_20260119.tif.ovr","SCANFI_v2/2010/SCANFI_spsCC_ALNU_RUB_2010_v2_20260119.tif.ovr","https://object-arbutus.cloud.computecanada.ca/predictiveecology/SCANFI_v2/2010/SCANFI_spsCC_ALNU_RUB_2010_v2_20260119.tif.ovr","14RDjD7Gtk78QqEFAxtqPpoEG4A8LhA5o","file"
"SCANFI_spsCC_BETU_ALL_2010_v2_20260119.tif","SCANFI_v2/2010/SCANFI_spsCC_BETU_ALL_2010_v2_20260119.tif","https://object-arbutus.cloud.computecanada.ca/predictiveecology/SCANFI_v2/2010/SCANFI_spsCC_BETU_ALL_2010_v2_20260119.tif","11msArK0dJGH8ciscG4rXZ974gPkM6Y63","file"
"SCANFI_spsCC_BETU_ALL_2010_v2_20260119.tif.aux.xml","SCANFI_v2/2010/SCANFI_spsCC_BETU_ALL_2010_v2_20260119.tif.aux.xml","https://object-arbutus.cloud.computecanada.ca/predictiveecology/SCANFI_v2/2010/SCANFI_spsCC_BETU_ALL_2010_v2_20260119.tif.aux.xml","1Lnk2Dv54-BwWDDg8JraeSgVQpw207ZhL","file"
"SCANFI_spsCC_BETU_ALL_2010_v2_20260119.tif.ovr","SCANFI_v2/2010/SCANFI_spsCC_BETU_ALL_2010_v2_20260119.tif.ovr","https://object-arbutus.cloud.computecanada.ca/predictiveecology/SCANFI_v2/2010/SCANFI_spsCC_BETU_ALL_2010_v2_20260119.tif.ovr","1Zos8EBYCUyZFYAmgmTvfx5wVZ1wA6M3T","file"
"SCANFI_spsCC_BETU_PAP_2010_v2_20260119.tif","SCANFI_v2/2010/SCANFI_spsCC_BETU_PAP_2010_v2_20260119.tif","https://object-arbutus.cloud.computecanada.ca/predictiveecology/SCANFI_v2/2010/SCANFI_spsCC_BETU_PAP_2010_v2_20260119.tif","1SoQ5itmH5R1PboR0pbyOCruOPw-jrF5X","file"
"SCANFI_spsCC_BETU_PAP_2010_v2_20260119.tif.aux.xml","SCANFI_v2/2010/SCANFI_spsCC_BETU_PAP_2010_v2_20260119.tif.aux.xml","https://object-arbutus.cloud.computecanada.ca/predictiveecology/SCANFI_v2/2010/SCANFI_spsCC_BETU_PAP_2010_v2_20260119.tif.aux.xml","1kAnqEBzE3y8LQ7ww2GDjJ5AyOrzHv_CT","file"
"SCANFI_spsCC_BETU_PAP_2010_v2_20260119.tif.ovr","SCANFI_v2/2010/SCANFI_spsCC_BETU_PAP_2010_v2_20260119.tif.ovr","https://object-arbutus.cloud.computecanada.ca/predictiveecology/SCANFI_v2/2010/SCANFI_spsCC_BETU_PAP_2010_v2_20260119.tif.ovr","1wH9ynDzR3wXtRM_mbFm0ENxwAKjicEQz","file"
"SCANFI_spsCC_CHAM_NOO_2010_v2_20260119.tif","SCANFI_v2/2010/SCANFI_spsCC_CHAM_NOO_2010_v2_20260119.tif","https://object-arbutus.cloud.computecanada.ca/predictiveecology/SCANFI_v2/2010/SCANFI_spsCC_CHAM_NOO_2010_v2_20260119.tif","1aqErktYllbX4NCZ6AOW6_8fJeY3F0ooM","file"
"SCANFI_spsCC_CHAM_NOO_2010_v2_20260119.tif.aux.xml","SCANFI_v2/2010/SCANFI_spsCC_CHAM_NOO_2010_v2_20260119.tif.aux.xml","https://object-arbutus.cloud.computecanada.ca/predictiveecology/SCANFI_v2/2010/SCANFI_spsCC_CHAM_NOO_2010_v2_20260119.tif.aux.xml","133i0-vrmDcFA7diRAjc2Z9qhm4K-PdQ3","file"
"SCANFI_spsCC_CHAM_NOO_2010_v2_20260119.tif.ovr","SCANFI_v2/2010/SCANFI_spsCC_CHAM_NOO_2010_v2_20260119.tif.ovr","https://object-arbutus.cloud.computecanada.ca/predictiveecology/SCANFI_v2/2010/SCANFI_spsCC_CHAM_NOO_2010_v2_20260119.tif.ovr","1bsY7QQoGBNXlJMBHMbPGKpNXgFTeM2dY","file"
"SCANFI_spsCC_FAGU_GRA_2010_v2_20260119.tif","SCANFI_v2/2010/SCANFI_spsCC_FAGU_GRA_2010_v2_20260119.tif","https://object-arbutus.cloud.computecanada.ca/predictiveecology/SCANFI_v2/2010/SCANFI_spsCC_FAGU_GRA_2010_v2_20260119.tif","1u85BjNv3xLCup2XX-YEkOWg5s-EPnEpi","file"
"SCANFI_spsCC_FAGU_GRA_2010_v2_20260119.tif.aux.xml","SCANFI_v2/2010/SCANFI_spsCC_FAGU_GRA_2010_v2_20260119.tif.aux.xml","https://object-arbutus.cloud.computecanada.ca/predictiveecology/SCANFI_v2/2010/SCANFI_spsCC_FAGU_GRA_2010_v2_20260119.tif.aux.xml","1GBE5y9mNRZmmftEUVTo5-8Eu9hzX35YO","file"
"SCANFI_spsCC_FAGU_GRA_2010_v2_20260119.tif.ovr","SCANFI_v2/2010/SCANFI_spsCC_FAGU_GRA_2010_v2_20260119.tif.ovr","https://object-arbutus.cloud.computecanada.ca/predictiveecology/SCANFI_v2/2010/SCANFI_spsCC_FAGU_GRA_2010_v2_20260119.tif.ovr","1-1oVzD2GTjvZJH8yWS4HTuTl88aPxEZt","file"
"SCANFI_spsCC_FRAX_AME_2010_v2_20260119.tif","SCANFI_v2/2010/SCANFI_spsCC_FRAX_AME_2010_v2_20260119.tif","https://object-arbutus.cloud.computecanada.ca/predictiveecology/SCANFI_v2/2010/SCANFI_spsCC_FRAX_AME_2010_v2_20260119.tif","1KV_2fWuN96UqTrT03yuuyjt_4ByyOyB-","file"
"SCANFI_spsCC_FRAX_AME_2010_v2_20260119.tif.aux.xml","SCANFI_v2/2010/SCANFI_spsCC_FRAX_AME_2010_v2_20260119.tif.aux.xml","https://object-arbutus.cloud.computecanada.ca/predictiveecology/SCANFI_v2/2010/SCANFI_spsCC_FRAX_AME_2010_v2_20260119.tif.aux.xml","1ASjNgIgJK33Vx8CY1p2jFhnuG1pPWEMG","file"
"SCANFI_spsCC_FRAX_AME_2010_v2_20260119.tif.ovr","SCANFI_v2/2010/SCANFI_spsCC_FRAX_AME_2010_v2_20260119.tif.ovr","https://object-arbutus.cloud.computecanada.ca/predictiveecology/SCANFI_v2/2010/SCANFI_spsCC_FRAX_AME_2010_v2_20260119.tif.ovr","14o95K_9B4o2z_UXY4r3PeRjLAZgFsOdk","file"
"SCANFI_spsCC_LARI_LAR_2010_v2_20260119.tif","SCANFI_v2/2010/SCANFI_spsCC_LARI_LAR_2010_v2_20260119.tif","https://object-arbutus.cloud.computecanada.ca/predictiveecology/SCANFI_v2/2010/SCANFI_spsCC_LARI_LAR_2010_v2_20260119.tif","1BmXPaxBHnulv4S8PX2M4n4q2kxQqAxhy","file"
"SCANFI_spsCC_LARI_LAR_2010_v2_20260119.tif.aux.xml","SCANFI_v2/2010/SCANFI_spsCC_LARI_LAR_2010_v2_20260119.tif.aux.xml","https://object-arbutus.cloud.computecanada.ca/predictiveecology/SCANFI_v2/2010/SCANFI_spsCC_LARI_LAR_2010_v2_20260119.tif.aux.xml","1gSWmaRrWCygX4n0wvhjk82hgDyTwcUb_","file"
"SCANFI_spsCC_LARI_LAR_2010_v2_20260119.tif.ovr","SCANFI_v2/2010/SCANFI_spsCC_LARI_LAR_2010_v2_20260119.tif.ovr","https://object-arbutus.cloud.computecanada.ca/predictiveecology/SCANFI_v2/2010/SCANFI_spsCC_LARI_LAR_2010_v2_20260119.tif.ovr","17rO9wXRQrOQZWYyUYISKBNs58HvdGdGs","file"
"SCANFI_spsCC_LARI_OCC_2010_v2_20260119.tif","SCANFI_v2/2010/SCANFI_spsCC_LARI_OCC_2010_v2_20260119.tif","https://object-arbutus.cloud.computecanada.ca/predictiveecology/SCANFI_v2/2010/SCANFI_spsCC_LARI_OCC_2010_v2_20260119.tif","15MdiFFvYMxmPIMFqbZaVE21hKwFlQg9F","file"
"SCANFI_spsCC_LARI_OCC_2010_v2_20260119.tif.aux.xml","SCANFI_v2/2010/SCANFI_spsCC_LARI_OCC_2010_v2_20260119.tif.aux.xml","https://object-arbutus.cloud.computecanada.ca/predictiveecology/SCANFI_v2/2010/SCANFI_spsCC_LARI_OCC_2010_v2_20260119.tif.aux.xml","1UYisoIAeTdHq_srMTzOFdRcqEJFPF_1g","file"
"SCANFI_spsCC_LARI_OCC_2010_v2_20260119.tif.ovr","SCANFI_v2/2010/SCANFI_spsCC_LARI_OCC_2010_v2_20260119.tif.ovr","https://object-arbutus.cloud.computecanada.ca/predictiveecology/SCANFI_v2/2010/SCANFI_spsCC_LARI_OCC_2010_v2_20260119.tif.ovr","1mHHDiiWJRcpeZj05lwhdnvsZSHegRFvJ","file"
"SCANFI_spsCC_PICE_ENG_2010_v2_20260119.tif","SCANFI_v2/2010/SCANFI_spsCC_PICE_ENG_2010_v2_20260119.tif","https://object-arbutus.cloud.computecanada.ca/predictiveecology/SCANFI_v2/2010/SCANFI_spsCC_PICE_ENG_2010_v2_20260119.tif","1Ky6_3YSTjqn576Y63D_H3HlpdPYg3g1w","file"
"SCANFI_spsCC_PICE_ENG_2010_v2_20260119.tif.aux.xml","SCANFI_v2/2010/SCANFI_spsCC_PICE_ENG_2010_v2_20260119.tif.aux.xml","https://object-arbutus.cloud.computecanada.ca/predictiveecology/SCANFI_v2/2010/SCANFI_spsCC_PICE_ENG_2010_v2_20260119.tif.aux.xml","1GrRaGmHXwbImhZwKhxJZBqIfAxsnQ_Ue","file"
"SCANFI_spsCC_PICE_ENG_2010_v2_20260119.tif.ovr","SCANFI_v2/2010/SCANFI_spsCC_PICE_ENG_2010_v2_20260119.tif.ovr","https://object-arbutus.cloud.computecanada.ca/predictiveecology/SCANFI_v2/2010/SCANFI_spsCC_PICE_ENG_2010_v2_20260119.tif.ovr","1ZFO97x_eLRXrLlvueL4j3LJfZh9s91eG","file"
"SCANFI_spsCC_PICE_ENG_GLA_2010_v2_20260119.tif","SCANFI_v2/2010/SCANFI_spsCC_PICE_ENG_GLA_2010_v2_20260119.tif","https://object-arbutus.cloud.computecanada.ca/predictiveecology/SCANFI_v2/2010/SCANFI_spsCC_PICE_ENG_GLA_2010_v2_20260119.tif","1-aHf9gbKPToqFsZYFuP2Irr9ufgDPQr3","file"
"SCANFI_spsCC_PICE_ENG_GLA_2010_v2_20260119.tif.aux.xml","SCANFI_v2/2010/SCANFI_spsCC_PICE_ENG_GLA_2010_v2_20260119.tif.aux.xml","https://object-arbutus.cloud.computecanada.ca/predictiveecology/SCANFI_v2/2010/SCANFI_spsCC_PICE_ENG_GLA_2010_v2_20260119.tif.aux.xml","1qbeOc37-H1IGV-ITACQTlizkDUJ4Bhp-","file"
"SCANFI_spsCC_PICE_ENG_GLA_2010_v2_20260119.tif.ovr","SCANFI_v2/2010/SCANFI_spsCC_PICE_ENG_GLA_2010_v2_20260119.tif.ovr","https://object-arbutus.cloud.computecanada.ca/predictiveecology/SCANFI_v2/2010/SCANFI_spsCC_PICE_ENG_GLA_2010_v2_20260119.tif.ovr","188-iP2HOhIn-PKAaULaAIBlg_q29hyyI","file"
"SCANFI_spsCC_PICE_GLA_2010_v2_20260119.tif","SCANFI_v2/2010/SCANFI_spsCC_PICE_GLA_2010_v2_20260119.tif","https://object-arbutus.cloud.computecanada.ca/predictiveecology/SCANFI_v2/2010/SCANFI_spsCC_PICE_GLA_2010_v2_20260119.tif","1BKKKOjvUl74DH-2OoqyA4nJR7eDFcTyV","file"
"SCANFI_spsCC_PICE_GLA_2010_v2_20260119.tif.aux.xml","SCANFI_v2/2010/SCANFI_spsCC_PICE_GLA_2010_v2_20260119.tif.aux.xml","https://object-arbutus.cloud.computecanada.ca/predictiveecology/SCANFI_v2/2010/SCANFI_spsCC_PICE_GLA_2010_v2_20260119.tif.aux.xml","10FmaEbwp5exjNBVJm6xe4n7msOVKFRUR","file"
"SCANFI_spsCC_PICE_GLA_2010_v2_20260119.tif.ovr","SCANFI_v2/2010/SCANFI_spsCC_PICE_GLA_2010_v2_20260119.tif.ovr","https://object-arbutus.cloud.computecanada.ca/predictiveecology/SCANFI_v2/2010/SCANFI_spsCC_PICE_GLA_2010_v2_20260119.tif.ovr","1HgEZ8e-6Npx1wWdc2mjtizORKHT8W1QO","file"
"SCANFI_spsCC_PICE_MAR_2010_v2_20260119.tif","SCANFI_v2/2010/SCANFI_spsCC_PICE_MAR_2010_v2_20260119.tif","https://object-arbutus.cloud.computecanada.ca/predictiveecology/SCANFI_v2/2010/SCANFI_spsCC_PICE_MAR_2010_v2_20260119.tif","1QxYny1Q3XwJCQg0I5R6MRVFxK7RcUur2","file"
"SCANFI_spsCC_PICE_MAR_2010_v2_20260119.tif.aux.xml","SCANFI_v2/2010/SCANFI_spsCC_PICE_MAR_2010_v2_20260119.tif.aux.xml","https://object-arbutus.cloud.computecanada.ca/predictiveecology/SCANFI_v2/2010/SCANFI_spsCC_PICE_MAR_2010_v2_20260119.tif.aux.xml","1weFRZqiBEIBwRL4_ZW0BRXqV7c1OXXIl","file"
"SCANFI_spsCC_PICE_MAR_2010_v2_20260119.tif.ovr","SCANFI_v2/2010/SCANFI_spsCC_PICE_MAR_2010_v2_20260119.tif.ovr","https://object-arbutus.cloud.computecanada.ca/predictiveecology/SCANFI_v2/2010/SCANFI_spsCC_PICE_MAR_2010_v2_20260119.tif.ovr","1MxhIub6VpPhp640YliRfBcM6IKp_JcJe","file"
"SCANFI_spsCC_PICE_RUB_2010_v2_20260119.tif","SCANFI_v2/2010/SCANFI_spsCC_PICE_RUB_2010_v2_20260119.tif","https://object-arbutus.cloud.computecanada.ca/predictiveecology/SCANFI_v2/2010/SCANFI_spsCC_PICE_RUB_2010_v2_20260119.tif","1lSdW97_CY0Y599II2adteKn4Qbb7Z4aQ","file"
"SCANFI_spsCC_PICE_RUB_2010_v2_20260119.tif.aux.xml","SCANFI_v2/2010/SCANFI_spsCC_PICE_RUB_2010_v2_20260119.tif.aux.xml","https://object-arbutus.cloud.computecanada.ca/predictiveecology/SCANFI_v2/2010/SCANFI_spsCC_PICE_RUB_2010_v2_20260119.tif.aux.xml","1jGJ8-WvQiComDlOy_6yeGWzKeK6aDD7c","file"
"SCANFI_spsCC_PICE_RUB_2010_v2_20260119.tif.ovr","SCANFI_v2/2010/SCANFI_spsCC_PICE_RUB_2010_v2_20260119.tif.ovr","https://object-arbutus.cloud.computecanada.ca/predictiveecology/SCANFI_v2/2010/SCANFI_spsCC_PICE_RUB_2010_v2_20260119.tif.ovr","1SYQ0XZUrvmsoI0DRATwKyAKwpy4v41b_","file"
"SCANFI_spsCC_PICE_SIT_2010_v2_20260119.tif","SCANFI_v2/2010/SCANFI_spsCC_PICE_SIT_2010_v2_20260119.tif","https://object-arbutus.cloud.computecanada.ca/predictiveecology/SCANFI_v2/2010/SCANFI_spsCC_PICE_SIT_2010_v2_20260119.tif","1anasJWa48yTmLEMFnGn4WBOgDU0mgT8f","file"
"SCANFI_spsCC_PICE_SIT_2010_v2_20260119.tif.aux.xml","SCANFI_v2/2010/SCANFI_spsCC_PICE_SIT_2010_v2_20260119.tif.aux.xml","https://object-arbutus.cloud.computecanada.ca/predictiveecology/SCANFI_v2/2010/SCANFI_spsCC_PICE_SIT_2010_v2_20260119.tif.aux.xml","1GnBs0YSPdKldw6Q-IGMhhJHDukOdRi6H","file"
"SCANFI_spsCC_PICE_SIT_2010_v2_20260119.tif.ovr","SCANFI_v2/2010/SCANFI_spsCC_PICE_SIT_2010_v2_20260119.tif.ovr","https://object-arbutus.cloud.computecanada.ca/predictiveecology/SCANFI_v2/2010/SCANFI_spsCC_PICE_SIT_2010_v2_20260119.tif.ovr","1_zdtRJfYwZ7lDOryWBDBXYDIxFhCwfZJ","file"
"SCANFI_spsCC_PINU_BAN_2010_v2_20260119.tif","SCANFI_v2/2010/SCANFI_spsCC_PINU_BAN_2010_v2_20260119.tif","https://object-arbutus.cloud.computecanada.ca/predictiveecology/SCANFI_v2/2010/SCANFI_spsCC_PINU_BAN_2010_v2_20260119.tif","1-AX1oCRRSYZpqW7roK1cWXycayg1GF0O","file"
"SCANFI_spsCC_PINU_BAN_2010_v2_20260119.tif.aux.xml","SCANFI_v2/2010/SCANFI_spsCC_PINU_BAN_2010_v2_20260119.tif.aux.xml","https://object-arbutus.cloud.computecanada.ca/predictiveecology/SCANFI_v2/2010/SCANFI_spsCC_PINU_BAN_2010_v2_20260119.tif.aux.xml","1OGj3g8IzwNLV8YXhkFWGFLV-fRqhghnI","file"
"SCANFI_spsCC_PINU_BAN_2010_v2_20260119.tif.ovr","SCANFI_v2/2010/SCANFI_spsCC_PINU_BAN_2010_v2_20260119.tif.ovr","https://object-arbutus.cloud.computecanada.ca/predictiveecology/SCANFI_v2/2010/SCANFI_spsCC_PINU_BAN_2010_v2_20260119.tif.ovr","1s4ylYa2IYTHFRwp6RydPxfgOI3XPCXYL","file"
"SCANFI_spsCC_PINU_CON_CON_2010_v2_20260119.tif","SCANFI_v2/2010/SCANFI_spsCC_PINU_CON_CON_2010_v2_20260119.tif","https://object-arbutus.cloud.computecanada.ca/predictiveecology/SCANFI_v2/2010/SCANFI_spsCC_PINU_CON_CON_2010_v2_20260119.tif","1Hc1x8h2ZgoX6hQONlsMerlPY_OQFlKm1","file"
"SCANFI_spsCC_PINU_CON_CON_2010_v2_20260119.tif.aux.xml","SCANFI_v2/2010/SCANFI_spsCC_PINU_CON_CON_2010_v2_20260119.tif.aux.xml","https://object-arbutus.cloud.computecanada.ca/predictiveecology/SCANFI_v2/2010/SCANFI_spsCC_PINU_CON_CON_2010_v2_20260119.tif.aux.xml","1JJun-ef14EpdhAFeUJmHT3j6KOF0iGYx","file"
"SCANFI_spsCC_PINU_CON_CON_2010_v2_20260119.tif.ovr","SCANFI_v2/2010/SCANFI_spsCC_PINU_CON_CON_2010_v2_20260119.tif.ovr","https://object-arbutus.cloud.computecanada.ca/predictiveecology/SCANFI_v2/2010/SCANFI_spsCC_PINU_CON_CON_2010_v2_20260119.tif.ovr","1qENEvY9piDhDZDoxJ_IhOffxbTU60zuV","file"
"SCANFI_spsCC_PINU_CON_LAT_2010_v2_20260119.tif","SCANFI_v2/2010/SCANFI_spsCC_PINU_CON_LAT_2010_v2_20260119.tif","https://object-arbutus.cloud.computecanada.ca/predictiveecology/SCANFI_v2/2010/SCANFI_spsCC_PINU_CON_LAT_2010_v2_20260119.tif","1c5CePu8nnyy3-o0LBjiAHdPqQc82B2ip","file"
"SCANFI_spsCC_PINU_CON_LAT_2010_v2_20260119.tif.aux.xml","SCANFI_v2/2010/SCANFI_spsCC_PINU_CON_LAT_2010_v2_20260119.tif.aux.xml","https://object-arbutus.cloud.computecanada.ca/predictiveecology/SCANFI_v2/2010/SCANFI_spsCC_PINU_CON_LAT_2010_v2_20260119.tif.aux.xml","1MCwvyqCVtYl--t5UZvqqFx3arYW4XAHA","file"
"SCANFI_spsCC_PINU_CON_LAT_2010_v2_20260119.tif.ovr","SCANFI_v2/2010/SCANFI_spsCC_PINU_CON_LAT_2010_v2_20260119.tif.ovr","https://object-arbutus.cloud.computecanada.ca/predictiveecology/SCANFI_v2/2010/SCANFI_spsCC_PINU_CON_LAT_2010_v2_20260119.tif.ovr","1UF9X-PZFGySFAgaBmLnYe4n-FgtGqH4F","file"
"SCANFI_spsCC_PINU_PON_2010_v2_20260119.tif","SCANFI_v2/2010/SCANFI_spsCC_PINU_PON_2010_v2_20260119.tif","https://object-arbutus.cloud.computecanada.ca/predictiveecology/SCANFI_v2/2010/SCANFI_spsCC_PINU_PON_2010_v2_20260119.tif","1LnELwGG_cADBV8KJ2vvGdmCW5_ZKqe1x","file"
"SCANFI_spsCC_PINU_PON_2010_v2_20260119.tif.aux.xml","SCANFI_v2/2010/SCANFI_spsCC_PINU_PON_2010_v2_20260119.tif.aux.xml","https://object-arbutus.cloud.computecanada.ca/predictiveecology/SCANFI_v2/2010/SCANFI_spsCC_PINU_PON_2010_v2_20260119.tif.aux.xml","12CJDQ8oGsN55ZsMJNVZEZlJnqvhFZK2c","file"
"SCANFI_spsCC_PINU_PON_2010_v2_20260119.tif.ovr","SCANFI_v2/2010/SCANFI_spsCC_PINU_PON_2010_v2_20260119.tif.ovr","https://object-arbutus.cloud.computecanada.ca/predictiveecology/SCANFI_v2/2010/SCANFI_spsCC_PINU_PON_2010_v2_20260119.tif.ovr","1y3kuU-K6dkpFORxmtDcPaCGbMunQzwMR","file"
"SCANFI_spsCC_PINU_RES_2010_v2_20260119.tif","SCANFI_v2/2010/SCANFI_spsCC_PINU_RES_2010_v2_20260119.tif","https://object-arbutus.cloud.computecanada.ca/predictiveecology/SCANFI_v2/2010/SCANFI_spsCC_PINU_RES_2010_v2_20260119.tif","1YU66RwqrymtZxdD-AnOCSzpA7of2cWpv","file"
"SCANFI_spsCC_PINU_RES_2010_v2_20260119.tif.aux.xml","SCANFI_v2/2010/SCANFI_spsCC_PINU_RES_2010_v2_20260119.tif.aux.xml","https://object-arbutus.cloud.computecanada.ca/predictiveecology/SCANFI_v2/2010/SCANFI_spsCC_PINU_RES_2010_v2_20260119.tif.aux.xml","10olwH7gofHTW0AtXuaqeuGz3ntx-5jVG","file"
"SCANFI_spsCC_PINU_RES_2010_v2_20260119.tif.ovr","SCANFI_v2/2010/SCANFI_spsCC_PINU_RES_2010_v2_20260119.tif.ovr","https://object-arbutus.cloud.computecanada.ca/predictiveecology/SCANFI_v2/2010/SCANFI_spsCC_PINU_RES_2010_v2_20260119.tif.ovr","16pKia-VzjdhJoYtksSHvca3a2UTxYQhs","file"
"SCANFI_spsCC_PINU_STR_2010_v2_20260119.tif","SCANFI_v2/2010/SCANFI_spsCC_PINU_STR_2010_v2_20260119.tif","https://object-arbutus.cloud.computecanada.ca/predictiveecology/SCANFI_v2/2010/SCANFI_spsCC_PINU_STR_2010_v2_20260119.tif","18hfn3v4EwQC9cvBg3pZ2Yx3NVIMnYeOZ","file"
"SCANFI_spsCC_PINU_STR_2010_v2_20260119.tif.aux.xml","SCANFI_v2/2010/SCANFI_spsCC_PINU_STR_2010_v2_20260119.tif.aux.xml","https://object-arbutus.cloud.computecanada.ca/predictiveecology/SCANFI_v2/2010/SCANFI_spsCC_PINU_STR_2010_v2_20260119.tif.aux.xml","13uqtkBleQNY3Odi22SkudyUT3a6P4Nyj","file"
"SCANFI_spsCC_PINU_STR_2010_v2_20260119.tif.ovr","SCANFI_v2/2010/SCANFI_spsCC_PINU_STR_2010_v2_20260119.tif.ovr","https://object-arbutus.cloud.computecanada.ca/predictiveecology/SCANFI_v2/2010/SCANFI_spsCC_PINU_STR_2010_v2_20260119.tif.ovr","10RJF7gkVjrEBMBxOg04fjzs4330ln9pB","file"
"SCANFI_spsCC_POPU_BAL_2010_v2_20260119.tif","SCANFI_v2/2010/SCANFI_spsCC_POPU_BAL_2010_v2_20260119.tif","https://object-arbutus.cloud.computecanada.ca/predictiveecology/SCANFI_v2/2010/SCANFI_spsCC_POPU_BAL_2010_v2_20260119.tif","1Tp_kuf6Y6Qw8P1Enta9MJrX01vL0cpEg","file"
"SCANFI_spsCC_POPU_BAL_2010_v2_20260119.tif.aux.xml","SCANFI_v2/2010/SCANFI_spsCC_POPU_BAL_2010_v2_20260119.tif.aux.xml","https://object-arbutus.cloud.computecanada.ca/predictiveecology/SCANFI_v2/2010/SCANFI_spsCC_POPU_BAL_2010_v2_20260119.tif.aux.xml","1egHyMnVASDZaU6f8i7XCgoijUC2lW0fO","file"
"SCANFI_spsCC_POPU_BAL_2010_v2_20260119.tif.ovr","SCANFI_v2/2010/SCANFI_spsCC_POPU_BAL_2010_v2_20260119.tif.ovr","https://object-arbutus.cloud.computecanada.ca/predictiveecology/SCANFI_v2/2010/SCANFI_spsCC_POPU_BAL_2010_v2_20260119.tif.ovr","1m6HUxLUmISJrcssmhl6MoNYH9g3tXqI4","file"
"SCANFI_spsCC_POPU_GRA_2010_v2_20260119.tif","SCANFI_v2/2010/SCANFI_spsCC_POPU_GRA_2010_v2_20260119.tif","https://object-arbutus.cloud.computecanada.ca/predictiveecology/SCANFI_v2/2010/SCANFI_spsCC_POPU_GRA_2010_v2_20260119.tif","1IfqTaskUs813gSmg1-cSL5VJutlVG1NN","file"
"SCANFI_spsCC_POPU_GRA_2010_v2_20260119.tif.aux.xml","SCANFI_v2/2010/SCANFI_spsCC_POPU_GRA_2010_v2_20260119.tif.aux.xml","https://object-arbutus.cloud.computecanada.ca/predictiveecology/SCANFI_v2/2010/SCANFI_spsCC_POPU_GRA_2010_v2_20260119.tif.aux.xml","11wEZL1NQU8edC_tDdht5f3qFizmvW2kX","file"
"SCANFI_spsCC_POPU_GRA_2010_v2_20260119.tif.ovr","SCANFI_v2/2010/SCANFI_spsCC_POPU_GRA_2010_v2_20260119.tif.ovr","https://object-arbutus.cloud.computecanada.ca/predictiveecology/SCANFI_v2/2010/SCANFI_spsCC_POPU_GRA_2010_v2_20260119.tif.ovr","1HkpSdpTmKnyb85Fsr4T0d4bPYpeHVmrr","file"
"SCANFI_spsCC_POPU_TRE_2010_v2_20260119.tif","SCANFI_v2/2010/SCANFI_spsCC_POPU_TRE_2010_v2_20260119.tif","https://object-arbutus.cloud.computecanada.ca/predictiveecology/SCANFI_v2/2010/SCANFI_spsCC_POPU_TRE_2010_v2_20260119.tif","1Mz9dC1QbQHR-OfrVNUBffPYOauUEvnyi","file"
"SCANFI_spsCC_POPU_TRE_2010_v2_20260119.tif.aux.xml","SCANFI_v2/2010/SCANFI_spsCC_POPU_TRE_2010_v2_20260119.tif.aux.xml","https://object-arbutus.cloud.computecanada.ca/predictiveecology/SCANFI_v2/2010/SCANFI_spsCC_POPU_TRE_2010_v2_20260119.tif.aux.xml","1l8pLqP9tL8EZiWzFjg3fWN5DxDCHZ9cx","file"
"SCANFI_spsCC_POPU_TRE_2010_v2_20260119.tif.ovr","SCANFI_v2/2010/SCANFI_spsCC_POPU_TRE_2010_v2_20260119.tif.ovr","https://object-arbutus.cloud.computecanada.ca/predictiveecology/SCANFI_v2/2010/SCANFI_spsCC_POPU_TRE_2010_v2_20260119.tif.ovr","1U-YdL6j9xluoaBmR5bg2zQWnbxyeHGFi","file"
"SCANFI_spsCC_prcB_other_2010_v2_20260119.tif","SCANFI_v2/2010/SCANFI_spsCC_prcB_other_2010_v2_20260119.tif","https://object-arbutus.cloud.computecanada.ca/predictiveecology/SCANFI_v2/2010/SCANFI_spsCC_prcB_other_2010_v2_20260119.tif","1N2ES6Zqg9a9T0VxHA_lQTyfE0ZteRJn3","file"
"SCANFI_spsCC_prcB_other_2010_v2_20260119.tif.aux.xml","SCANFI_v2/2010/SCANFI_spsCC_prcB_other_2010_v2_20260119.tif.aux.xml","https://object-arbutus.cloud.computecanada.ca/predictiveecology/SCANFI_v2/2010/SCANFI_spsCC_prcB_other_2010_v2_20260119.tif.aux.xml","1XeqzIhdjUXH9G5UKBzhtugygv8QQBMGo","file"
"SCANFI_spsCC_prcB_other_2010_v2_20260119.tif.ovr","SCANFI_v2/2010/SCANFI_spsCC_prcB_other_2010_v2_20260119.tif.ovr","https://object-arbutus.cloud.computecanada.ca/predictiveecology/SCANFI_v2/2010/SCANFI_spsCC_prcB_other_2010_v2_20260119.tif.ovr","1vmlm1VjK417yyzGVPXmxPIoT4Bkrqftr","file"
"SCANFI_spsCC_prcC_other_2010_v2_20260119.tif","SCANFI_v2/2010/SCANFI_spsCC_prcC_other_2010_v2_20260119.tif","https://object-arbutus.cloud.computecanada.ca/predictiveecology/SCANFI_v2/2010/SCANFI_spsCC_prcC_other_2010_v2_20260119.tif","1HnMRidxKFG4fAL8atHstffFbcu3wUISX","file"
"SCANFI_spsCC_prcC_other_2010_v2_20260119.tif.aux.xml","SCANFI_v2/2010/SCANFI_spsCC_prcC_other_2010_v2_20260119.tif.aux.xml","https://object-arbutus.cloud.computecanada.ca/predictiveecology/SCANFI_v2/2010/SCANFI_spsCC_prcC_other_2010_v2_20260119.tif.aux.xml","1TJfsynji2ImIlmmxbWdvg3CmFadjqCRn","file"
"SCANFI_spsCC_prcC_other_2010_v2_20260119.tif.ovr","SCANFI_v2/2010/SCANFI_spsCC_prcC_other_2010_v2_20260119.tif.ovr","https://object-arbutus.cloud.computecanada.ca/predictiveecology/SCANFI_v2/2010/SCANFI_spsCC_prcC_other_2010_v2_20260119.tif.ovr","1OmjqP-Kwttz6QhN2ehPuL15_5gAMXn16","file"
"SCANFI_spsCC_PSEU_MEN_2010_v2_20260119.tif","SCANFI_v2/2010/SCANFI_spsCC_PSEU_MEN_2010_v2_20260119.tif","https://object-arbutus.cloud.computecanada.ca/predictiveecology/SCANFI_v2/2010/SCANFI_spsCC_PSEU_MEN_2010_v2_20260119.tif","1W_JM9rR3Sn2I_tDPboplXhKhYN2vmhzq","file"
"SCANFI_spsCC_PSEU_MEN_2010_v2_20260119.tif.aux.xml","SCANFI_v2/2010/SCANFI_spsCC_PSEU_MEN_2010_v2_20260119.tif.aux.xml","https://object-arbutus.cloud.computecanada.ca/predictiveecology/SCANFI_v2/2010/SCANFI_spsCC_PSEU_MEN_2010_v2_20260119.tif.aux.xml","1ECwMXKlzt_M__xk_dVL6y7QgRgLRYXuT","file"
"SCANFI_spsCC_PSEU_MEN_2010_v2_20260119.tif.ovr","SCANFI_v2/2010/SCANFI_spsCC_PSEU_MEN_2010_v2_20260119.tif.ovr","https://object-arbutus.cloud.computecanada.ca/predictiveecology/SCANFI_v2/2010/SCANFI_spsCC_PSEU_MEN_2010_v2_20260119.tif.ovr","16v1NYqb_PPEu5QZHvBCGKdhUD4dBpT3e","file"
"SCANFI_spsCC_PSEU_MEN_GLA_2010_v2_20260119.tif","SCANFI_v2/2010/SCANFI_spsCC_PSEU_MEN_GLA_2010_v2_20260119.tif","https://object-arbutus.cloud.computecanada.ca/predictiveecology/SCANFI_v2/2010/SCANFI_spsCC_PSEU_MEN_GLA_2010_v2_20260119.tif","1Eud56xz6tToXLOSWzlJJo_qS81w1Yw25","file"
"SCANFI_spsCC_PSEU_MEN_GLA_2010_v2_20260119.tif.aux.xml","SCANFI_v2/2010/SCANFI_spsCC_PSEU_MEN_GLA_2010_v2_20260119.tif.aux.xml","https://object-arbutus.cloud.computecanada.ca/predictiveecology/SCANFI_v2/2010/SCANFI_spsCC_PSEU_MEN_GLA_2010_v2_20260119.tif.aux.xml","1PPuMVDTjh0Mpd0zW1gzXSu1EFiMby8f0","file"
"SCANFI_spsCC_PSEU_MEN_GLA_2010_v2_20260119.tif.ovr","SCANFI_v2/2010/SCANFI_spsCC_PSEU_MEN_GLA_2010_v2_20260119.tif.ovr","https://object-arbutus.cloud.computecanada.ca/predictiveecology/SCANFI_v2/2010/SCANFI_spsCC_PSEU_MEN_GLA_2010_v2_20260119.tif.ovr","14N9T8QOtmjeah6vzs092m5n05-k54PKU","file"
"SCANFI_spsCC_PSEU_MEN_MEN_2010_v2_20260119.tif","SCANFI_v2/2010/SCANFI_spsCC_PSEU_MEN_MEN_2010_v2_20260119.tif","https://object-arbutus.cloud.computecanada.ca/predictiveecology/SCANFI_v2/2010/SCANFI_spsCC_PSEU_MEN_MEN_2010_v2_20260119.tif","1a9c_fmGBIzWDqJZ6MRaro30XZHrDYfo3","file"
"SCANFI_spsCC_PSEU_MEN_MEN_2010_v2_20260119.tif.aux.xml","SCANFI_v2/2010/SCANFI_spsCC_PSEU_MEN_MEN_2010_v2_20260119.tif.aux.xml","https://object-arbutus.cloud.computecanada.ca/predictiveecology/SCANFI_v2/2010/SCANFI_spsCC_PSEU_MEN_MEN_2010_v2_20260119.tif.aux.xml","1As9I5jWz8kD0pFX37vp52-_VJSNeUZRh","file"
"SCANFI_spsCC_PSEU_MEN_MEN_2010_v2_20260119.tif.ovr","SCANFI_v2/2010/SCANFI_spsCC_PSEU_MEN_MEN_2010_v2_20260119.tif.ovr","https://object-arbutus.cloud.computecanada.ca/predictiveecology/SCANFI_v2/2010/SCANFI_spsCC_PSEU_MEN_MEN_2010_v2_20260119.tif.ovr","15bQcI_k9YOHdYh9d7EOORFpX4u27wwM3","file"
"SCANFI_spsCC_QUER_RUB_2010_v2_20260119.tif","SCANFI_v2/2010/SCANFI_spsCC_QUER_RUB_2010_v2_20260119.tif","https://object-arbutus.cloud.computecanada.ca/predictiveecology/SCANFI_v2/2010/SCANFI_spsCC_QUER_RUB_2010_v2_20260119.tif","1LxamElcj1fA2f8giIIUrgsIgnNrSaXLQ","file"
"SCANFI_spsCC_QUER_RUB_2010_v2_20260119.tif.aux.xml","SCANFI_v2/2010/SCANFI_spsCC_QUER_RUB_2010_v2_20260119.tif.aux.xml","https://object-arbutus.cloud.computecanada.ca/predictiveecology/SCANFI_v2/2010/SCANFI_spsCC_QUER_RUB_2010_v2_20260119.tif.aux.xml","10GqFFMUCp6AOJBevO950uueAyyW8Ubq2","file"
"SCANFI_spsCC_QUER_RUB_2010_v2_20260119.tif.ovr","SCANFI_v2/2010/SCANFI_spsCC_QUER_RUB_2010_v2_20260119.tif.ovr","https://object-arbutus.cloud.computecanada.ca/predictiveecology/SCANFI_v2/2010/SCANFI_spsCC_QUER_RUB_2010_v2_20260119.tif.ovr","1YDHgt3o5lBd_3W3CYXzokSHLmNGAbB00","file"
"SCANFI_spsCC_THUJ_OCC_2010_v2_20260119.tif","SCANFI_v2/2010/SCANFI_spsCC_THUJ_OCC_2010_v2_20260119.tif","https://object-arbutus.cloud.computecanada.ca/predictiveecology/SCANFI_v2/2010/SCANFI_spsCC_THUJ_OCC_2010_v2_20260119.tif","1yypMW27B2fU07FPf5vHcXnpJRGin1QQY","file"
"SCANFI_spsCC_THUJ_OCC_2010_v2_20260119.tif.aux.xml","SCANFI_v2/2010/SCANFI_spsCC_THUJ_OCC_2010_v2_20260119.tif.aux.xml","https://object-arbutus.cloud.computecanada.ca/predictiveecology/SCANFI_v2/2010/SCANFI_spsCC_THUJ_OCC_2010_v2_20260119.tif.aux.xml","13RckbxzN339t2KU5BoIBW4SadXJG-5JM","file"
"SCANFI_spsCC_THUJ_OCC_2010_v2_20260119.tif.ovr","SCANFI_v2/2010/SCANFI_spsCC_THUJ_OCC_2010_v2_20260119.tif.ovr","https://object-arbutus.cloud.computecanada.ca/predictiveecology/SCANFI_v2/2010/SCANFI_spsCC_THUJ_OCC_2010_v2_20260119.tif.ovr","10Zz6sgm8hax2y9BAkldNEPk7J80ZS551","file"
"SCANFI_spsCC_THUJ_PLI_2010_v2_20260119.tif","SCANFI_v2/2010/SCANFI_spsCC_THUJ_PLI_2010_v2_20260119.tif","https://object-arbutus.cloud.computecanada.ca/predictiveecology/SCANFI_v2/2010/SCANFI_spsCC_THUJ_PLI_2010_v2_20260119.tif","18J0oYJc3dEGIfGKjbOipX2j8gdGy5yC6","file"
"SCANFI_spsCC_THUJ_PLI_2010_v2_20260119.tif.aux.xml","SCANFI_v2/2010/SCANFI_spsCC_THUJ_PLI_2010_v2_20260119.tif.aux.xml","https://object-arbutus.cloud.computecanada.ca/predictiveecology/SCANFI_v2/2010/SCANFI_spsCC_THUJ_PLI_2010_v2_20260119.tif.aux.xml","1oUxN_Yxp6t6N9NWksX7jOLlwRmtBK4oG","file"
"SCANFI_spsCC_THUJ_PLI_2010_v2_20260119.tif.ovr","SCANFI_v2/2010/SCANFI_spsCC_THUJ_PLI_2010_v2_20260119.tif.ovr","https://object-arbutus.cloud.computecanada.ca/predictiveecology/SCANFI_v2/2010/SCANFI_spsCC_THUJ_PLI_2010_v2_20260119.tif.ovr","1bP8Axz2DGBKWPePc4GrRHStEZtUlz8j1","file"
"SCANFI_spsCC_TSUG_CAN_2010_v2_20260119.tif","SCANFI_v2/2010/SCANFI_spsCC_TSUG_CAN_2010_v2_20260119.tif","https://object-arbutus.cloud.computecanada.ca/predictiveecology/SCANFI_v2/2010/SCANFI_spsCC_TSUG_CAN_2010_v2_20260119.tif","1gWjFGJFT_JKAovEXPPLyRAkEscKze4ko","file"
"SCANFI_spsCC_TSUG_CAN_2010_v2_20260119.tif.aux.xml","SCANFI_v2/2010/SCANFI_spsCC_TSUG_CAN_2010_v2_20260119.tif.aux.xml","https://object-arbutus.cloud.computecanada.ca/predictiveecology/SCANFI_v2/2010/SCANFI_spsCC_TSUG_CAN_2010_v2_20260119.tif.aux.xml","1_fgMSPw2ueUE2zxxfTG70oeMLckyh57E","file"
"SCANFI_spsCC_TSUG_CAN_2010_v2_20260119.tif.ovr","SCANFI_v2/2010/SCANFI_spsCC_TSUG_CAN_2010_v2_20260119.tif.ovr","https://object-arbutus.cloud.computecanada.ca/predictiveecology/SCANFI_v2/2010/SCANFI_spsCC_TSUG_CAN_2010_v2_20260119.tif.ovr","1_ePClaPeAiOLkS0cTGTY4F4Gv88y9cNk","file"
"SCANFI_spsCC_TSUG_HET_2010_v2_20260119.tif","SCANFI_v2/2010/SCANFI_spsCC_TSUG_HET_2010_v2_20260119.tif","https://object-arbutus.cloud.computecanada.ca/predictiveecology/SCANFI_v2/2010/SCANFI_spsCC_TSUG_HET_2010_v2_20260119.tif","1jzQsGGV3gSaxqFelv9v2RtU4CUFcihip","file"
"SCANFI_spsCC_TSUG_HET_2010_v2_20260119.tif.aux.xml","SCANFI_v2/2010/SCANFI_spsCC_TSUG_HET_2010_v2_20260119.tif.aux.xml","https://object-arbutus.cloud.computecanada.ca/predictiveecology/SCANFI_v2/2010/SCANFI_spsCC_TSUG_HET_2010_v2_20260119.tif.aux.xml","19A-pkgQLw2MN5HTG8tSu_ijWGrSc3156","file"
"SCANFI_spsCC_TSUG_HET_2010_v2_20260119.tif.ovr","SCANFI_v2/2010/SCANFI_spsCC_TSUG_HET_2010_v2_20260119.tif.ovr","https://object-arbutus.cloud.computecanada.ca/predictiveecology/SCANFI_v2/2010/SCANFI_spsCC_TSUG_HET_2010_v2_20260119.tif.ovr","1Nv0XVczHSW2X0aj2XTCLO2KF2DDOpNRQ","file"
"SCANFI_spsCC_TSUG_MER_2010_v2_20260119.tif","SCANFI_v2/2010/SCANFI_spsCC_TSUG_MER_2010_v2_20260119.tif","https://object-arbutus.cloud.computecanada.ca/predictiveecology/SCANFI_v2/2010/SCANFI_spsCC_TSUG_MER_2010_v2_20260119.tif","1RMiE-OWWKdD7BnhlILkpiJ13OZFO0RCG","file"
"SCANFI_spsCC_TSUG_MER_2010_v2_20260119.tif.aux.xml","SCANFI_v2/2010/SCANFI_spsCC_TSUG_MER_2010_v2_20260119.tif.aux.xml","https://object-arbutus.cloud.computecanada.ca/predictiveecology/SCANFI_v2/2010/SCANFI_spsCC_TSUG_MER_2010_v2_20260119.tif.aux.xml","1gIv3phKi-9BarEsCWPRCBF8frED8BN2T","file"
"SCANFI_spsCC_TSUG_MER_2010_v2_20260119.tif.ovr","SCANFI_v2/2010/SCANFI_spsCC_TSUG_MER_2010_v2_20260119.tif.ovr","https://object-arbutus.cloud.computecanada.ca/predictiveecology/SCANFI_v2/2010/SCANFI_spsCC_TSUG_MER_2010_v2_20260119.tif.ovr","1Kiximi3xVJkOOoDyyiodVuutIuOqEjhL","file"
"SCANFI_age_median_2015_v2_20260119.tif","SCANFI_v2/2015/SCANFI_age_median_2015_v2_20260119.tif","https://object-arbutus.cloud.computecanada.ca/predictiveecology/SCANFI_v2/2015/SCANFI_age_median_2015_v2_20260119.tif","1_ZGdjepqS3tGHKykAG5SCecic4Qn-Nx-","file"
"SCANFI_att_biomass_2015_v2_20260119.tif","SCANFI_v2/2015/SCANFI_att_biomass_2015_v2_20260119.tif","https://object-arbutus.cloud.computecanada.ca/predictiveecology/SCANFI_v2/2015/SCANFI_att_biomass_2015_v2_20260119.tif","1aYzXALVkOvW18CgRXBnmhqdvWtqOo-7Q","file"
"SCANFI_att_closure_2015_v2_20260119.tif","SCANFI_v2/2015/SCANFI_att_closure_2015_v2_20260119.tif","https://object-arbutus.cloud.computecanada.ca/predictiveecology/SCANFI_v2/2015/SCANFI_att_closure_2015_v2_20260119.tif","18owQ9Ix6h-q-rQjiplp6Ls7v5DMHO-zv","file"
"SCANFI_att_height_2015_v2_20260119.tif","SCANFI_v2/2015/SCANFI_att_height_2015_v2_20260119.tif","https://object-arbutus.cloud.computecanada.ca/predictiveecology/SCANFI_v2/2015/SCANFI_att_height_2015_v2_20260119.tif","11htblc85pwhz6z65uaVy7IxwRO_EwQsv","file"
"SCANFI_att_nfiLandcover_2015_v2_20260119.tif","SCANFI_v2/2015/SCANFI_att_nfiLandcover_2015_v2_20260119.tif","https://object-arbutus.cloud.computecanada.ca/predictiveecology/SCANFI_v2/2015/SCANFI_att_nfiLandcover_2015_v2_20260119.tif","1Fn7NjV51Dlm9btZRtnhMZ7u4eC9weQLa","file"
"SCANFI_att_nfiLandcover_CanadaLCCclassCodes_2015_v2_20260119.tif","SCANFI_v2/2015/SCANFI_att_nfiLandcover_CanadaLCCclassCodes_2015_v2_20260119.tif","https://object-arbutus.cloud.computecanada.ca/predictiveecology/SCANFI_v2/2015/SCANFI_att_nfiLandcover_CanadaLCCclassCodes_2015_v2_20260119.tif","1olWPzlM2SfMC8Fq_uXslJfYIINAd4wGP","file"
"SCANFI_spsCC_ABIE_AMA_2015_v2_20260119.tif","SCANFI_v2/2015/SCANFI_spsCC_ABIE_AMA_2015_v2_20260119.tif","https://object-arbutus.cloud.computecanada.ca/predictiveecology/SCANFI_v2/2015/SCANFI_spsCC_ABIE_AMA_2015_v2_20260119.tif","1su2XrOCXjAuFLTQbvHgiSleVD-DQkFme","file"
"SCANFI_spsCC_ABIE_AMA_2015_v2_20260119.tif.aux.xml","SCANFI_v2/2015/SCANFI_spsCC_ABIE_AMA_2015_v2_20260119.tif.aux.xml","https://object-arbutus.cloud.computecanada.ca/predictiveecology/SCANFI_v2/2015/SCANFI_spsCC_ABIE_AMA_2015_v2_20260119.tif.aux.xml","1Dkgy1GExBE3MwpdruivOMegMQbE4uwFB","file"
"SCANFI_spsCC_ABIE_AMA_2015_v2_20260119.tif.ovr","SCANFI_v2/2015/SCANFI_spsCC_ABIE_AMA_2015_v2_20260119.tif.ovr","https://object-arbutus.cloud.computecanada.ca/predictiveecology/SCANFI_v2/2015/SCANFI_spsCC_ABIE_AMA_2015_v2_20260119.tif.ovr","1NGJoed-pCkXQyFdosVT0BgbdxWK2seBV","file"
"SCANFI_spsCC_ABIE_BAL_2015_v2_20260119.tif","SCANFI_v2/2015/SCANFI_spsCC_ABIE_BAL_2015_v2_20260119.tif","https://object-arbutus.cloud.computecanada.ca/predictiveecology/SCANFI_v2/2015/SCANFI_spsCC_ABIE_BAL_2015_v2_20260119.tif","13H-l2_yodMUeI1cbkZV_1NYMTF8wRrI8","file"
"SCANFI_spsCC_ABIE_BAL_2015_v2_20260119.tif.aux.xml","SCANFI_v2/2015/SCANFI_spsCC_ABIE_BAL_2015_v2_20260119.tif.aux.xml","https://object-arbutus.cloud.computecanada.ca/predictiveecology/SCANFI_v2/2015/SCANFI_spsCC_ABIE_BAL_2015_v2_20260119.tif.aux.xml","1uCqg9PFX3zlaxvpcxS2dsq--jbOvDJWf","file"
"SCANFI_spsCC_ABIE_BAL_2015_v2_20260119.tif.ovr","SCANFI_v2/2015/SCANFI_spsCC_ABIE_BAL_2015_v2_20260119.tif.ovr","https://object-arbutus.cloud.computecanada.ca/predictiveecology/SCANFI_v2/2015/SCANFI_spsCC_ABIE_BAL_2015_v2_20260119.tif.ovr","1xKCn5wnQc_MmwD7iSr4OF8dpnggpZCgN","file"
"SCANFI_spsCC_ABIE_LAS_2015_v2_20260119.tif","SCANFI_v2/2015/SCANFI_spsCC_ABIE_LAS_2015_v2_20260119.tif","https://object-arbutus.cloud.computecanada.ca/predictiveecology/SCANFI_v2/2015/SCANFI_spsCC_ABIE_LAS_2015_v2_20260119.tif","1QnpSH1qURI07GQNHuHcbV0pt7-hfBYOF","file"
"SCANFI_spsCC_ABIE_LAS_2015_v2_20260119.tif.aux.xml","SCANFI_v2/2015/SCANFI_spsCC_ABIE_LAS_2015_v2_20260119.tif.aux.xml","https://object-arbutus.cloud.computecanada.ca/predictiveecology/SCANFI_v2/2015/SCANFI_spsCC_ABIE_LAS_2015_v2_20260119.tif.aux.xml","11CaKAW9fk6AKBpKr273eC-csvsN_3w1P","file"
"SCANFI_spsCC_ABIE_LAS_2015_v2_20260119.tif.ovr","SCANFI_v2/2015/SCANFI_spsCC_ABIE_LAS_2015_v2_20260119.tif.ovr","https://object-arbutus.cloud.computecanada.ca/predictiveecology/SCANFI_v2/2015/SCANFI_spsCC_ABIE_LAS_2015_v2_20260119.tif.ovr","1dlPMnfWcUgBtYNRAtSov4Mvck7wHakgn","file"
"SCANFI_spsCC_ACER_RUB_2015_v2_20260119.tif","SCANFI_v2/2015/SCANFI_spsCC_ACER_RUB_2015_v2_20260119.tif","https://object-arbutus.cloud.computecanada.ca/predictiveecology/SCANFI_v2/2015/SCANFI_spsCC_ACER_RUB_2015_v2_20260119.tif","181Tq9YKVtjkp1C-0zVj7SqWTRetuzOCr","file"
"SCANFI_spsCC_ACER_RUB_2015_v2_20260119.tif.aux.xml","SCANFI_v2/2015/SCANFI_spsCC_ACER_RUB_2015_v2_20260119.tif.aux.xml","https://object-arbutus.cloud.computecanada.ca/predictiveecology/SCANFI_v2/2015/SCANFI_spsCC_ACER_RUB_2015_v2_20260119.tif.aux.xml","1pNfbpTxnPUtzNjtMi_ujvR1JNySB-02u","file"
"SCANFI_spsCC_ACER_RUB_2015_v2_20260119.tif.ovr","SCANFI_v2/2015/SCANFI_spsCC_ACER_RUB_2015_v2_20260119.tif.ovr","https://object-arbutus.cloud.computecanada.ca/predictiveecology/SCANFI_v2/2015/SCANFI_spsCC_ACER_RUB_2015_v2_20260119.tif.ovr","1ufPgvyqdP7wtFRRrYPi63BaZxNldIVxT","file"
"SCANFI_spsCC_ACER_SAH_2015_v2_20260119.tif","SCANFI_v2/2015/SCANFI_spsCC_ACER_SAH_2015_v2_20260119.tif","https://object-arbutus.cloud.computecanada.ca/predictiveecology/SCANFI_v2/2015/SCANFI_spsCC_ACER_SAH_2015_v2_20260119.tif","1Fte7tTAkngPelxsIFpW0c6rgGwgEorXr","file"
"SCANFI_spsCC_ACER_SAH_2015_v2_20260119.tif.aux.xml","SCANFI_v2/2015/SCANFI_spsCC_ACER_SAH_2015_v2_20260119.tif.aux.xml","https://object-arbutus.cloud.computecanada.ca/predictiveecology/SCANFI_v2/2015/SCANFI_spsCC_ACER_SAH_2015_v2_20260119.tif.aux.xml","1TRTuasVgQ-_bsNSG3h9K8VhJa2UNHDDZ","file"
"SCANFI_spsCC_ACER_SAH_2015_v2_20260119.tif.ovr","SCANFI_v2/2015/SCANFI_spsCC_ACER_SAH_2015_v2_20260119.tif.ovr","https://object-arbutus.cloud.computecanada.ca/predictiveecology/SCANFI_v2/2015/SCANFI_spsCC_ACER_SAH_2015_v2_20260119.tif.ovr","1x_-k9vzsBm64daWi4wOd8QcMLV6WaT8K","file"
"SCANFI_spsCC_ALNU_RUB_2015_v2_20260119.tif","SCANFI_v2/2015/SCANFI_spsCC_ALNU_RUB_2015_v2_20260119.tif","https://object-arbutus.cloud.computecanada.ca/predictiveecology/SCANFI_v2/2015/SCANFI_spsCC_ALNU_RUB_2015_v2_20260119.tif","1Oa8ikmSBn2bk92SiToXMNZKd5-5n7h4F","file"
"SCANFI_spsCC_ALNU_RUB_2015_v2_20260119.tif.aux.xml","SCANFI_v2/2015/SCANFI_spsCC_ALNU_RUB_2015_v2_20260119.tif.aux.xml","https://object-arbutus.cloud.computecanada.ca/predictiveecology/SCANFI_v2/2015/SCANFI_spsCC_ALNU_RUB_2015_v2_20260119.tif.aux.xml","1HfuQnxYOwHd2fL2fswzwcB5IyqL0Q7fL","file"
"SCANFI_spsCC_ALNU_RUB_2015_v2_20260119.tif.ovr","SCANFI_v2/2015/SCANFI_spsCC_ALNU_RUB_2015_v2_20260119.tif.ovr","https://object-arbutus.cloud.computecanada.ca/predictiveecology/SCANFI_v2/2015/SCANFI_spsCC_ALNU_RUB_2015_v2_20260119.tif.ovr","1wMsMGpLWR97v7-isEOAcbM6fOaK7UUjy","file"
"SCANFI_spsCC_BETU_ALL_2015_v2_20260119.tif","SCANFI_v2/2015/SCANFI_spsCC_BETU_ALL_2015_v2_20260119.tif","https://object-arbutus.cloud.computecanada.ca/predictiveecology/SCANFI_v2/2015/SCANFI_spsCC_BETU_ALL_2015_v2_20260119.tif","1cWiCYLqDka8S4LGwWJN2T6wO9oiRfv4V","file"
"SCANFI_spsCC_BETU_ALL_2015_v2_20260119.tif.aux.xml","SCANFI_v2/2015/SCANFI_spsCC_BETU_ALL_2015_v2_20260119.tif.aux.xml","https://object-arbutus.cloud.computecanada.ca/predictiveecology/SCANFI_v2/2015/SCANFI_spsCC_BETU_ALL_2015_v2_20260119.tif.aux.xml","14r-x3aQLKjPX0kPDdKtRaNd4gp2kCqce","file"
"SCANFI_spsCC_BETU_ALL_2015_v2_20260119.tif.ovr","SCANFI_v2/2015/SCANFI_spsCC_BETU_ALL_2015_v2_20260119.tif.ovr","https://object-arbutus.cloud.computecanada.ca/predictiveecology/SCANFI_v2/2015/SCANFI_spsCC_BETU_ALL_2015_v2_20260119.tif.ovr","1UCrBwzNdzlgsb1etVQiivqG4-vEWgGUg","file"
"SCANFI_spsCC_BETU_PAP_2015_v2_20260119.tif","SCANFI_v2/2015/SCANFI_spsCC_BETU_PAP_2015_v2_20260119.tif","https://object-arbutus.cloud.computecanada.ca/predictiveecology/SCANFI_v2/2015/SCANFI_spsCC_BETU_PAP_2015_v2_20260119.tif","1yuQexoNTdNygby0_ZdKni5pj0gVKZ85A","file"
"SCANFI_spsCC_BETU_PAP_2015_v2_20260119.tif.aux.xml","SCANFI_v2/2015/SCANFI_spsCC_BETU_PAP_2015_v2_20260119.tif.aux.xml","https://object-arbutus.cloud.computecanada.ca/predictiveecology/SCANFI_v2/2015/SCANFI_spsCC_BETU_PAP_2015_v2_20260119.tif.aux.xml","1F4S9SYoXDUf34kAnw70uby7CJ31M-IQF","file"
"SCANFI_spsCC_BETU_PAP_2015_v2_20260119.tif.ovr","SCANFI_v2/2015/SCANFI_spsCC_BETU_PAP_2015_v2_20260119.tif.ovr","https://object-arbutus.cloud.computecanada.ca/predictiveecology/SCANFI_v2/2015/SCANFI_spsCC_BETU_PAP_2015_v2_20260119.tif.ovr","1xkrMTqzcXZKLLghvbQYqENY7ZE122iVW","file"
"SCANFI_spsCC_CHAM_NOO_2015_v2_20260119.tif","SCANFI_v2/2015/SCANFI_spsCC_CHAM_NOO_2015_v2_20260119.tif","https://object-arbutus.cloud.computecanada.ca/predictiveecology/SCANFI_v2/2015/SCANFI_spsCC_CHAM_NOO_2015_v2_20260119.tif","114yeMkc-95c5fS-efC-7C_N6m2n0bFqw","file"
"SCANFI_spsCC_CHAM_NOO_2015_v2_20260119.tif.aux.xml","SCANFI_v2/2015/SCANFI_spsCC_CHAM_NOO_2015_v2_20260119.tif.aux.xml","https://object-arbutus.cloud.computecanada.ca/predictiveecology/SCANFI_v2/2015/SCANFI_spsCC_CHAM_NOO_2015_v2_20260119.tif.aux.xml","12K-adCAGTAJK1mAFVFfuPyKWhdq8rOH2","file"
"SCANFI_spsCC_CHAM_NOO_2015_v2_20260119.tif.ovr","SCANFI_v2/2015/SCANFI_spsCC_CHAM_NOO_2015_v2_20260119.tif.ovr","https://object-arbutus.cloud.computecanada.ca/predictiveecology/SCANFI_v2/2015/SCANFI_spsCC_CHAM_NOO_2015_v2_20260119.tif.ovr","1YToQqypWn0eifOHh_Oxon_t5h6_qRI7y","file"
"SCANFI_spsCC_FAGU_GRA_2015_v2_20260119.tif","SCANFI_v2/2015/SCANFI_spsCC_FAGU_GRA_2015_v2_20260119.tif","https://object-arbutus.cloud.computecanada.ca/predictiveecology/SCANFI_v2/2015/SCANFI_spsCC_FAGU_GRA_2015_v2_20260119.tif","10I5w86FiFJlgQ19wahOvYaVS7jWmRMhG","file"
"SCANFI_spsCC_FAGU_GRA_2015_v2_20260119.tif.aux.xml","SCANFI_v2/2015/SCANFI_spsCC_FAGU_GRA_2015_v2_20260119.tif.aux.xml","https://object-arbutus.cloud.computecanada.ca/predictiveecology/SCANFI_v2/2015/SCANFI_spsCC_FAGU_GRA_2015_v2_20260119.tif.aux.xml","1yg9fRdVj-RhMHecn05l22A_dFxhhznV8","file"
"SCANFI_spsCC_FAGU_GRA_2015_v2_20260119.tif.ovr","SCANFI_v2/2015/SCANFI_spsCC_FAGU_GRA_2015_v2_20260119.tif.ovr","https://object-arbutus.cloud.computecanada.ca/predictiveecology/SCANFI_v2/2015/SCANFI_spsCC_FAGU_GRA_2015_v2_20260119.tif.ovr","1YqzAq8_gO8PVbxBzutz-LZfauhkVZKIF","file"
"SCANFI_spsCC_FRAX_AME_2015_v2_20260119.tif","SCANFI_v2/2015/SCANFI_spsCC_FRAX_AME_2015_v2_20260119.tif","https://object-arbutus.cloud.computecanada.ca/predictiveecology/SCANFI_v2/2015/SCANFI_spsCC_FRAX_AME_2015_v2_20260119.tif","1HDlj1X_idYJNvsrAVC5vTki_3RslPeP5","file"
"SCANFI_spsCC_FRAX_AME_2015_v2_20260119.tif.aux.xml","SCANFI_v2/2015/SCANFI_spsCC_FRAX_AME_2015_v2_20260119.tif.aux.xml","https://object-arbutus.cloud.computecanada.ca/predictiveecology/SCANFI_v2/2015/SCANFI_spsCC_FRAX_AME_2015_v2_20260119.tif.aux.xml","1jyYCcSpUA0t9z1ZdwzvxfdGo_43GXhu6","file"
"SCANFI_spsCC_FRAX_AME_2015_v2_20260119.tif.ovr","SCANFI_v2/2015/SCANFI_spsCC_FRAX_AME_2015_v2_20260119.tif.ovr","https://object-arbutus.cloud.computecanada.ca/predictiveecology/SCANFI_v2/2015/SCANFI_spsCC_FRAX_AME_2015_v2_20260119.tif.ovr","1NdgshlzWjV_zyvI5wTwUyUsERwvIfVCA","file"
"SCANFI_spsCC_LARI_LAR_2015_v2_20260119.tif","SCANFI_v2/2015/SCANFI_spsCC_LARI_LAR_2015_v2_20260119.tif","https://object-arbutus.cloud.computecanada.ca/predictiveecology/SCANFI_v2/2015/SCANFI_spsCC_LARI_LAR_2015_v2_20260119.tif","1Pcw38cdiSSB0Q08HuJi4Y8kXJK4JaQRE","file"
"SCANFI_spsCC_LARI_LAR_2015_v2_20260119.tif.aux.xml","SCANFI_v2/2015/SCANFI_spsCC_LARI_LAR_2015_v2_20260119.tif.aux.xml","https://object-arbutus.cloud.computecanada.ca/predictiveecology/SCANFI_v2/2015/SCANFI_spsCC_LARI_LAR_2015_v2_20260119.tif.aux.xml","16WGohdNALqOwJ8BdIjVYczzq8mcIhdxO","file"
"SCANFI_spsCC_LARI_LAR_2015_v2_20260119.tif.ovr","SCANFI_v2/2015/SCANFI_spsCC_LARI_LAR_2015_v2_20260119.tif.ovr","https://object-arbutus.cloud.computecanada.ca/predictiveecology/SCANFI_v2/2015/SCANFI_spsCC_LARI_LAR_2015_v2_20260119.tif.ovr","1fvsNdSF_ZyATGkgkgHKjWl4L6IE37Ati","file"
"SCANFI_spsCC_LARI_OCC_2015_v2_20260119.tif","SCANFI_v2/2015/SCANFI_spsCC_LARI_OCC_2015_v2_20260119.tif","https://object-arbutus.cloud.computecanada.ca/predictiveecology/SCANFI_v2/2015/SCANFI_spsCC_LARI_OCC_2015_v2_20260119.tif","1E0gRQwVOAbud-m1EqqOWcaCug6n54LKT","file"
"SCANFI_spsCC_LARI_OCC_2015_v2_20260119.tif.aux.xml","SCANFI_v2/2015/SCANFI_spsCC_LARI_OCC_2015_v2_20260119.tif.aux.xml","https://object-arbutus.cloud.computecanada.ca/predictiveecology/SCANFI_v2/2015/SCANFI_spsCC_LARI_OCC_2015_v2_20260119.tif.aux.xml","1boRxzoxXOIYxdxlVVWWpDBV6EnMf6c9x","file"
"SCANFI_spsCC_LARI_OCC_2015_v2_20260119.tif.ovr","SCANFI_v2/2015/SCANFI_spsCC_LARI_OCC_2015_v2_20260119.tif.ovr","https://object-arbutus.cloud.computecanada.ca/predictiveecology/SCANFI_v2/2015/SCANFI_spsCC_LARI_OCC_2015_v2_20260119.tif.ovr","1CY_hVWFr91Jj7jAXBc_JT7MCTPoXVWg2","file"
"SCANFI_spsCC_PICE_ENG_2015_v2_20260119.tif","SCANFI_v2/2015/SCANFI_spsCC_PICE_ENG_2015_v2_20260119.tif","https://object-arbutus.cloud.computecanada.ca/predictiveecology/SCANFI_v2/2015/SCANFI_spsCC_PICE_ENG_2015_v2_20260119.tif","1IeQsi3Xtov9ug2m6de6yTeMgSpeQYCJb","file"
"SCANFI_spsCC_PICE_ENG_2015_v2_20260119.tif.aux.xml","SCANFI_v2/2015/SCANFI_spsCC_PICE_ENG_2015_v2_20260119.tif.aux.xml","https://object-arbutus.cloud.computecanada.ca/predictiveecology/SCANFI_v2/2015/SCANFI_spsCC_PICE_ENG_2015_v2_20260119.tif.aux.xml","1NlLtw9NjDL4H3QXjy_vZKRzv22gNnsmb","file"
"SCANFI_spsCC_PICE_ENG_2015_v2_20260119.tif.ovr","SCANFI_v2/2015/SCANFI_spsCC_PICE_ENG_2015_v2_20260119.tif.ovr","https://object-arbutus.cloud.computecanada.ca/predictiveecology/SCANFI_v2/2015/SCANFI_spsCC_PICE_ENG_2015_v2_20260119.tif.ovr","1GYjYIINT5Jnlp9ccEKLdT19JMVyJMtR7","file"
"SCANFI_spsCC_PICE_ENG_GLA_2015_v2_20260119.tif","SCANFI_v2/2015/SCANFI_spsCC_PICE_ENG_GLA_2015_v2_20260119.tif","https://object-arbutus.cloud.computecanada.ca/predictiveecology/SCANFI_v2/2015/SCANFI_spsCC_PICE_ENG_GLA_2015_v2_20260119.tif","10NwAJQ6L-sxortK7AmaC9g5NEPWI5nZk","file"
"SCANFI_spsCC_PICE_ENG_GLA_2015_v2_20260119.tif.aux.xml","SCANFI_v2/2015/SCANFI_spsCC_PICE_ENG_GLA_2015_v2_20260119.tif.aux.xml","https://object-arbutus.cloud.computecanada.ca/predictiveecology/SCANFI_v2/2015/SCANFI_spsCC_PICE_ENG_GLA_2015_v2_20260119.tif.aux.xml","13WcQT80UlOm_dm5lq_aOnd9x-1FkqeQd","file"
"SCANFI_spsCC_PICE_ENG_GLA_2015_v2_20260119.tif.ovr","SCANFI_v2/2015/SCANFI_spsCC_PICE_ENG_GLA_2015_v2_20260119.tif.ovr","https://object-arbutus.cloud.computecanada.ca/predictiveecology/SCANFI_v2/2015/SCANFI_spsCC_PICE_ENG_GLA_2015_v2_20260119.tif.ovr","1mhxOuuz2c9czWBSkcawWarGhgXyBgpAM","file"
"SCANFI_spsCC_PICE_GLA_2015_v2_20260119.tif","SCANFI_v2/2015/SCANFI_spsCC_PICE_GLA_2015_v2_20260119.tif","https://object-arbutus.cloud.computecanada.ca/predictiveecology/SCANFI_v2/2015/SCANFI_spsCC_PICE_GLA_2015_v2_20260119.tif","1-kzVkWeM8v52Qg2zKyI4z0bnyVZk90bm","file"
"SCANFI_spsCC_PICE_GLA_2015_v2_20260119.tif.aux.xml","SCANFI_v2/2015/SCANFI_spsCC_PICE_GLA_2015_v2_20260119.tif.aux.xml","https://object-arbutus.cloud.computecanada.ca/predictiveecology/SCANFI_v2/2015/SCANFI_spsCC_PICE_GLA_2015_v2_20260119.tif.aux.xml","1KU1iUFeUVy2Fr9YOlHgKPJvLHNTR44nv","file"
"SCANFI_spsCC_PICE_GLA_2015_v2_20260119.tif.ovr","SCANFI_v2/2015/SCANFI_spsCC_PICE_GLA_2015_v2_20260119.tif.ovr","https://object-arbutus.cloud.computecanada.ca/predictiveecology/SCANFI_v2/2015/SCANFI_spsCC_PICE_GLA_2015_v2_20260119.tif.ovr","1dlKXjb0Gmodo520Y3gQvT0rcdvmHq4bb","file"
"SCANFI_spsCC_PICE_MAR_2015_v2_20260119.tif","SCANFI_v2/2015/SCANFI_spsCC_PICE_MAR_2015_v2_20260119.tif","https://object-arbutus.cloud.computecanada.ca/predictiveecology/SCANFI_v2/2015/SCANFI_spsCC_PICE_MAR_2015_v2_20260119.tif","1qcLH95eO52IIiREN1ZwNnclLsIIawTVT","file"
"SCANFI_spsCC_PICE_MAR_2015_v2_20260119.tif.aux.xml","SCANFI_v2/2015/SCANFI_spsCC_PICE_MAR_2015_v2_20260119.tif.aux.xml","https://object-arbutus.cloud.computecanada.ca/predictiveecology/SCANFI_v2/2015/SCANFI_spsCC_PICE_MAR_2015_v2_20260119.tif.aux.xml","1jx5B_2ag9iVi8kN-fsZJn9nVqwzO3SXp","file"
"SCANFI_spsCC_PICE_MAR_2015_v2_20260119.tif.ovr","SCANFI_v2/2015/SCANFI_spsCC_PICE_MAR_2015_v2_20260119.tif.ovr","https://object-arbutus.cloud.computecanada.ca/predictiveecology/SCANFI_v2/2015/SCANFI_spsCC_PICE_MAR_2015_v2_20260119.tif.ovr","1uTlGG0P7OE1sps0h3uMhm7_iY5vzpbWP","file"
"SCANFI_spsCC_PICE_RUB_2015_v2_20260119.tif","SCANFI_v2/2015/SCANFI_spsCC_PICE_RUB_2015_v2_20260119.tif","https://object-arbutus.cloud.computecanada.ca/predictiveecology/SCANFI_v2/2015/SCANFI_spsCC_PICE_RUB_2015_v2_20260119.tif","14n6yyGBp8QGs2vnrHGsOvXgMUuCQ8Qeb","file"
"SCANFI_spsCC_PICE_RUB_2015_v2_20260119.tif.aux.xml","SCANFI_v2/2015/SCANFI_spsCC_PICE_RUB_2015_v2_20260119.tif.aux.xml","https://object-arbutus.cloud.computecanada.ca/predictiveecology/SCANFI_v2/2015/SCANFI_spsCC_PICE_RUB_2015_v2_20260119.tif.aux.xml","1NnL8yAg4BGmLjJ7orulVyZFaJT1ThFiW","file"
"SCANFI_spsCC_PICE_RUB_2015_v2_20260119.tif.ovr","SCANFI_v2/2015/SCANFI_spsCC_PICE_RUB_2015_v2_20260119.tif.ovr","https://object-arbutus.cloud.computecanada.ca/predictiveecology/SCANFI_v2/2015/SCANFI_spsCC_PICE_RUB_2015_v2_20260119.tif.ovr","1KiXpwzpPrLQ-l3VDUUbEYBj8c6yD9DYv","file"
"SCANFI_spsCC_PICE_SIT_2015_v2_20260119.tif","SCANFI_v2/2015/SCANFI_spsCC_PICE_SIT_2015_v2_20260119.tif","https://object-arbutus.cloud.computecanada.ca/predictiveecology/SCANFI_v2/2015/SCANFI_spsCC_PICE_SIT_2015_v2_20260119.tif","1jCCu2NmvHY6CxhRq2z9OixwAsnl0rx6R","file"
"SCANFI_spsCC_PICE_SIT_2015_v2_20260119.tif.aux.xml","SCANFI_v2/2015/SCANFI_spsCC_PICE_SIT_2015_v2_20260119.tif.aux.xml","https://object-arbutus.cloud.computecanada.ca/predictiveecology/SCANFI_v2/2015/SCANFI_spsCC_PICE_SIT_2015_v2_20260119.tif.aux.xml","1Z7arQLsjDbggkAFexsdsRRWlOkINTZk6","file"
"SCANFI_spsCC_PICE_SIT_2015_v2_20260119.tif.ovr","SCANFI_v2/2015/SCANFI_spsCC_PICE_SIT_2015_v2_20260119.tif.ovr","https://object-arbutus.cloud.computecanada.ca/predictiveecology/SCANFI_v2/2015/SCANFI_spsCC_PICE_SIT_2015_v2_20260119.tif.ovr","1A6l0H8MQfv2evYQeQinxWjJOQ70Y1TKm","file"
"SCANFI_spsCC_PINU_BAN_2015_v2_20260119.tif","SCANFI_v2/2015/SCANFI_spsCC_PINU_BAN_2015_v2_20260119.tif","https://object-arbutus.cloud.computecanada.ca/predictiveecology/SCANFI_v2/2015/SCANFI_spsCC_PINU_BAN_2015_v2_20260119.tif","1wD4aphaB_JpGRgroMvQ4MPqOHwXrYtOt","file"
"SCANFI_spsCC_PINU_BAN_2015_v2_20260119.tif.aux.xml","SCANFI_v2/2015/SCANFI_spsCC_PINU_BAN_2015_v2_20260119.tif.aux.xml","https://object-arbutus.cloud.computecanada.ca/predictiveecology/SCANFI_v2/2015/SCANFI_spsCC_PINU_BAN_2015_v2_20260119.tif.aux.xml","1l1Wv8kEnmViX1gQqutv4fQ4XfOIljk7y","file"
"SCANFI_spsCC_PINU_BAN_2015_v2_20260119.tif.ovr","SCANFI_v2/2015/SCANFI_spsCC_PINU_BAN_2015_v2_20260119.tif.ovr","https://object-arbutus.cloud.computecanada.ca/predictiveecology/SCANFI_v2/2015/SCANFI_spsCC_PINU_BAN_2015_v2_20260119.tif.ovr","1Ffm_UKV5MRZ_6leZr3-DCvlquT5zCB-5","file"
"SCANFI_spsCC_PINU_CON_CON_2015_v2_20260119.tif","SCANFI_v2/2015/SCANFI_spsCC_PINU_CON_CON_2015_v2_20260119.tif","https://object-arbutus.cloud.computecanada.ca/predictiveecology/SCANFI_v2/2015/SCANFI_spsCC_PINU_CON_CON_2015_v2_20260119.tif","1R3sNEBkgIRXs_hHX5Z42Xzs9XDi5LwEP","file"
"SCANFI_spsCC_PINU_CON_CON_2015_v2_20260119.tif.aux.xml","SCANFI_v2/2015/SCANFI_spsCC_PINU_CON_CON_2015_v2_20260119.tif.aux.xml","https://object-arbutus.cloud.computecanada.ca/predictiveecology/SCANFI_v2/2015/SCANFI_spsCC_PINU_CON_CON_2015_v2_20260119.tif.aux.xml","1KR2wVwjgguK0P-97CiQw-cfh4L-H61WT","file"
"SCANFI_spsCC_PINU_CON_CON_2015_v2_20260119.tif.ovr","SCANFI_v2/2015/SCANFI_spsCC_PINU_CON_CON_2015_v2_20260119.tif.ovr","https://object-arbutus.cloud.computecanada.ca/predictiveecology/SCANFI_v2/2015/SCANFI_spsCC_PINU_CON_CON_2015_v2_20260119.tif.ovr","1Hjerwj6HleSflarlysb4XIwTf_c6bODs","file"
"SCANFI_spsCC_PINU_CON_LAT_2015_v2_20260119.tif","SCANFI_v2/2015/SCANFI_spsCC_PINU_CON_LAT_2015_v2_20260119.tif","https://object-arbutus.cloud.computecanada.ca/predictiveecology/SCANFI_v2/2015/SCANFI_spsCC_PINU_CON_LAT_2015_v2_20260119.tif","1dQJ8Houm_gl_Wkj-NjCa72ie6MSDM9nP","file"
"SCANFI_spsCC_PINU_CON_LAT_2015_v2_20260119.tif.aux.xml","SCANFI_v2/2015/SCANFI_spsCC_PINU_CON_LAT_2015_v2_20260119.tif.aux.xml","https://object-arbutus.cloud.computecanada.ca/predictiveecology/SCANFI_v2/2015/SCANFI_spsCC_PINU_CON_LAT_2015_v2_20260119.tif.aux.xml","1KfNSesEG3ltaqPp-VHZFdFmuBecgU6Kb","file"
"SCANFI_spsCC_PINU_CON_LAT_2015_v2_20260119.tif.ovr","SCANFI_v2/2015/SCANFI_spsCC_PINU_CON_LAT_2015_v2_20260119.tif.ovr","https://object-arbutus.cloud.computecanada.ca/predictiveecology/SCANFI_v2/2015/SCANFI_spsCC_PINU_CON_LAT_2015_v2_20260119.tif.ovr","1-ZDlRf01h6sPiucTsc2MPiFfFryYYy54","file"
"SCANFI_spsCC_PINU_PON_2015_v2_20260119.tif","SCANFI_v2/2015/SCANFI_spsCC_PINU_PON_2015_v2_20260119.tif","https://object-arbutus.cloud.computecanada.ca/predictiveecology/SCANFI_v2/2015/SCANFI_spsCC_PINU_PON_2015_v2_20260119.tif","1Qf3ReaADW9axSl53BDXoEd0fqsL0A8iF","file"
"SCANFI_spsCC_PINU_PON_2015_v2_20260119.tif.aux.xml","SCANFI_v2/2015/SCANFI_spsCC_PINU_PON_2015_v2_20260119.tif.aux.xml","https://object-arbutus.cloud.computecanada.ca/predictiveecology/SCANFI_v2/2015/SCANFI_spsCC_PINU_PON_2015_v2_20260119.tif.aux.xml","1tmMXK5QeS2D2a8a5VUzOYy_Hpq20Uc_J","file"
"SCANFI_spsCC_PINU_PON_2015_v2_20260119.tif.ovr","SCANFI_v2/2015/SCANFI_spsCC_PINU_PON_2015_v2_20260119.tif.ovr","https://object-arbutus.cloud.computecanada.ca/predictiveecology/SCANFI_v2/2015/SCANFI_spsCC_PINU_PON_2015_v2_20260119.tif.ovr","1aDGDVmZZiPpbitq8VFxcG2H9HmzlWHNE","file"
"SCANFI_spsCC_PINU_RES_2015_v2_20260119.tif","SCANFI_v2/2015/SCANFI_spsCC_PINU_RES_2015_v2_20260119.tif","https://object-arbutus.cloud.computecanada.ca/predictiveecology/SCANFI_v2/2015/SCANFI_spsCC_PINU_RES_2015_v2_20260119.tif","1SmywoFQ6vGAyylr_yOncNG9hJDf6sqp2","file"
"SCANFI_spsCC_PINU_RES_2015_v2_20260119.tif.aux.xml","SCANFI_v2/2015/SCANFI_spsCC_PINU_RES_2015_v2_20260119.tif.aux.xml","https://object-arbutus.cloud.computecanada.ca/predictiveecology/SCANFI_v2/2015/SCANFI_spsCC_PINU_RES_2015_v2_20260119.tif.aux.xml","1hsGCNuBpFPmCDEt84z2OxujSFwhXxejp","file"
"SCANFI_spsCC_PINU_RES_2015_v2_20260119.tif.ovr","SCANFI_v2/2015/SCANFI_spsCC_PINU_RES_2015_v2_20260119.tif.ovr","https://object-arbutus.cloud.computecanada.ca/predictiveecology/SCANFI_v2/2015/SCANFI_spsCC_PINU_RES_2015_v2_20260119.tif.ovr","1Nj5x-wEC5T1wWAprHnEygF7ki695QJvB","file"
"SCANFI_spsCC_PINU_STR_2015_v2_20260119.tif","SCANFI_v2/2015/SCANFI_spsCC_PINU_STR_2015_v2_20260119.tif","https://object-arbutus.cloud.computecanada.ca/predictiveecology/SCANFI_v2/2015/SCANFI_spsCC_PINU_STR_2015_v2_20260119.tif","1L55eZFNqAMpAwB3AzvhGNxQSiWVIAj-J","file"
"SCANFI_spsCC_PINU_STR_2015_v2_20260119.tif.aux.xml","SCANFI_v2/2015/SCANFI_spsCC_PINU_STR_2015_v2_20260119.tif.aux.xml","https://object-arbutus.cloud.computecanada.ca/predictiveecology/SCANFI_v2/2015/SCANFI_spsCC_PINU_STR_2015_v2_20260119.tif.aux.xml","1QvyWfQQj3tcYnvi9HsngOSMG99QjXv6_","file"
"SCANFI_spsCC_PINU_STR_2015_v2_20260119.tif.ovr","SCANFI_v2/2015/SCANFI_spsCC_PINU_STR_2015_v2_20260119.tif.ovr","https://object-arbutus.cloud.computecanada.ca/predictiveecology/SCANFI_v2/2015/SCANFI_spsCC_PINU_STR_2015_v2_20260119.tif.ovr","1mRllZU7my6zyosQSW7uOUN6wFX3v5XC9","file"
"SCANFI_spsCC_POPU_BAL_2015_v2_20260119.tif","SCANFI_v2/2015/SCANFI_spsCC_POPU_BAL_2015_v2_20260119.tif","https://object-arbutus.cloud.computecanada.ca/predictiveecology/SCANFI_v2/2015/SCANFI_spsCC_POPU_BAL_2015_v2_20260119.tif","1hHN9fG_Nr_RTPLikDdjAlskpDVtRXH9B","file"
"SCANFI_spsCC_POPU_BAL_2015_v2_20260119.tif.aux.xml","SCANFI_v2/2015/SCANFI_spsCC_POPU_BAL_2015_v2_20260119.tif.aux.xml","https://object-arbutus.cloud.computecanada.ca/predictiveecology/SCANFI_v2/2015/SCANFI_spsCC_POPU_BAL_2015_v2_20260119.tif.aux.xml","1u7C-dO7r_BZlRt6wjXCIiLo1G7GJ02hr","file"
"SCANFI_spsCC_POPU_BAL_2015_v2_20260119.tif.ovr","SCANFI_v2/2015/SCANFI_spsCC_POPU_BAL_2015_v2_20260119.tif.ovr","https://object-arbutus.cloud.computecanada.ca/predictiveecology/SCANFI_v2/2015/SCANFI_spsCC_POPU_BAL_2015_v2_20260119.tif.ovr","1N26GzXofTTqI4MIyoRsjxWtLDfgouIix","file"
"SCANFI_spsCC_POPU_GRA_2015_v2_20260119.tif","SCANFI_v2/2015/SCANFI_spsCC_POPU_GRA_2015_v2_20260119.tif","https://object-arbutus.cloud.computecanada.ca/predictiveecology/SCANFI_v2/2015/SCANFI_spsCC_POPU_GRA_2015_v2_20260119.tif","1cW7GjFEhULP6XXmQW2A_phl9xWLC7aJ4","file"
"SCANFI_spsCC_POPU_GRA_2015_v2_20260119.tif.aux.xml","SCANFI_v2/2015/SCANFI_spsCC_POPU_GRA_2015_v2_20260119.tif.aux.xml","https://object-arbutus.cloud.computecanada.ca/predictiveecology/SCANFI_v2/2015/SCANFI_spsCC_POPU_GRA_2015_v2_20260119.tif.aux.xml","1v3_McXB-hClXgc6YArJMbrKOMn1jG_zm","file"
"SCANFI_spsCC_POPU_GRA_2015_v2_20260119.tif.ovr","SCANFI_v2/2015/SCANFI_spsCC_POPU_GRA_2015_v2_20260119.tif.ovr","https://object-arbutus.cloud.computecanada.ca/predictiveecology/SCANFI_v2/2015/SCANFI_spsCC_POPU_GRA_2015_v2_20260119.tif.ovr","10yq1OJwQWST5wr6hOYEJ0OQeEwGL3BDl","file"
"SCANFI_spsCC_POPU_TRE_2015_v2_20260119.tif","SCANFI_v2/2015/SCANFI_spsCC_POPU_TRE_2015_v2_20260119.tif","https://object-arbutus.cloud.computecanada.ca/predictiveecology/SCANFI_v2/2015/SCANFI_spsCC_POPU_TRE_2015_v2_20260119.tif","1ajpb3qrV-er_yWSg7HGjCJrFljs0zTpH","file"
"SCANFI_spsCC_POPU_TRE_2015_v2_20260119.tif.aux.xml","SCANFI_v2/2015/SCANFI_spsCC_POPU_TRE_2015_v2_20260119.tif.aux.xml","https://object-arbutus.cloud.computecanada.ca/predictiveecology/SCANFI_v2/2015/SCANFI_spsCC_POPU_TRE_2015_v2_20260119.tif.aux.xml","15vpLbgeA2ZTGuuQMkSJgUAXcJveqiJJ8","file"
"SCANFI_spsCC_POPU_TRE_2015_v2_20260119.tif.ovr","SCANFI_v2/2015/SCANFI_spsCC_POPU_TRE_2015_v2_20260119.tif.ovr","https://object-arbutus.cloud.computecanada.ca/predictiveecology/SCANFI_v2/2015/SCANFI_spsCC_POPU_TRE_2015_v2_20260119.tif.ovr","1pJqPqwmKRfXasApi0qw-l9fR1ieGBhX4","file"
"SCANFI_spsCC_prcB_other_2015_v2_20260119.tif","SCANFI_v2/2015/SCANFI_spsCC_prcB_other_2015_v2_20260119.tif","https://object-arbutus.cloud.computecanada.ca/predictiveecology/SCANFI_v2/2015/SCANFI_spsCC_prcB_other_2015_v2_20260119.tif","120yPkbjq05XWdDUg7WZGD8CG7M6f7tY6","file"
"SCANFI_spsCC_prcB_other_2015_v2_20260119.tif.aux.xml","SCANFI_v2/2015/SCANFI_spsCC_prcB_other_2015_v2_20260119.tif.aux.xml","https://object-arbutus.cloud.computecanada.ca/predictiveecology/SCANFI_v2/2015/SCANFI_spsCC_prcB_other_2015_v2_20260119.tif.aux.xml","1PQ-bI8Tm-87RCWgg1ikAlDEPMHAt_R4d","file"
"SCANFI_spsCC_prcB_other_2015_v2_20260119.tif.ovr","SCANFI_v2/2015/SCANFI_spsCC_prcB_other_2015_v2_20260119.tif.ovr","https://object-arbutus.cloud.computecanada.ca/predictiveecology/SCANFI_v2/2015/SCANFI_spsCC_prcB_other_2015_v2_20260119.tif.ovr","160kaM8smwTAD2b2-RffWtXsDI-HaOleB","file"
"SCANFI_spsCC_prcC_other_2015_v2_20260119.tif","SCANFI_v2/2015/SCANFI_spsCC_prcC_other_2015_v2_20260119.tif","https://object-arbutus.cloud.computecanada.ca/predictiveecology/SCANFI_v2/2015/SCANFI_spsCC_prcC_other_2015_v2_20260119.tif","1omTHfKtXkPV-1cUCQFiiSZMEVCi8Grir","file"
"SCANFI_spsCC_prcC_other_2015_v2_20260119.tif.aux.xml","SCANFI_v2/2015/SCANFI_spsCC_prcC_other_2015_v2_20260119.tif.aux.xml","https://object-arbutus.cloud.computecanada.ca/predictiveecology/SCANFI_v2/2015/SCANFI_spsCC_prcC_other_2015_v2_20260119.tif.aux.xml","1YBOeAw3C7kDDcEvJJaFWonPkZN78yW5_","file"
"SCANFI_spsCC_prcC_other_2015_v2_20260119.tif.ovr","SCANFI_v2/2015/SCANFI_spsCC_prcC_other_2015_v2_20260119.tif.ovr","https://object-arbutus.cloud.computecanada.ca/predictiveecology/SCANFI_v2/2015/SCANFI_spsCC_prcC_other_2015_v2_20260119.tif.ovr","1gAEZzpcRk4J_vlBnoFCy5kgk9cWrR6_z","file"
"SCANFI_spsCC_PSEU_MEN_2015_v2_20260119.tif","SCANFI_v2/2015/SCANFI_spsCC_PSEU_MEN_2015_v2_20260119.tif","https://object-arbutus.cloud.computecanada.ca/predictiveecology/SCANFI_v2/2015/SCANFI_spsCC_PSEU_MEN_2015_v2_20260119.tif","1-vodNWCj-qvy-SuryX_eWqG8L-KnLk7A","file"
"SCANFI_spsCC_PSEU_MEN_2015_v2_20260119.tif.aux.xml","SCANFI_v2/2015/SCANFI_spsCC_PSEU_MEN_2015_v2_20260119.tif.aux.xml","https://object-arbutus.cloud.computecanada.ca/predictiveecology/SCANFI_v2/2015/SCANFI_spsCC_PSEU_MEN_2015_v2_20260119.tif.aux.xml","1bHCkKl4dd391IBsSuyhEDFRzQI6tXP_C","file"
"SCANFI_spsCC_PSEU_MEN_2015_v2_20260119.tif.ovr","SCANFI_v2/2015/SCANFI_spsCC_PSEU_MEN_2015_v2_20260119.tif.ovr","https://object-arbutus.cloud.computecanada.ca/predictiveecology/SCANFI_v2/2015/SCANFI_spsCC_PSEU_MEN_2015_v2_20260119.tif.ovr","167e3LRfrIYbtKvppWQNoZzX5FJPWklpd","file"
"SCANFI_spsCC_PSEU_MEN_GLA_2015_v2_20260119.tif","SCANFI_v2/2015/SCANFI_spsCC_PSEU_MEN_GLA_2015_v2_20260119.tif","https://object-arbutus.cloud.computecanada.ca/predictiveecology/SCANFI_v2/2015/SCANFI_spsCC_PSEU_MEN_GLA_2015_v2_20260119.tif","1ucsmdDFBSX0-qmIRYg4eN9OxfdNKqBkM","file"
"SCANFI_spsCC_PSEU_MEN_GLA_2015_v2_20260119.tif.aux.xml","SCANFI_v2/2015/SCANFI_spsCC_PSEU_MEN_GLA_2015_v2_20260119.tif.aux.xml","https://object-arbutus.cloud.computecanada.ca/predictiveecology/SCANFI_v2/2015/SCANFI_spsCC_PSEU_MEN_GLA_2015_v2_20260119.tif.aux.xml","1o8n3ZeOlXWVXNgtCSdmWGRuwWlXFGxZn","file"
"SCANFI_spsCC_PSEU_MEN_GLA_2015_v2_20260119.tif.ovr","SCANFI_v2/2015/SCANFI_spsCC_PSEU_MEN_GLA_2015_v2_20260119.tif.ovr","https://object-arbutus.cloud.computecanada.ca/predictiveecology/SCANFI_v2/2015/SCANFI_spsCC_PSEU_MEN_GLA_2015_v2_20260119.tif.ovr","1K2QFs1w6nIX5jyzVxAOEBWT09xi_8aHq","file"
"SCANFI_spsCC_PSEU_MEN_MEN_2015_v2_20260119.tif","SCANFI_v2/2015/SCANFI_spsCC_PSEU_MEN_MEN_2015_v2_20260119.tif","https://object-arbutus.cloud.computecanada.ca/predictiveecology/SCANFI_v2/2015/SCANFI_spsCC_PSEU_MEN_MEN_2015_v2_20260119.tif","19xsCwSjA5sNOYxdxbQt-49o2y4f_MVYk","file"
"SCANFI_spsCC_PSEU_MEN_MEN_2015_v2_20260119.tif.aux.xml","SCANFI_v2/2015/SCANFI_spsCC_PSEU_MEN_MEN_2015_v2_20260119.tif.aux.xml","https://object-arbutus.cloud.computecanada.ca/predictiveecology/SCANFI_v2/2015/SCANFI_spsCC_PSEU_MEN_MEN_2015_v2_20260119.tif.aux.xml","10uCoHB1OqW446P1L1KW1yiAUFPgqwhKk","file"
"SCANFI_spsCC_PSEU_MEN_MEN_2015_v2_20260119.tif.ovr","SCANFI_v2/2015/SCANFI_spsCC_PSEU_MEN_MEN_2015_v2_20260119.tif.ovr","https://object-arbutus.cloud.computecanada.ca/predictiveecology/SCANFI_v2/2015/SCANFI_spsCC_PSEU_MEN_MEN_2015_v2_20260119.tif.ovr","10HZV-Rs1HS2ninlgqKQ27OsHlkmJ586O","file"
"SCANFI_spsCC_QUER_RUB_2015_v2_20260119.tif","SCANFI_v2/2015/SCANFI_spsCC_QUER_RUB_2015_v2_20260119.tif","https://object-arbutus.cloud.computecanada.ca/predictiveecology/SCANFI_v2/2015/SCANFI_spsCC_QUER_RUB_2015_v2_20260119.tif","19u24BYpFsRcTGZ_08oZiDIoZQqGKPA1-","file"
"SCANFI_spsCC_QUER_RUB_2015_v2_20260119.tif.aux.xml","SCANFI_v2/2015/SCANFI_spsCC_QUER_RUB_2015_v2_20260119.tif.aux.xml","https://object-arbutus.cloud.computecanada.ca/predictiveecology/SCANFI_v2/2015/SCANFI_spsCC_QUER_RUB_2015_v2_20260119.tif.aux.xml","1PZf7q-MH4TblL7NgZ2NFyRiJ1WLmDyUC","file"
"SCANFI_spsCC_QUER_RUB_2015_v2_20260119.tif.ovr","SCANFI_v2/2015/SCANFI_spsCC_QUER_RUB_2015_v2_20260119.tif.ovr","https://object-arbutus.cloud.computecanada.ca/predictiveecology/SCANFI_v2/2015/SCANFI_spsCC_QUER_RUB_2015_v2_20260119.tif.ovr","14uXVG2gZUCtAgPw40rlzKEWOet22lGbE","file"
"SCANFI_spsCC_THUJ_OCC_2015_v2_20260119.tif","SCANFI_v2/2015/SCANFI_spsCC_THUJ_OCC_2015_v2_20260119.tif","https://object-arbutus.cloud.computecanada.ca/predictiveecology/SCANFI_v2/2015/SCANFI_spsCC_THUJ_OCC_2015_v2_20260119.tif","1HxFQdahYNjHGQ_bfaQ8Km5w_AFO8LsrC","file"
"SCANFI_spsCC_THUJ_OCC_2015_v2_20260119.tif.aux.xml","SCANFI_v2/2015/SCANFI_spsCC_THUJ_OCC_2015_v2_20260119.tif.aux.xml","https://object-arbutus.cloud.computecanada.ca/predictiveecology/SCANFI_v2/2015/SCANFI_spsCC_THUJ_OCC_2015_v2_20260119.tif.aux.xml","1E0uuwwfsquuE2U8dqvm0EyC-U-bPEf1a","file"
"SCANFI_spsCC_THUJ_OCC_2015_v2_20260119.tif.ovr","SCANFI_v2/2015/SCANFI_spsCC_THUJ_OCC_2015_v2_20260119.tif.ovr","https://object-arbutus.cloud.computecanada.ca/predictiveecology/SCANFI_v2/2015/SCANFI_spsCC_THUJ_OCC_2015_v2_20260119.tif.ovr","1Cxe3-kz5IpkjhZxe2aGjQGdx7PCEa6Kp","file"
"SCANFI_spsCC_THUJ_PLI_2015_v2_20260119.tif","SCANFI_v2/2015/SCANFI_spsCC_THUJ_PLI_2015_v2_20260119.tif","https://object-arbutus.cloud.computecanada.ca/predictiveecology/SCANFI_v2/2015/SCANFI_spsCC_THUJ_PLI_2015_v2_20260119.tif","1YPO10GjRcB3lUo0xIRHHQUpcC5OB33Kq","file"
"SCANFI_spsCC_THUJ_PLI_2015_v2_20260119.tif.aux.xml","SCANFI_v2/2015/SCANFI_spsCC_THUJ_PLI_2015_v2_20260119.tif.aux.xml","https://object-arbutus.cloud.computecanada.ca/predictiveecology/SCANFI_v2/2015/SCANFI_spsCC_THUJ_PLI_2015_v2_20260119.tif.aux.xml","12_qmEeHbWZiZ9GvOzFAGRlJzL1MZLw29","file"
"SCANFI_spsCC_THUJ_PLI_2015_v2_20260119.tif.ovr","SCANFI_v2/2015/SCANFI_spsCC_THUJ_PLI_2015_v2_20260119.tif.ovr","https://object-arbutus.cloud.computecanada.ca/predictiveecology/SCANFI_v2/2015/SCANFI_spsCC_THUJ_PLI_2015_v2_20260119.tif.ovr","10EEzKRzFxZwvmX6Ic2JF5wA9rA7jW-hs","file"
"SCANFI_spsCC_TSUG_CAN_2015_v2_20260119.tif","SCANFI_v2/2015/SCANFI_spsCC_TSUG_CAN_2015_v2_20260119.tif","https://object-arbutus.cloud.computecanada.ca/predictiveecology/SCANFI_v2/2015/SCANFI_spsCC_TSUG_CAN_2015_v2_20260119.tif","1aF75ug2EW0lLsP3RE4VXMqUJjxlTdTif","file"
"SCANFI_spsCC_TSUG_CAN_2015_v2_20260119.tif.aux.xml","SCANFI_v2/2015/SCANFI_spsCC_TSUG_CAN_2015_v2_20260119.tif.aux.xml","https://object-arbutus.cloud.computecanada.ca/predictiveecology/SCANFI_v2/2015/SCANFI_spsCC_TSUG_CAN_2015_v2_20260119.tif.aux.xml","1gXG6G5rf5sd6pxKswF6Cd6OrnuLUS3dV","file"
"SCANFI_spsCC_TSUG_CAN_2015_v2_20260119.tif.ovr","SCANFI_v2/2015/SCANFI_spsCC_TSUG_CAN_2015_v2_20260119.tif.ovr","https://object-arbutus.cloud.computecanada.ca/predictiveecology/SCANFI_v2/2015/SCANFI_spsCC_TSUG_CAN_2015_v2_20260119.tif.ovr","16HhaS_jiRv0SrkitmRbLNkOcayPbcMEH","file"
"SCANFI_spsCC_TSUG_HET_2015_v2_20260119.tif","SCANFI_v2/2015/SCANFI_spsCC_TSUG_HET_2015_v2_20260119.tif","https://object-arbutus.cloud.computecanada.ca/predictiveecology/SCANFI_v2/2015/SCANFI_spsCC_TSUG_HET_2015_v2_20260119.tif","1hgnUV2FGHHuVCiEqQe7nRszzuRaDSuIe","file"
"SCANFI_spsCC_TSUG_HET_2015_v2_20260119.tif.aux.xml","SCANFI_v2/2015/SCANFI_spsCC_TSUG_HET_2015_v2_20260119.tif.aux.xml","https://object-arbutus.cloud.computecanada.ca/predictiveecology/SCANFI_v2/2015/SCANFI_spsCC_TSUG_HET_2015_v2_20260119.tif.aux.xml","125XerR-5nIgT_uCshAiJrblXoo-JowZw","file"
"SCANFI_spsCC_TSUG_HET_2015_v2_20260119.tif.ovr","SCANFI_v2/2015/SCANFI_spsCC_TSUG_HET_2015_v2_20260119.tif.ovr","https://object-arbutus.cloud.computecanada.ca/predictiveecology/SCANFI_v2/2015/SCANFI_spsCC_TSUG_HET_2015_v2_20260119.tif.ovr","18djHHCn-WWv7GTZGrRJEZT6azG-5xzc-","file"
"SCANFI_spsCC_TSUG_MER_2015_v2_20260119.tif","SCANFI_v2/2015/SCANFI_spsCC_TSUG_MER_2015_v2_20260119.tif","https://object-arbutus.cloud.computecanada.ca/predictiveecology/SCANFI_v2/2015/SCANFI_spsCC_TSUG_MER_2015_v2_20260119.tif","1vS43QfzQxz2Ro_WvnsuiTQokdHBCnyG3","file"
"SCANFI_spsCC_TSUG_MER_2015_v2_20260119.tif.aux.xml","SCANFI_v2/2015/SCANFI_spsCC_TSUG_MER_2015_v2_20260119.tif.aux.xml","https://object-arbutus.cloud.computecanada.ca/predictiveecology/SCANFI_v2/2015/SCANFI_spsCC_TSUG_MER_2015_v2_20260119.tif.aux.xml","1Ij5ByKM4art6WaihfVfXImokbAAk9ytr","file"
"SCANFI_spsCC_TSUG_MER_2015_v2_20260119.tif.ovr","SCANFI_v2/2015/SCANFI_spsCC_TSUG_MER_2015_v2_20260119.tif.ovr","https://object-arbutus.cloud.computecanada.ca/predictiveecology/SCANFI_v2/2015/SCANFI_spsCC_TSUG_MER_2015_v2_20260119.tif.ovr","1-YeVCf--407zomNAsz3IcBucDUAfo7UX","file"
"SCANFI_age_median_2020_v2_20260119.tif","SCANFI_v2/2020/SCANFI_age_median_2020_v2_20260119.tif","https://object-arbutus.cloud.computecanada.ca/predictiveecology/SCANFI_v2/2020/SCANFI_age_median_2020_v2_20260119.tif","1nXPS3bpFUESYieNfXO25OKlZJEgqtRnD","file"
"SCANFI_att_biomass_2020_v2_20260119.tif","SCANFI_v2/2020/SCANFI_att_biomass_2020_v2_20260119.tif","https://object-arbutus.cloud.computecanada.ca/predictiveecology/SCANFI_v2/2020/SCANFI_att_biomass_2020_v2_20260119.tif","13-atqi_7ogRPIFxOoJZoUDYdQCJ5-a_u","file"
"SCANFI_att_closure_2020_v2_20260119.tif","SCANFI_v2/2020/SCANFI_att_closure_2020_v2_20260119.tif","https://object-arbutus.cloud.computecanada.ca/predictiveecology/SCANFI_v2/2020/SCANFI_att_closure_2020_v2_20260119.tif","1yrGovqTd-qVeawaxVmWv2E0q43GfDLkh","file"
"SCANFI_att_height_2020_v2_20260119.tif","SCANFI_v2/2020/SCANFI_att_height_2020_v2_20260119.tif","https://object-arbutus.cloud.computecanada.ca/predictiveecology/SCANFI_v2/2020/SCANFI_att_height_2020_v2_20260119.tif","1krOB9PIV1OnJS2N8MzfrR8RIpljkZ1uN","file"
"SCANFI_att_nfiLandcover_2020_v2_20260119.tif","SCANFI_v2/2020/SCANFI_att_nfiLandcover_2020_v2_20260119.tif","https://object-arbutus.cloud.computecanada.ca/predictiveecology/SCANFI_v2/2020/SCANFI_att_nfiLandcover_2020_v2_20260119.tif","1LVQEXGZvQD0Z62CZdJ7FrA1RJw6e4VIX","file"
"SCANFI_att_nfiLandcover_CanadaLCCclassCodes_2020_v2_20260119.tif","SCANFI_v2/2020/SCANFI_att_nfiLandcover_CanadaLCCclassCodes_2020_v2_20260119.tif","https://object-arbutus.cloud.computecanada.ca/predictiveecology/SCANFI_v2/2020/SCANFI_att_nfiLandcover_CanadaLCCclassCodes_2020_v2_20260119.tif","1EGp7LUA7cXMR6KpXDmu617xsjwGM6aIx","file"
"SCANFI_spsCC_ABIE_AMA_2020_v2_20260119.tif","SCANFI_v2/2020/SCANFI_spsCC_ABIE_AMA_2020_v2_20260119.tif","https://object-arbutus.cloud.computecanada.ca/predictiveecology/SCANFI_v2/2020/SCANFI_spsCC_ABIE_AMA_2020_v2_20260119.tif","12NXiLTj-4PNzgxayAEtAxwyrSRibw9in","file"
"SCANFI_spsCC_ABIE_AMA_2020_v2_20260119.tif.aux.xml","SCANFI_v2/2020/SCANFI_spsCC_ABIE_AMA_2020_v2_20260119.tif.aux.xml","https://object-arbutus.cloud.computecanada.ca/predictiveecology/SCANFI_v2/2020/SCANFI_spsCC_ABIE_AMA_2020_v2_20260119.tif.aux.xml","1RwSghG7yMRBtpmaCWnSX3aZKGi0GW9O1","file"
"SCANFI_spsCC_ABIE_AMA_2020_v2_20260119.tif.ovr","SCANFI_v2/2020/SCANFI_spsCC_ABIE_AMA_2020_v2_20260119.tif.ovr","https://object-arbutus.cloud.computecanada.ca/predictiveecology/SCANFI_v2/2020/SCANFI_spsCC_ABIE_AMA_2020_v2_20260119.tif.ovr","12Ink6_WH99ZpQhiwJVMBBJFiyHy10pz5","file"
"SCANFI_spsCC_ABIE_BAL_2020_v2_20260119.tif","SCANFI_v2/2020/SCANFI_spsCC_ABIE_BAL_2020_v2_20260119.tif","https://object-arbutus.cloud.computecanada.ca/predictiveecology/SCANFI_v2/2020/SCANFI_spsCC_ABIE_BAL_2020_v2_20260119.tif","1st90A5DiX1iKeNj5HYvI5mlLkAQFxHmZ","file"
"SCANFI_spsCC_ABIE_BAL_2020_v2_20260119.tif.aux.xml","SCANFI_v2/2020/SCANFI_spsCC_ABIE_BAL_2020_v2_20260119.tif.aux.xml","https://object-arbutus.cloud.computecanada.ca/predictiveecology/SCANFI_v2/2020/SCANFI_spsCC_ABIE_BAL_2020_v2_20260119.tif.aux.xml","1jFUa-wjO3Ar-vkmRuHCTt2vIG5T7FpLl","file"
"SCANFI_spsCC_ABIE_BAL_2020_v2_20260119.tif.ovr","SCANFI_v2/2020/SCANFI_spsCC_ABIE_BAL_2020_v2_20260119.tif.ovr","https://object-arbutus.cloud.computecanada.ca/predictiveecology/SCANFI_v2/2020/SCANFI_spsCC_ABIE_BAL_2020_v2_20260119.tif.ovr","1YvlJ7MoQmUZcVQZRBIyOL5u1o0H15_c7","file"
"SCANFI_spsCC_ABIE_LAS_2020_v2_20260119.tif","SCANFI_v2/2020/SCANFI_spsCC_ABIE_LAS_2020_v2_20260119.tif","https://object-arbutus.cloud.computecanada.ca/predictiveecology/SCANFI_v2/2020/SCANFI_spsCC_ABIE_LAS_2020_v2_20260119.tif","1nqlHVEEyMp1sYzhUGQzx1ZvHbzW4oSgC","file"
"SCANFI_spsCC_ABIE_LAS_2020_v2_20260119.tif.aux.xml","SCANFI_v2/2020/SCANFI_spsCC_ABIE_LAS_2020_v2_20260119.tif.aux.xml","https://object-arbutus.cloud.computecanada.ca/predictiveecology/SCANFI_v2/2020/SCANFI_spsCC_ABIE_LAS_2020_v2_20260119.tif.aux.xml","1lkiVyEJ0zUanWnNWwn80q_NVCjkl3C7m","file"
"SCANFI_spsCC_ABIE_LAS_2020_v2_20260119.tif.ovr","SCANFI_v2/2020/SCANFI_spsCC_ABIE_LAS_2020_v2_20260119.tif.ovr","https://object-arbutus.cloud.computecanada.ca/predictiveecology/SCANFI_v2/2020/SCANFI_spsCC_ABIE_LAS_2020_v2_20260119.tif.ovr","1Zayoa1shRKaDkapaGZ1--ueESJf8goXQ","file"
"SCANFI_spsCC_ACER_RUB_2020_v2_20260119.tif","SCANFI_v2/2020/SCANFI_spsCC_ACER_RUB_2020_v2_20260119.tif","https://object-arbutus.cloud.computecanada.ca/predictiveecology/SCANFI_v2/2020/SCANFI_spsCC_ACER_RUB_2020_v2_20260119.tif","1wmAxAQ7DQ6WwKUvdmGl6UOzRes81l0zb","file"
"SCANFI_spsCC_ACER_RUB_2020_v2_20260119.tif.aux.xml","SCANFI_v2/2020/SCANFI_spsCC_ACER_RUB_2020_v2_20260119.tif.aux.xml","https://object-arbutus.cloud.computecanada.ca/predictiveecology/SCANFI_v2/2020/SCANFI_spsCC_ACER_RUB_2020_v2_20260119.tif.aux.xml","1c14JwiYmgrw5jRioIqCQs7qIJqm7CE4A","file"
"SCANFI_spsCC_ACER_RUB_2020_v2_20260119.tif.ovr","SCANFI_v2/2020/SCANFI_spsCC_ACER_RUB_2020_v2_20260119.tif.ovr","https://object-arbutus.cloud.computecanada.ca/predictiveecology/SCANFI_v2/2020/SCANFI_spsCC_ACER_RUB_2020_v2_20260119.tif.ovr","1nEEHQVbHloGayjfFVa1CCZmjcgccl4F8","file"
"SCANFI_spsCC_ACER_SAH_2020_v2_20260119.tif","SCANFI_v2/2020/SCANFI_spsCC_ACER_SAH_2020_v2_20260119.tif","https://object-arbutus.cloud.computecanada.ca/predictiveecology/SCANFI_v2/2020/SCANFI_spsCC_ACER_SAH_2020_v2_20260119.tif","1aVWSSBZsAVQEkfpJhXZio6gmOzfxhRmG","file"
"SCANFI_spsCC_ACER_SAH_2020_v2_20260119.tif.aux.xml","SCANFI_v2/2020/SCANFI_spsCC_ACER_SAH_2020_v2_20260119.tif.aux.xml","https://object-arbutus.cloud.computecanada.ca/predictiveecology/SCANFI_v2/2020/SCANFI_spsCC_ACER_SAH_2020_v2_20260119.tif.aux.xml","1V8Ik9JzuFqYv4vqPk-1Ek0GyRCckG8nO","file"
"SCANFI_spsCC_ACER_SAH_2020_v2_20260119.tif.ovr","SCANFI_v2/2020/SCANFI_spsCC_ACER_SAH_2020_v2_20260119.tif.ovr","https://object-arbutus.cloud.computecanada.ca/predictiveecology/SCANFI_v2/2020/SCANFI_spsCC_ACER_SAH_2020_v2_20260119.tif.ovr","1Cur80_DY6kboRD4yz4yNIgesxsGjBXqB","file"
"SCANFI_spsCC_ALNU_RUB_2020_v2_20260119.tif","SCANFI_v2/2020/SCANFI_spsCC_ALNU_RUB_2020_v2_20260119.tif","https://object-arbutus.cloud.computecanada.ca/predictiveecology/SCANFI_v2/2020/SCANFI_spsCC_ALNU_RUB_2020_v2_20260119.tif","1lCdD77t5Afm2CsFQA1473g6aMvcIMbPA","file"
"SCANFI_spsCC_ALNU_RUB_2020_v2_20260119.tif.aux.xml","SCANFI_v2/2020/SCANFI_spsCC_ALNU_RUB_2020_v2_20260119.tif.aux.xml","https://object-arbutus.cloud.computecanada.ca/predictiveecology/SCANFI_v2/2020/SCANFI_spsCC_ALNU_RUB_2020_v2_20260119.tif.aux.xml","1JYJmBUie-yJFgI-yFH5b7J60UhAOHNAg","file"
"SCANFI_spsCC_ALNU_RUB_2020_v2_20260119.tif.ovr","SCANFI_v2/2020/SCANFI_spsCC_ALNU_RUB_2020_v2_20260119.tif.ovr","https://object-arbutus.cloud.computecanada.ca/predictiveecology/SCANFI_v2/2020/SCANFI_spsCC_ALNU_RUB_2020_v2_20260119.tif.ovr","1oR5MmP0on8BPH82YBEAVSX2DHCGqr6tH","file"
"SCANFI_spsCC_BETU_ALL_2020_v2_20260119.tif","SCANFI_v2/2020/SCANFI_spsCC_BETU_ALL_2020_v2_20260119.tif","https://object-arbutus.cloud.computecanada.ca/predictiveecology/SCANFI_v2/2020/SCANFI_spsCC_BETU_ALL_2020_v2_20260119.tif","1SduXpDEx0c2lW0iAZnf7UUdEBDdNo4bf","file"
"SCANFI_spsCC_BETU_ALL_2020_v2_20260119.tif.aux.xml","SCANFI_v2/2020/SCANFI_spsCC_BETU_ALL_2020_v2_20260119.tif.aux.xml","https://object-arbutus.cloud.computecanada.ca/predictiveecology/SCANFI_v2/2020/SCANFI_spsCC_BETU_ALL_2020_v2_20260119.tif.aux.xml","1X4ZcuIO1cVlLRclHw26cGnwhf_yZnBAX","file"
"SCANFI_spsCC_BETU_ALL_2020_v2_20260119.tif.ovr","SCANFI_v2/2020/SCANFI_spsCC_BETU_ALL_2020_v2_20260119.tif.ovr","https://object-arbutus.cloud.computecanada.ca/predictiveecology/SCANFI_v2/2020/SCANFI_spsCC_BETU_ALL_2020_v2_20260119.tif.ovr","16tRElJlY3qQsu8b0k6xWkKaf6XaKKoSM","file"
"SCANFI_spsCC_BETU_PAP_2020_v2_20260119.tif","SCANFI_v2/2020/SCANFI_spsCC_BETU_PAP_2020_v2_20260119.tif","https://object-arbutus.cloud.computecanada.ca/predictiveecology/SCANFI_v2/2020/SCANFI_spsCC_BETU_PAP_2020_v2_20260119.tif","1imvEUoQzbKSlwCNyuqtSXKqFX3F67S9N","file"
"SCANFI_spsCC_BETU_PAP_2020_v2_20260119.tif.aux.xml","SCANFI_v2/2020/SCANFI_spsCC_BETU_PAP_2020_v2_20260119.tif.aux.xml","https://object-arbutus.cloud.computecanada.ca/predictiveecology/SCANFI_v2/2020/SCANFI_spsCC_BETU_PAP_2020_v2_20260119.tif.aux.xml","1SeNiBtAP7xQDANGVb_I_59lDOELcHSDx","file"
"SCANFI_spsCC_BETU_PAP_2020_v2_20260119.tif.ovr","SCANFI_v2/2020/SCANFI_spsCC_BETU_PAP_2020_v2_20260119.tif.ovr","https://object-arbutus.cloud.computecanada.ca/predictiveecology/SCANFI_v2/2020/SCANFI_spsCC_BETU_PAP_2020_v2_20260119.tif.ovr","1wFpsMKC4npCmVy4YmlNnR4SWftjx-p0J","file"
"SCANFI_spsCC_CHAM_NOO_2020_v2_20260119.tif","SCANFI_v2/2020/SCANFI_spsCC_CHAM_NOO_2020_v2_20260119.tif","https://object-arbutus.cloud.computecanada.ca/predictiveecology/SCANFI_v2/2020/SCANFI_spsCC_CHAM_NOO_2020_v2_20260119.tif","1lCvJNYSh9nwvvW_iDFriPyV1D-vprJU_","file"
"SCANFI_spsCC_CHAM_NOO_2020_v2_20260119.tif.aux.xml","SCANFI_v2/2020/SCANFI_spsCC_CHAM_NOO_2020_v2_20260119.tif.aux.xml","https://object-arbutus.cloud.computecanada.ca/predictiveecology/SCANFI_v2/2020/SCANFI_spsCC_CHAM_NOO_2020_v2_20260119.tif.aux.xml","1tk4zWqfDmywyER6PFMtNCTv41Ich809f","file"
"SCANFI_spsCC_CHAM_NOO_2020_v2_20260119.tif.ovr","SCANFI_v2/2020/SCANFI_spsCC_CHAM_NOO_2020_v2_20260119.tif.ovr","https://object-arbutus.cloud.computecanada.ca/predictiveecology/SCANFI_v2/2020/SCANFI_spsCC_CHAM_NOO_2020_v2_20260119.tif.ovr","1MxVYbLDScOJ4ZUt8bpmQBsWYFEn9wLsW","file"
"SCANFI_spsCC_FAGU_GRA_2020_v2_20260119.tif","SCANFI_v2/2020/SCANFI_spsCC_FAGU_GRA_2020_v2_20260119.tif","https://object-arbutus.cloud.computecanada.ca/predictiveecology/SCANFI_v2/2020/SCANFI_spsCC_FAGU_GRA_2020_v2_20260119.tif","1w-DCRPnKDFXkfJsx8qquUYyaEv14xXbO","file"
"SCANFI_spsCC_FAGU_GRA_2020_v2_20260119.tif.aux.xml","SCANFI_v2/2020/SCANFI_spsCC_FAGU_GRA_2020_v2_20260119.tif.aux.xml","https://object-arbutus.cloud.computecanada.ca/predictiveecology/SCANFI_v2/2020/SCANFI_spsCC_FAGU_GRA_2020_v2_20260119.tif.aux.xml","1q40akaFx05r5L0uA3pkHcAqcUQypiNZq","file"
"SCANFI_spsCC_FAGU_GRA_2020_v2_20260119.tif.ovr","SCANFI_v2/2020/SCANFI_spsCC_FAGU_GRA_2020_v2_20260119.tif.ovr","https://object-arbutus.cloud.computecanada.ca/predictiveecology/SCANFI_v2/2020/SCANFI_spsCC_FAGU_GRA_2020_v2_20260119.tif.ovr","1ycKTQIacOaWsOldPeIOCf4KF-l_OShPN","file"
"SCANFI_spsCC_FRAX_AME_2020_v2_20260119.tif","SCANFI_v2/2020/SCANFI_spsCC_FRAX_AME_2020_v2_20260119.tif","https://object-arbutus.cloud.computecanada.ca/predictiveecology/SCANFI_v2/2020/SCANFI_spsCC_FRAX_AME_2020_v2_20260119.tif","1p-DupIrNdJ4jN5IcGjplUN70WxCQOyMX","file"
"SCANFI_spsCC_FRAX_AME_2020_v2_20260119.tif.aux.xml","SCANFI_v2/2020/SCANFI_spsCC_FRAX_AME_2020_v2_20260119.tif.aux.xml","https://object-arbutus.cloud.computecanada.ca/predictiveecology/SCANFI_v2/2020/SCANFI_spsCC_FRAX_AME_2020_v2_20260119.tif.aux.xml","1EPNn1LkWhgx0qQjlHwxVUB9M0b65KLNO","file"
"SCANFI_spsCC_FRAX_AME_2020_v2_20260119.tif.ovr","SCANFI_v2/2020/SCANFI_spsCC_FRAX_AME_2020_v2_20260119.tif.ovr","https://object-arbutus.cloud.computecanada.ca/predictiveecology/SCANFI_v2/2020/SCANFI_spsCC_FRAX_AME_2020_v2_20260119.tif.ovr","1Yc8k1QQy7wjEz0teHHex2qqXIUoxCgQP","file"
"SCANFI_spsCC_LARI_LAR_2020_v2_20260119.tif","SCANFI_v2/2020/SCANFI_spsCC_LARI_LAR_2020_v2_20260119.tif","https://object-arbutus.cloud.computecanada.ca/predictiveecology/SCANFI_v2/2020/SCANFI_spsCC_LARI_LAR_2020_v2_20260119.tif","1722x8sms2ma0u-Nfw_VnBKYUZoafd01T","file"
"SCANFI_spsCC_LARI_LAR_2020_v2_20260119.tif.aux.xml","SCANFI_v2/2020/SCANFI_spsCC_LARI_LAR_2020_v2_20260119.tif.aux.xml","https://object-arbutus.cloud.computecanada.ca/predictiveecology/SCANFI_v2/2020/SCANFI_spsCC_LARI_LAR_2020_v2_20260119.tif.aux.xml","1OrHWpZPA2kPe-tqhCIlwyBn3wMlkvQqo","file"
"SCANFI_spsCC_LARI_LAR_2020_v2_20260119.tif.ovr","SCANFI_v2/2020/SCANFI_spsCC_LARI_LAR_2020_v2_20260119.tif.ovr","https://object-arbutus.cloud.computecanada.ca/predictiveecology/SCANFI_v2/2020/SCANFI_spsCC_LARI_LAR_2020_v2_20260119.tif.ovr","1rWKCfgGjzT6J7JaUqldKMtUIuVgxhOiC","file"
"SCANFI_spsCC_LARI_OCC_2020_v2_20260119.tif","SCANFI_v2/2020/SCANFI_spsCC_LARI_OCC_2020_v2_20260119.tif","https://object-arbutus.cloud.computecanada.ca/predictiveecology/SCANFI_v2/2020/SCANFI_spsCC_LARI_OCC_2020_v2_20260119.tif","1myas7ny332gyWmNO02FzO0BWxawlT3dd","file"
"SCANFI_spsCC_LARI_OCC_2020_v2_20260119.tif.aux.xml","SCANFI_v2/2020/SCANFI_spsCC_LARI_OCC_2020_v2_20260119.tif.aux.xml","https://object-arbutus.cloud.computecanada.ca/predictiveecology/SCANFI_v2/2020/SCANFI_spsCC_LARI_OCC_2020_v2_20260119.tif.aux.xml","1j1v74P_Efnus4xSlpWmgjwp_BKtZOQI-","file"
"SCANFI_spsCC_LARI_OCC_2020_v2_20260119.tif.ovr","SCANFI_v2/2020/SCANFI_spsCC_LARI_OCC_2020_v2_20260119.tif.ovr","https://object-arbutus.cloud.computecanada.ca/predictiveecology/SCANFI_v2/2020/SCANFI_spsCC_LARI_OCC_2020_v2_20260119.tif.ovr","1DB_oNtEeHhDCaHYiU9ch8ZcWqkXOcXvc","file"
"SCANFI_spsCC_PICE_ENG_2020_v2_20260119.tif","SCANFI_v2/2020/SCANFI_spsCC_PICE_ENG_2020_v2_20260119.tif","https://object-arbutus.cloud.computecanada.ca/predictiveecology/SCANFI_v2/2020/SCANFI_spsCC_PICE_ENG_2020_v2_20260119.tif","1HzTyZ4u3fnED3cDH3jg2QdOMPgP1-6VC","file"
"SCANFI_spsCC_PICE_ENG_2020_v2_20260119.tif.aux.xml","SCANFI_v2/2020/SCANFI_spsCC_PICE_ENG_2020_v2_20260119.tif.aux.xml","https://object-arbutus.cloud.computecanada.ca/predictiveecology/SCANFI_v2/2020/SCANFI_spsCC_PICE_ENG_2020_v2_20260119.tif.aux.xml","1t7YQJjxz6nn00uf8oi_H6ScKTwogKoaL","file"
"SCANFI_spsCC_PICE_ENG_2020_v2_20260119.tif.ovr","SCANFI_v2/2020/SCANFI_spsCC_PICE_ENG_2020_v2_20260119.tif.ovr","https://object-arbutus.cloud.computecanada.ca/predictiveecology/SCANFI_v2/2020/SCANFI_spsCC_PICE_ENG_2020_v2_20260119.tif.ovr","1In1H-zasHsHnYKcCC4ehZ2EXpuksfsoy","file"
"SCANFI_spsCC_PICE_ENG_GLA_2020_v2_20260119.tif","SCANFI_v2/2020/SCANFI_spsCC_PICE_ENG_GLA_2020_v2_20260119.tif","https://object-arbutus.cloud.computecanada.ca/predictiveecology/SCANFI_v2/2020/SCANFI_spsCC_PICE_ENG_GLA_2020_v2_20260119.tif","1CwKhj1GoHMIFlYXh8bbKw7kWqjgF48t4","file"
"SCANFI_spsCC_PICE_ENG_GLA_2020_v2_20260119.tif.aux.xml","SCANFI_v2/2020/SCANFI_spsCC_PICE_ENG_GLA_2020_v2_20260119.tif.aux.xml","https://object-arbutus.cloud.computecanada.ca/predictiveecology/SCANFI_v2/2020/SCANFI_spsCC_PICE_ENG_GLA_2020_v2_20260119.tif.aux.xml","1R2cXH06f7F3bt4emB9tyHAHJKRwv1wli","file"
"SCANFI_spsCC_PICE_ENG_GLA_2020_v2_20260119.tif.ovr","SCANFI_v2/2020/SCANFI_spsCC_PICE_ENG_GLA_2020_v2_20260119.tif.ovr","https://object-arbutus.cloud.computecanada.ca/predictiveecology/SCANFI_v2/2020/SCANFI_spsCC_PICE_ENG_GLA_2020_v2_20260119.tif.ovr","1sbbjP65bwP221u-GhTt7VOojxLsKWUbQ","file"
"SCANFI_spsCC_PICE_GLA_2020_v2_20260119.tif","SCANFI_v2/2020/SCANFI_spsCC_PICE_GLA_2020_v2_20260119.tif","https://object-arbutus.cloud.computecanada.ca/predictiveecology/SCANFI_v2/2020/SCANFI_spsCC_PICE_GLA_2020_v2_20260119.tif","1sVWFFnB_EYWa5qQyBZ9o5XZ1Uv83TTXt","file"
"SCANFI_spsCC_PICE_GLA_2020_v2_20260119.tif.aux.xml","SCANFI_v2/2020/SCANFI_spsCC_PICE_GLA_2020_v2_20260119.tif.aux.xml","https://object-arbutus.cloud.computecanada.ca/predictiveecology/SCANFI_v2/2020/SCANFI_spsCC_PICE_GLA_2020_v2_20260119.tif.aux.xml","1bmbjq-aZ7w2lvvobImdsrgUEHjYAkjwv","file"
"SCANFI_spsCC_PICE_GLA_2020_v2_20260119.tif.ovr","SCANFI_v2/2020/SCANFI_spsCC_PICE_GLA_2020_v2_20260119.tif.ovr","https://object-arbutus.cloud.computecanada.ca/predictiveecology/SCANFI_v2/2020/SCANFI_spsCC_PICE_GLA_2020_v2_20260119.tif.ovr","1jPmzAhRUo5lOFXLz5sWnIyozF6qvF6v7","file"
"SCANFI_spsCC_PICE_MAR_2020_v2_20260119.tif","SCANFI_v2/2020/SCANFI_spsCC_PICE_MAR_2020_v2_20260119.tif","https://object-arbutus.cloud.computecanada.ca/predictiveecology/SCANFI_v2/2020/SCANFI_spsCC_PICE_MAR_2020_v2_20260119.tif","1lAbtE8spSofiCHY7y6NxA23cMiG345S0","file"
"SCANFI_spsCC_PICE_MAR_2020_v2_20260119.tif.aux.xml","SCANFI_v2/2020/SCANFI_spsCC_PICE_MAR_2020_v2_20260119.tif.aux.xml","https://object-arbutus.cloud.computecanada.ca/predictiveecology/SCANFI_v2/2020/SCANFI_spsCC_PICE_MAR_2020_v2_20260119.tif.aux.xml","1lvASkURLrjS6j4WNgQ1__sbSb9rNNmII","file"
"SCANFI_spsCC_PICE_MAR_2020_v2_20260119.tif.ovr","SCANFI_v2/2020/SCANFI_spsCC_PICE_MAR_2020_v2_20260119.tif.ovr","https://object-arbutus.cloud.computecanada.ca/predictiveecology/SCANFI_v2/2020/SCANFI_spsCC_PICE_MAR_2020_v2_20260119.tif.ovr","11iDwgUOJb2eRkpDDscoeufMrWsct7Fh4","file"
"SCANFI_spsCC_PICE_RUB_2020_v2_20260119.tif","SCANFI_v2/2020/SCANFI_spsCC_PICE_RUB_2020_v2_20260119.tif","https://object-arbutus.cloud.computecanada.ca/predictiveecology/SCANFI_v2/2020/SCANFI_spsCC_PICE_RUB_2020_v2_20260119.tif","18uvgqC_zGkntf7mn8DDqkuGwjbkTKfkv","file"
"SCANFI_spsCC_PICE_RUB_2020_v2_20260119.tif.aux.xml","SCANFI_v2/2020/SCANFI_spsCC_PICE_RUB_2020_v2_20260119.tif.aux.xml","https://object-arbutus.cloud.computecanada.ca/predictiveecology/SCANFI_v2/2020/SCANFI_spsCC_PICE_RUB_2020_v2_20260119.tif.aux.xml","1q6MOP2lZLSRMLCfFLqvAkZg7kh5iEOAp","file"
"SCANFI_spsCC_PICE_RUB_2020_v2_20260119.tif.ovr","SCANFI_v2/2020/SCANFI_spsCC_PICE_RUB_2020_v2_20260119.tif.ovr","https://object-arbutus.cloud.computecanada.ca/predictiveecology/SCANFI_v2/2020/SCANFI_spsCC_PICE_RUB_2020_v2_20260119.tif.ovr","1vwhDX_Upqrx16LmBVwoWOgFjA6ivTroT","file"
"SCANFI_spsCC_PICE_SIT_2020_v2_20260119.tif","SCANFI_v2/2020/SCANFI_spsCC_PICE_SIT_2020_v2_20260119.tif","https://object-arbutus.cloud.computecanada.ca/predictiveecology/SCANFI_v2/2020/SCANFI_spsCC_PICE_SIT_2020_v2_20260119.tif","1TjgDyilNwZz4jEq2ueCi3Tw1OyrOxoZa","file"
"SCANFI_spsCC_PICE_SIT_2020_v2_20260119.tif.aux.xml","SCANFI_v2/2020/SCANFI_spsCC_PICE_SIT_2020_v2_20260119.tif.aux.xml","https://object-arbutus.cloud.computecanada.ca/predictiveecology/SCANFI_v2/2020/SCANFI_spsCC_PICE_SIT_2020_v2_20260119.tif.aux.xml","141rpTWYhdSp-rzgPbf_KbVhPfRGldYzs","file"
"SCANFI_spsCC_PICE_SIT_2020_v2_20260119.tif.ovr","SCANFI_v2/2020/SCANFI_spsCC_PICE_SIT_2020_v2_20260119.tif.ovr","https://object-arbutus.cloud.computecanada.ca/predictiveecology/SCANFI_v2/2020/SCANFI_spsCC_PICE_SIT_2020_v2_20260119.tif.ovr","1uI2-asPlUSGAM-mINmKcP8O69c_QXJNQ","file"
"SCANFI_spsCC_PINU_BAN_2020_v2_20260119.tif","SCANFI_v2/2020/SCANFI_spsCC_PINU_BAN_2020_v2_20260119.tif","https://object-arbutus.cloud.computecanada.ca/predictiveecology/SCANFI_v2/2020/SCANFI_spsCC_PINU_BAN_2020_v2_20260119.tif","1jHyZMBCfpVRRRTiQ0jK7Zi4FWHwnfZbN","file"
"SCANFI_spsCC_PINU_BAN_2020_v2_20260119.tif.aux.xml","SCANFI_v2/2020/SCANFI_spsCC_PINU_BAN_2020_v2_20260119.tif.aux.xml","https://object-arbutus.cloud.computecanada.ca/predictiveecology/SCANFI_v2/2020/SCANFI_spsCC_PINU_BAN_2020_v2_20260119.tif.aux.xml","1pdr9dbvw6j35oQTK3msvwCNcQGKCJ9n4","file"
"SCANFI_spsCC_PINU_BAN_2020_v2_20260119.tif.ovr","SCANFI_v2/2020/SCANFI_spsCC_PINU_BAN_2020_v2_20260119.tif.ovr","https://object-arbutus.cloud.computecanada.ca/predictiveecology/SCANFI_v2/2020/SCANFI_spsCC_PINU_BAN_2020_v2_20260119.tif.ovr","1hKIoYkKfYoPyNhpgxC9pJNh1-DXRE3O4","file"
"SCANFI_spsCC_PINU_CON_CON_2020_v2_20260119.tif","SCANFI_v2/2020/SCANFI_spsCC_PINU_CON_CON_2020_v2_20260119.tif","https://object-arbutus.cloud.computecanada.ca/predictiveecology/SCANFI_v2/2020/SCANFI_spsCC_PINU_CON_CON_2020_v2_20260119.tif","1iVNqxg0hOMSD5gYLUCoZCHg2Lb4EpP3y","file"
"SCANFI_spsCC_PINU_CON_CON_2020_v2_20260119.tif.aux.xml","SCANFI_v2/2020/SCANFI_spsCC_PINU_CON_CON_2020_v2_20260119.tif.aux.xml","https://object-arbutus.cloud.computecanada.ca/predictiveecology/SCANFI_v2/2020/SCANFI_spsCC_PINU_CON_CON_2020_v2_20260119.tif.aux.xml","1CC0T4xj49GBRHW_KQmQCA8v0qCEU3GFO","file"
"SCANFI_spsCC_PINU_CON_CON_2020_v2_20260119.tif.ovr","SCANFI_v2/2020/SCANFI_spsCC_PINU_CON_CON_2020_v2_20260119.tif.ovr","https://object-arbutus.cloud.computecanada.ca/predictiveecology/SCANFI_v2/2020/SCANFI_spsCC_PINU_CON_CON_2020_v2_20260119.tif.ovr","1IA606JfRw7zJkBJ3q27onxdMsDsRAj-u","file"
"SCANFI_spsCC_PINU_CON_LAT_2020_v2_20260119.tif","SCANFI_v2/2020/SCANFI_spsCC_PINU_CON_LAT_2020_v2_20260119.tif","https://object-arbutus.cloud.computecanada.ca/predictiveecology/SCANFI_v2/2020/SCANFI_spsCC_PINU_CON_LAT_2020_v2_20260119.tif","1qjaivQ6i2mUHLe3GVICumHPZ09cx1_75","file"
"SCANFI_spsCC_PINU_CON_LAT_2020_v2_20260119.tif.aux.xml","SCANFI_v2/2020/SCANFI_spsCC_PINU_CON_LAT_2020_v2_20260119.tif.aux.xml","https://object-arbutus.cloud.computecanada.ca/predictiveecology/SCANFI_v2/2020/SCANFI_spsCC_PINU_CON_LAT_2020_v2_20260119.tif.aux.xml","1q6jHVlfdtS1ctnih7TG6AlnhDZZflMSj","file"
"SCANFI_spsCC_PINU_CON_LAT_2020_v2_20260119.tif.ovr","SCANFI_v2/2020/SCANFI_spsCC_PINU_CON_LAT_2020_v2_20260119.tif.ovr","https://object-arbutus.cloud.computecanada.ca/predictiveecology/SCANFI_v2/2020/SCANFI_spsCC_PINU_CON_LAT_2020_v2_20260119.tif.ovr","1_uhCSmwIGgvQj6OxL7y-MLdEU3OBtxpt","file"
"SCANFI_spsCC_PINU_PON_2020_v2_20260119.tif","SCANFI_v2/2020/SCANFI_spsCC_PINU_PON_2020_v2_20260119.tif","https://object-arbutus.cloud.computecanada.ca/predictiveecology/SCANFI_v2/2020/SCANFI_spsCC_PINU_PON_2020_v2_20260119.tif","1Zq_rGi-dl0Xo_gXA7lz0X3hfFwrPvJlE","file"
"SCANFI_spsCC_PINU_PON_2020_v2_20260119.tif.aux.xml","SCANFI_v2/2020/SCANFI_spsCC_PINU_PON_2020_v2_20260119.tif.aux.xml","https://object-arbutus.cloud.computecanada.ca/predictiveecology/SCANFI_v2/2020/SCANFI_spsCC_PINU_PON_2020_v2_20260119.tif.aux.xml","17gMTV4OwfHf5XbyKjQ_dnStd14Sv5YfZ","file"
"SCANFI_spsCC_PINU_PON_2020_v2_20260119.tif.ovr","SCANFI_v2/2020/SCANFI_spsCC_PINU_PON_2020_v2_20260119.tif.ovr","https://object-arbutus.cloud.computecanada.ca/predictiveecology/SCANFI_v2/2020/SCANFI_spsCC_PINU_PON_2020_v2_20260119.tif.ovr","1ODfZpOUvq9jETfEoaAZEwBn9-opzEWKM","file"
"SCANFI_spsCC_PINU_RES_2020_v2_20260119.tif","SCANFI_v2/2020/SCANFI_spsCC_PINU_RES_2020_v2_20260119.tif","https://object-arbutus.cloud.computecanada.ca/predictiveecology/SCANFI_v2/2020/SCANFI_spsCC_PINU_RES_2020_v2_20260119.tif","1UPSfoX1kkLy_f45Obx1QNxPcneBGTeoF","file"
"SCANFI_spsCC_PINU_RES_2020_v2_20260119.tif.aux.xml","SCANFI_v2/2020/SCANFI_spsCC_PINU_RES_2020_v2_20260119.tif.aux.xml","https://object-arbutus.cloud.computecanada.ca/predictiveecology/SCANFI_v2/2020/SCANFI_spsCC_PINU_RES_2020_v2_20260119.tif.aux.xml","1xT8xhd4g36aVVlrSN_7J9Fy_ol03xJjt","file"
"SCANFI_spsCC_PINU_RES_2020_v2_20260119.tif.ovr","SCANFI_v2/2020/SCANFI_spsCC_PINU_RES_2020_v2_20260119.tif.ovr","https://object-arbutus.cloud.computecanada.ca/predictiveecology/SCANFI_v2/2020/SCANFI_spsCC_PINU_RES_2020_v2_20260119.tif.ovr","1maHmm0s9q0wGAvu-9NxChtqy1d-itucL","file"
"SCANFI_spsCC_PINU_STR_2020_v2_20260119.tif","SCANFI_v2/2020/SCANFI_spsCC_PINU_STR_2020_v2_20260119.tif","https://object-arbutus.cloud.computecanada.ca/predictiveecology/SCANFI_v2/2020/SCANFI_spsCC_PINU_STR_2020_v2_20260119.tif","1YSWhmtU1sz8-h_0t_EXCJfaDYBjbEplU","file"
"SCANFI_spsCC_PINU_STR_2020_v2_20260119.tif.aux.xml","SCANFI_v2/2020/SCANFI_spsCC_PINU_STR_2020_v2_20260119.tif.aux.xml","https://object-arbutus.cloud.computecanada.ca/predictiveecology/SCANFI_v2/2020/SCANFI_spsCC_PINU_STR_2020_v2_20260119.tif.aux.xml","1U5-EwXJZ-aKF7hun5FMranhscGvLd7Ad","file"
"SCANFI_spsCC_PINU_STR_2020_v2_20260119.tif.ovr","SCANFI_v2/2020/SCANFI_spsCC_PINU_STR_2020_v2_20260119.tif.ovr","https://object-arbutus.cloud.computecanada.ca/predictiveecology/SCANFI_v2/2020/SCANFI_spsCC_PINU_STR_2020_v2_20260119.tif.ovr","1jVkis9u1dM50jIi8NqIWJq51-u7uBawO","file"
"SCANFI_spsCC_POPU_BAL_2020_v2_20260119.tif","SCANFI_v2/2020/SCANFI_spsCC_POPU_BAL_2020_v2_20260119.tif","https://object-arbutus.cloud.computecanada.ca/predictiveecology/SCANFI_v2/2020/SCANFI_spsCC_POPU_BAL_2020_v2_20260119.tif","1qxARs020n580wp4N2aVbKXIXUtWC0DeT","file"
"SCANFI_spsCC_POPU_BAL_2020_v2_20260119.tif.aux.xml","SCANFI_v2/2020/SCANFI_spsCC_POPU_BAL_2020_v2_20260119.tif.aux.xml","https://object-arbutus.cloud.computecanada.ca/predictiveecology/SCANFI_v2/2020/SCANFI_spsCC_POPU_BAL_2020_v2_20260119.tif.aux.xml","1kmwc0n8zybELNRNUJ0ApQVms85b8jLXh","file"
"SCANFI_spsCC_POPU_BAL_2020_v2_20260119.tif.ovr","SCANFI_v2/2020/SCANFI_spsCC_POPU_BAL_2020_v2_20260119.tif.ovr","https://object-arbutus.cloud.computecanada.ca/predictiveecology/SCANFI_v2/2020/SCANFI_spsCC_POPU_BAL_2020_v2_20260119.tif.ovr","1LriScH4WWHUPA69R3imCvLM8ktvR_CiY","file"
"SCANFI_spsCC_POPU_GRA_2020_v2_20260119.tif","SCANFI_v2/2020/SCANFI_spsCC_POPU_GRA_2020_v2_20260119.tif","https://object-arbutus.cloud.computecanada.ca/predictiveecology/SCANFI_v2/2020/SCANFI_spsCC_POPU_GRA_2020_v2_20260119.tif","1Cwkip2l0YKDWLc_3wXZk3fkywIlQ4KT2","file"
"SCANFI_spsCC_POPU_GRA_2020_v2_20260119.tif.aux.xml","SCANFI_v2/2020/SCANFI_spsCC_POPU_GRA_2020_v2_20260119.tif.aux.xml","https://object-arbutus.cloud.computecanada.ca/predictiveecology/SCANFI_v2/2020/SCANFI_spsCC_POPU_GRA_2020_v2_20260119.tif.aux.xml","1fJbSwrt-b3cAtF9KF07U6m2gh8I47APz","file"
"SCANFI_spsCC_POPU_GRA_2020_v2_20260119.tif.ovr","SCANFI_v2/2020/SCANFI_spsCC_POPU_GRA_2020_v2_20260119.tif.ovr","https://object-arbutus.cloud.computecanada.ca/predictiveecology/SCANFI_v2/2020/SCANFI_spsCC_POPU_GRA_2020_v2_20260119.tif.ovr","1PaWcT9eeBtKmlqj5rDTaiOyzrAnH5PRI","file"
"SCANFI_spsCC_POPU_TRE_2020_v2_20260119.tif","SCANFI_v2/2020/SCANFI_spsCC_POPU_TRE_2020_v2_20260119.tif","https://object-arbutus.cloud.computecanada.ca/predictiveecology/SCANFI_v2/2020/SCANFI_spsCC_POPU_TRE_2020_v2_20260119.tif","1bL77d6A_TVcdVT-7gWQnhDly5FKr6cPo","file"
"SCANFI_spsCC_POPU_TRE_2020_v2_20260119.tif.aux.xml","SCANFI_v2/2020/SCANFI_spsCC_POPU_TRE_2020_v2_20260119.tif.aux.xml","https://object-arbutus.cloud.computecanada.ca/predictiveecology/SCANFI_v2/2020/SCANFI_spsCC_POPU_TRE_2020_v2_20260119.tif.aux.xml","1nXQvne6M-sX9yQG9R5_QvAopCq06IzNv","file"
"SCANFI_spsCC_POPU_TRE_2020_v2_20260119.tif.ovr","SCANFI_v2/2020/SCANFI_spsCC_POPU_TRE_2020_v2_20260119.tif.ovr","https://object-arbutus.cloud.computecanada.ca/predictiveecology/SCANFI_v2/2020/SCANFI_spsCC_POPU_TRE_2020_v2_20260119.tif.ovr","1wNjlCHscbqOX3WR51F8P1JDOo7dq2FVF","file"
"SCANFI_spsCC_prcB_other_2020_v2_20260119.tif","SCANFI_v2/2020/SCANFI_spsCC_prcB_other_2020_v2_20260119.tif","https://object-arbutus.cloud.computecanada.ca/predictiveecology/SCANFI_v2/2020/SCANFI_spsCC_prcB_other_2020_v2_20260119.tif","10i-iLG5yYQS_pYRO5VvVHB9pkFvKKkoR","file"
"SCANFI_spsCC_prcB_other_2020_v2_20260119.tif.aux.xml","SCANFI_v2/2020/SCANFI_spsCC_prcB_other_2020_v2_20260119.tif.aux.xml","https://object-arbutus.cloud.computecanada.ca/predictiveecology/SCANFI_v2/2020/SCANFI_spsCC_prcB_other_2020_v2_20260119.tif.aux.xml","1eLKaLVMfWUYmK67PnJngTa9RcHeH-Wga","file"
"SCANFI_spsCC_prcB_other_2020_v2_20260119.tif.ovr","SCANFI_v2/2020/SCANFI_spsCC_prcB_other_2020_v2_20260119.tif.ovr","https://object-arbutus.cloud.computecanada.ca/predictiveecology/SCANFI_v2/2020/SCANFI_spsCC_prcB_other_2020_v2_20260119.tif.ovr","1xTg37aLaFDFJB-sYuxqWmR5S1_Wz1e70","file"
"SCANFI_spsCC_prcC_other_2020_v2_20260119.tif","SCANFI_v2/2020/SCANFI_spsCC_prcC_other_2020_v2_20260119.tif","https://object-arbutus.cloud.computecanada.ca/predictiveecology/SCANFI_v2/2020/SCANFI_spsCC_prcC_other_2020_v2_20260119.tif","1Vcg8EfYWWvfp92EvU5rfOl3X0rkpUE2r","file"
"SCANFI_spsCC_prcC_other_2020_v2_20260119.tif.aux.xml","SCANFI_v2/2020/SCANFI_spsCC_prcC_other_2020_v2_20260119.tif.aux.xml","https://object-arbutus.cloud.computecanada.ca/predictiveecology/SCANFI_v2/2020/SCANFI_spsCC_prcC_other_2020_v2_20260119.tif.aux.xml","1N2DCivQScvpoWW0XMqgsufYtOJho7c92","file"
"SCANFI_spsCC_prcC_other_2020_v2_20260119.tif.ovr","SCANFI_v2/2020/SCANFI_spsCC_prcC_other_2020_v2_20260119.tif.ovr","https://object-arbutus.cloud.computecanada.ca/predictiveecology/SCANFI_v2/2020/SCANFI_spsCC_prcC_other_2020_v2_20260119.tif.ovr","1l7HnY8kB3j_x2xiJVIVFebdzwC6USxX4","file"
"SCANFI_spsCC_PSEU_MEN_2020_v2_20260119.tif","SCANFI_v2/2020/SCANFI_spsCC_PSEU_MEN_2020_v2_20260119.tif","https://object-arbutus.cloud.computecanada.ca/predictiveecology/SCANFI_v2/2020/SCANFI_spsCC_PSEU_MEN_2020_v2_20260119.tif","1zbmhoLb_eZOs9rtz9jxhdp6TyN_DsX9l","file"
"SCANFI_spsCC_PSEU_MEN_2020_v2_20260119.tif.aux.xml","SCANFI_v2/2020/SCANFI_spsCC_PSEU_MEN_2020_v2_20260119.tif.aux.xml","https://object-arbutus.cloud.computecanada.ca/predictiveecology/SCANFI_v2/2020/SCANFI_spsCC_PSEU_MEN_2020_v2_20260119.tif.aux.xml","1JYqgewX8YxOUqWvfFERi6syT22y7E98R","file"
"SCANFI_spsCC_PSEU_MEN_2020_v2_20260119.tif.ovr","SCANFI_v2/2020/SCANFI_spsCC_PSEU_MEN_2020_v2_20260119.tif.ovr","https://object-arbutus.cloud.computecanada.ca/predictiveecology/SCANFI_v2/2020/SCANFI_spsCC_PSEU_MEN_2020_v2_20260119.tif.ovr","1riTBEC6RPzOg1H0RW4fj6tOm28nr4xdy","file"
"SCANFI_spsCC_PSEU_MEN_GLA_2020_v2_20260119.tif","SCANFI_v2/2020/SCANFI_spsCC_PSEU_MEN_GLA_2020_v2_20260119.tif","https://object-arbutus.cloud.computecanada.ca/predictiveecology/SCANFI_v2/2020/SCANFI_spsCC_PSEU_MEN_GLA_2020_v2_20260119.tif","1uhrNblIk6x4vzrhZ_PFoikGTIa3HSfeu","file"
"SCANFI_spsCC_PSEU_MEN_GLA_2020_v2_20260119.tif.aux.xml","SCANFI_v2/2020/SCANFI_spsCC_PSEU_MEN_GLA_2020_v2_20260119.tif.aux.xml","https://object-arbutus.cloud.computecanada.ca/predictiveecology/SCANFI_v2/2020/SCANFI_spsCC_PSEU_MEN_GLA_2020_v2_20260119.tif.aux.xml","1es5Y-mwjC15u7KUbRnUAEwXryuLkjCF-","file"
"SCANFI_spsCC_PSEU_MEN_GLA_2020_v2_20260119.tif.ovr","SCANFI_v2/2020/SCANFI_spsCC_PSEU_MEN_GLA_2020_v2_20260119.tif.ovr","https://object-arbutus.cloud.computecanada.ca/predictiveecology/SCANFI_v2/2020/SCANFI_spsCC_PSEU_MEN_GLA_2020_v2_20260119.tif.ovr","19wJWWdvgWKGpnyQpezE8hxDd-x--Vsm8","file"
"SCANFI_spsCC_PSEU_MEN_MEN_2020_v2_20260119.tif","SCANFI_v2/2020/SCANFI_spsCC_PSEU_MEN_MEN_2020_v2_20260119.tif","https://object-arbutus.cloud.computecanada.ca/predictiveecology/SCANFI_v2/2020/SCANFI_spsCC_PSEU_MEN_MEN_2020_v2_20260119.tif","1oPG5DCjMo0I9fserSDqhDzuDlOQJeATi","file"
"SCANFI_spsCC_PSEU_MEN_MEN_2020_v2_20260119.tif.aux.xml","SCANFI_v2/2020/SCANFI_spsCC_PSEU_MEN_MEN_2020_v2_20260119.tif.aux.xml","https://object-arbutus.cloud.computecanada.ca/predictiveecology/SCANFI_v2/2020/SCANFI_spsCC_PSEU_MEN_MEN_2020_v2_20260119.tif.aux.xml","1tuGD1qKFEs3Hb-1XJSsRv2BJJebhR4WG","file"
"SCANFI_spsCC_PSEU_MEN_MEN_2020_v2_20260119.tif.ovr","SCANFI_v2/2020/SCANFI_spsCC_PSEU_MEN_MEN_2020_v2_20260119.tif.ovr","https://object-arbutus.cloud.computecanada.ca/predictiveecology/SCANFI_v2/2020/SCANFI_spsCC_PSEU_MEN_MEN_2020_v2_20260119.tif.ovr","1o3OGNe38z8uu5UulCK4FjUVrCRfJxLb-","file"
"SCANFI_spsCC_QUER_RUB_2020_v2_20260119.tif","SCANFI_v2/2020/SCANFI_spsCC_QUER_RUB_2020_v2_20260119.tif","https://object-arbutus.cloud.computecanada.ca/predictiveecology/SCANFI_v2/2020/SCANFI_spsCC_QUER_RUB_2020_v2_20260119.tif","1MIoUFqtUo2epFxf1Hzw1s4a7TpCmeZo_","file"
"SCANFI_spsCC_QUER_RUB_2020_v2_20260119.tif.aux.xml","SCANFI_v2/2020/SCANFI_spsCC_QUER_RUB_2020_v2_20260119.tif.aux.xml","https://object-arbutus.cloud.computecanada.ca/predictiveecology/SCANFI_v2/2020/SCANFI_spsCC_QUER_RUB_2020_v2_20260119.tif.aux.xml","1uQAF1SmMY2v64yEZQfubakz-n1epmLlA","file"
"SCANFI_spsCC_QUER_RUB_2020_v2_20260119.tif.ovr","SCANFI_v2/2020/SCANFI_spsCC_QUER_RUB_2020_v2_20260119.tif.ovr","https://object-arbutus.cloud.computecanada.ca/predictiveecology/SCANFI_v2/2020/SCANFI_spsCC_QUER_RUB_2020_v2_20260119.tif.ovr","1IzHoRHxAqwYVgLf62nK7uyHAFBki3a0F","file"
"SCANFI_spsCC_THUJ_OCC_2020_v2_20260119.tif","SCANFI_v2/2020/SCANFI_spsCC_THUJ_OCC_2020_v2_20260119.tif","https://object-arbutus.cloud.computecanada.ca/predictiveecology/SCANFI_v2/2020/SCANFI_spsCC_THUJ_OCC_2020_v2_20260119.tif","1OV0y_Z2AFJu9eAMiFS93UsZawlrFSrIC","file"
"SCANFI_spsCC_THUJ_OCC_2020_v2_20260119.tif.aux.xml","SCANFI_v2/2020/SCANFI_spsCC_THUJ_OCC_2020_v2_20260119.tif.aux.xml","https://object-arbutus.cloud.computecanada.ca/predictiveecology/SCANFI_v2/2020/SCANFI_spsCC_THUJ_OCC_2020_v2_20260119.tif.aux.xml","10vaAuPg2QOiMZQGYwrb6N9Sh_QQUxVHn","file"
"SCANFI_spsCC_THUJ_OCC_2020_v2_20260119.tif.ovr","SCANFI_v2/2020/SCANFI_spsCC_THUJ_OCC_2020_v2_20260119.tif.ovr","https://object-arbutus.cloud.computecanada.ca/predictiveecology/SCANFI_v2/2020/SCANFI_spsCC_THUJ_OCC_2020_v2_20260119.tif.ovr","1RNla5So8lDq8jjtRl4tXQmaGdukM8IRU","file"
"SCANFI_spsCC_THUJ_PLI_2020_v2_20260119.tif","SCANFI_v2/2020/SCANFI_spsCC_THUJ_PLI_2020_v2_20260119.tif","https://object-arbutus.cloud.computecanada.ca/predictiveecology/SCANFI_v2/2020/SCANFI_spsCC_THUJ_PLI_2020_v2_20260119.tif","1LGV3U_FIBZ9DUYYBWtk5FY_VA7ZiZFMe","file"
"SCANFI_spsCC_THUJ_PLI_2020_v2_20260119.tif.aux.xml","SCANFI_v2/2020/SCANFI_spsCC_THUJ_PLI_2020_v2_20260119.tif.aux.xml","https://object-arbutus.cloud.computecanada.ca/predictiveecology/SCANFI_v2/2020/SCANFI_spsCC_THUJ_PLI_2020_v2_20260119.tif.aux.xml","1-V3hc-_HNEkgyAJEcAipSNHk609dRSvH","file"
"SCANFI_spsCC_THUJ_PLI_2020_v2_20260119.tif.ovr","SCANFI_v2/2020/SCANFI_spsCC_THUJ_PLI_2020_v2_20260119.tif.ovr","https://object-arbutus.cloud.computecanada.ca/predictiveecology/SCANFI_v2/2020/SCANFI_spsCC_THUJ_PLI_2020_v2_20260119.tif.ovr","1zVpCFijpmAPCDhr_PKMs_yT3Kyzn4aIv","file"
"SCANFI_spsCC_TSUG_CAN_2020_v2_20260119.tif","SCANFI_v2/2020/SCANFI_spsCC_TSUG_CAN_2020_v2_20260119.tif","https://object-arbutus.cloud.computecanada.ca/predictiveecology/SCANFI_v2/2020/SCANFI_spsCC_TSUG_CAN_2020_v2_20260119.tif","1fbbT62pmXelH8H2KoTIyEud0K3kphKCs","file"
"SCANFI_spsCC_TSUG_CAN_2020_v2_20260119.tif.aux.xml","SCANFI_v2/2020/SCANFI_spsCC_TSUG_CAN_2020_v2_20260119.tif.aux.xml","https://object-arbutus.cloud.computecanada.ca/predictiveecology/SCANFI_v2/2020/SCANFI_spsCC_TSUG_CAN_2020_v2_20260119.tif.aux.xml","1rKb7ZdATZsQK-Eqt5HbArwn4oyo8exj9","file"
"SCANFI_spsCC_TSUG_CAN_2020_v2_20260119.tif.ovr","SCANFI_v2/2020/SCANFI_spsCC_TSUG_CAN_2020_v2_20260119.tif.ovr","https://object-arbutus.cloud.computecanada.ca/predictiveecology/SCANFI_v2/2020/SCANFI_spsCC_TSUG_CAN_2020_v2_20260119.tif.ovr","1T0YGeNHFC-Oh1HhCY6D9pQd0vMNIkCUU","file"
"SCANFI_spsCC_TSUG_HET_2020_v2_20260119.tif","SCANFI_v2/2020/SCANFI_spsCC_TSUG_HET_2020_v2_20260119.tif","https://object-arbutus.cloud.computecanada.ca/predictiveecology/SCANFI_v2/2020/SCANFI_spsCC_TSUG_HET_2020_v2_20260119.tif","1TzYUN8yzxLaN-VN4JXXz1WhLLN9x3agm","file"
"SCANFI_spsCC_TSUG_HET_2020_v2_20260119.tif.aux.xml","SCANFI_v2/2020/SCANFI_spsCC_TSUG_HET_2020_v2_20260119.tif.aux.xml","https://object-arbutus.cloud.computecanada.ca/predictiveecology/SCANFI_v2/2020/SCANFI_spsCC_TSUG_HET_2020_v2_20260119.tif.aux.xml","1TzbhcfKvV31znOaYnCltnhSZalxRfIkO","file"
"SCANFI_spsCC_TSUG_HET_2020_v2_20260119.tif.ovr","SCANFI_v2/2020/SCANFI_spsCC_TSUG_HET_2020_v2_20260119.tif.ovr","https://object-arbutus.cloud.computecanada.ca/predictiveecology/SCANFI_v2/2020/SCANFI_spsCC_TSUG_HET_2020_v2_20260119.tif.ovr","1stL9EO5VQ7plVtjV_IOqH5exGb44NuD4","file"
"SCANFI_spsCC_TSUG_MER_2020_v2_20260119.tif","SCANFI_v2/2020/SCANFI_spsCC_TSUG_MER_2020_v2_20260119.tif","https://object-arbutus.cloud.computecanada.ca/predictiveecology/SCANFI_v2/2020/SCANFI_spsCC_TSUG_MER_2020_v2_20260119.tif","1Xtkdfxoo45Z_dmtdbDfnUcrU1VXhDBtW","file"
"SCANFI_spsCC_TSUG_MER_2020_v2_20260119.tif.aux.xml","SCANFI_v2/2020/SCANFI_spsCC_TSUG_MER_2020_v2_20260119.tif.aux.xml","https://object-arbutus.cloud.computecanada.ca/predictiveecology/SCANFI_v2/2020/SCANFI_spsCC_TSUG_MER_2020_v2_20260119.tif.aux.xml","1YRysdR3hO74IML8xxUeUi_sL8itA7mDH","file"
"SCANFI_spsCC_TSUG_MER_2020_v2_20260119.tif.ovr","SCANFI_v2/2020/SCANFI_spsCC_TSUG_MER_2020_v2_20260119.tif.ovr","https://object-arbutus.cloud.computecanada.ca/predictiveecology/SCANFI_v2/2020/SCANFI_spsCC_TSUG_MER_2020_v2_20260119.tif.ovr","1xeKg8_0KVIzgSRjkojp53X_oAzXfXE64","file"
"SCANFI_age_median_2025_v2_20260119.tif","SCANFI_v2/2025/SCANFI_age_median_2025_v2_20260119.tif","https://object-arbutus.cloud.computecanada.ca/predictiveecology/SCANFI_v2/2025/SCANFI_age_median_2025_v2_20260119.tif","1mM2z-_sjt9HGv1JQIt2VZkhW_HrldhgT","file"
"SCANFI_att_biomass_2025_v2_20260119.tif","SCANFI_v2/2025/SCANFI_att_biomass_2025_v2_20260119.tif","https://object-arbutus.cloud.computecanada.ca/predictiveecology/SCANFI_v2/2025/SCANFI_att_biomass_2025_v2_20260119.tif","12MFxY0F9go8zDXNpNsx8UvQUo4cnTdE0","file"
"SCANFI_att_closure_2025_v2_20260119.tif","SCANFI_v2/2025/SCANFI_att_closure_2025_v2_20260119.tif","https://object-arbutus.cloud.computecanada.ca/predictiveecology/SCANFI_v2/2025/SCANFI_att_closure_2025_v2_20260119.tif","1jDsWKdB5I6e3ELrssKvzc7IqnRJo6-jY","file"
"SCANFI_att_height_2025_v2_20260119.tif","SCANFI_v2/2025/SCANFI_att_height_2025_v2_20260119.tif","https://object-arbutus.cloud.computecanada.ca/predictiveecology/SCANFI_v2/2025/SCANFI_att_height_2025_v2_20260119.tif","1rzdbJppv_exhGaHqEqNXPoUkyIhpKlPY","file"
"SCANFI_att_nfiLandcover_2025_v2_20260119.tif","SCANFI_v2/2025/SCANFI_att_nfiLandcover_2025_v2_20260119.tif","https://object-arbutus.cloud.computecanada.ca/predictiveecology/SCANFI_v2/2025/SCANFI_att_nfiLandcover_2025_v2_20260119.tif","1cw7yMTGX-t4B4OMhKpdHbYnj2Vjvnvpz","file"
"SCANFI_att_nfiLandcover_CanadaLCCclassCodes_2025_v2_20260119.tif","SCANFI_v2/2025/SCANFI_att_nfiLandcover_CanadaLCCclassCodes_2025_v2_20260119.tif","https://object-arbutus.cloud.computecanada.ca/predictiveecology/SCANFI_v2/2025/SCANFI_att_nfiLandcover_CanadaLCCclassCodes_2025_v2_20260119.tif","1eb1zEWC3VRycA_aRzTB2ODhWDLZis-YG","file"
"SCANFI_spsCC_ABIE_AMA_2025_v2_20260119.tif","SCANFI_v2/2025/SCANFI_spsCC_ABIE_AMA_2025_v2_20260119.tif","https://object-arbutus.cloud.computecanada.ca/predictiveecology/SCANFI_v2/2025/SCANFI_spsCC_ABIE_AMA_2025_v2_20260119.tif","1ItRvS5q_bYZvWGliYnXmmrtPSCHfxrhr","file"
"SCANFI_spsCC_ABIE_AMA_2025_v2_20260119.tif.aux.xml","SCANFI_v2/2025/SCANFI_spsCC_ABIE_AMA_2025_v2_20260119.tif.aux.xml","https://object-arbutus.cloud.computecanada.ca/predictiveecology/SCANFI_v2/2025/SCANFI_spsCC_ABIE_AMA_2025_v2_20260119.tif.aux.xml","1-N7cLcksrcZU6_rJ7fhGoU0t5m1Ouz1z","file"
"SCANFI_spsCC_ABIE_AMA_2025_v2_20260119.tif.ovr","SCANFI_v2/2025/SCANFI_spsCC_ABIE_AMA_2025_v2_20260119.tif.ovr","https://object-arbutus.cloud.computecanada.ca/predictiveecology/SCANFI_v2/2025/SCANFI_spsCC_ABIE_AMA_2025_v2_20260119.tif.ovr","1hVvtDNIvrH84sEMmmFArsnMfL3JbRcA5","file"
"SCANFI_spsCC_ABIE_BAL_2025_v2_20260119.tif","SCANFI_v2/2025/SCANFI_spsCC_ABIE_BAL_2025_v2_20260119.tif","https://object-arbutus.cloud.computecanada.ca/predictiveecology/SCANFI_v2/2025/SCANFI_spsCC_ABIE_BAL_2025_v2_20260119.tif","1tJjhlUGOGmG9nx0sr0wZsBoOEK2h2ak5","file"
"SCANFI_spsCC_ABIE_BAL_2025_v2_20260119.tif.aux.xml","SCANFI_v2/2025/SCANFI_spsCC_ABIE_BAL_2025_v2_20260119.tif.aux.xml","https://object-arbutus.cloud.computecanada.ca/predictiveecology/SCANFI_v2/2025/SCANFI_spsCC_ABIE_BAL_2025_v2_20260119.tif.aux.xml","1yaJVnDCA37gkKVDCdjOp33GxMgLuxoHo","file"
"SCANFI_spsCC_ABIE_BAL_2025_v2_20260119.tif.ovr","SCANFI_v2/2025/SCANFI_spsCC_ABIE_BAL_2025_v2_20260119.tif.ovr","https://object-arbutus.cloud.computecanada.ca/predictiveecology/SCANFI_v2/2025/SCANFI_spsCC_ABIE_BAL_2025_v2_20260119.tif.ovr","1gJvjDx-K5Ya3PVEq60VNdL_HRh-V-uxi","file"
"SCANFI_spsCC_ABIE_LAS_2025_v2_20260119.tif","SCANFI_v2/2025/SCANFI_spsCC_ABIE_LAS_2025_v2_20260119.tif","https://object-arbutus.cloud.computecanada.ca/predictiveecology/SCANFI_v2/2025/SCANFI_spsCC_ABIE_LAS_2025_v2_20260119.tif","1j0oGDe4cQIhPiJuFN2coiBx0uDytnPHi","file"
"SCANFI_spsCC_ABIE_LAS_2025_v2_20260119.tif.aux.xml","SCANFI_v2/2025/SCANFI_spsCC_ABIE_LAS_2025_v2_20260119.tif.aux.xml","https://object-arbutus.cloud.computecanada.ca/predictiveecology/SCANFI_v2/2025/SCANFI_spsCC_ABIE_LAS_2025_v2_20260119.tif.aux.xml","1927yV7xGZlTgcytWgAXrxiOx1zghShfD","file"
"SCANFI_spsCC_ABIE_LAS_2025_v2_20260119.tif.ovr","SCANFI_v2/2025/SCANFI_spsCC_ABIE_LAS_2025_v2_20260119.tif.ovr","https://object-arbutus.cloud.computecanada.ca/predictiveecology/SCANFI_v2/2025/SCANFI_spsCC_ABIE_LAS_2025_v2_20260119.tif.ovr","1llFVwlNxYiRFmbxE5MBEdE5yNPrDHQvC","file"
"SCANFI_spsCC_ACER_RUB_2025_v2_20260119.tif","SCANFI_v2/2025/SCANFI_spsCC_ACER_RUB_2025_v2_20260119.tif","https://object-arbutus.cloud.computecanada.ca/predictiveecology/SCANFI_v2/2025/SCANFI_spsCC_ACER_RUB_2025_v2_20260119.tif","1xvfaBhssp3YNkXsr8nNC7bMtkBayTzKA","file"
"SCANFI_spsCC_ACER_RUB_2025_v2_20260119.tif.aux.xml","SCANFI_v2/2025/SCANFI_spsCC_ACER_RUB_2025_v2_20260119.tif.aux.xml","https://object-arbutus.cloud.computecanada.ca/predictiveecology/SCANFI_v2/2025/SCANFI_spsCC_ACER_RUB_2025_v2_20260119.tif.aux.xml","1fT62CKT-CiQidS0d8vvaG-6rDzLpMQhn","file"
"SCANFI_spsCC_ACER_RUB_2025_v2_20260119.tif.ovr","SCANFI_v2/2025/SCANFI_spsCC_ACER_RUB_2025_v2_20260119.tif.ovr","https://object-arbutus.cloud.computecanada.ca/predictiveecology/SCANFI_v2/2025/SCANFI_spsCC_ACER_RUB_2025_v2_20260119.tif.ovr","1RQiioIzCAYlBsuIxC3ry47r7SGqBjQjj","file"
"SCANFI_spsCC_ACER_SAH_2025_v2_20260119.tif","SCANFI_v2/2025/SCANFI_spsCC_ACER_SAH_2025_v2_20260119.tif","https://object-arbutus.cloud.computecanada.ca/predictiveecology/SCANFI_v2/2025/SCANFI_spsCC_ACER_SAH_2025_v2_20260119.tif","1DRWT4gxpbZUUjmKFwRGyTOjk1znY2wtt","file"
"SCANFI_spsCC_ACER_SAH_2025_v2_20260119.tif.aux.xml","SCANFI_v2/2025/SCANFI_spsCC_ACER_SAH_2025_v2_20260119.tif.aux.xml","https://object-arbutus.cloud.computecanada.ca/predictiveecology/SCANFI_v2/2025/SCANFI_spsCC_ACER_SAH_2025_v2_20260119.tif.aux.xml","12jcBrSd0yRwvnexm_YbILHu5PRrfY84R","file"
"SCANFI_spsCC_ACER_SAH_2025_v2_20260119.tif.ovr","SCANFI_v2/2025/SCANFI_spsCC_ACER_SAH_2025_v2_20260119.tif.ovr","https://object-arbutus.cloud.computecanada.ca/predictiveecology/SCANFI_v2/2025/SCANFI_spsCC_ACER_SAH_2025_v2_20260119.tif.ovr","12cfehGPKNVPdL-PDJlvUXba0kIyTgC15","file"
"SCANFI_spsCC_ALNU_RUB_2025_v2_20260119.tif","SCANFI_v2/2025/SCANFI_spsCC_ALNU_RUB_2025_v2_20260119.tif","https://object-arbutus.cloud.computecanada.ca/predictiveecology/SCANFI_v2/2025/SCANFI_spsCC_ALNU_RUB_2025_v2_20260119.tif","1kIEQuBjpJwzKxVeOrNxfagqgHr7fd7IG","file"
"SCANFI_spsCC_ALNU_RUB_2025_v2_20260119.tif.aux.xml","SCANFI_v2/2025/SCANFI_spsCC_ALNU_RUB_2025_v2_20260119.tif.aux.xml","https://object-arbutus.cloud.computecanada.ca/predictiveecology/SCANFI_v2/2025/SCANFI_spsCC_ALNU_RUB_2025_v2_20260119.tif.aux.xml","1S8XakZUrpqfKktUpSwAH3yfTl04YO0Q-","file"
"SCANFI_spsCC_ALNU_RUB_2025_v2_20260119.tif.ovr","SCANFI_v2/2025/SCANFI_spsCC_ALNU_RUB_2025_v2_20260119.tif.ovr","https://object-arbutus.cloud.computecanada.ca/predictiveecology/SCANFI_v2/2025/SCANFI_spsCC_ALNU_RUB_2025_v2_20260119.tif.ovr","1VOfOUPAHDJI2rN_wVXevETUmtq-i-Q9b","file"
"SCANFI_spsCC_BETU_ALL_2025_v2_20260119.tif","SCANFI_v2/2025/SCANFI_spsCC_BETU_ALL_2025_v2_20260119.tif","https://object-arbutus.cloud.computecanada.ca/predictiveecology/SCANFI_v2/2025/SCANFI_spsCC_BETU_ALL_2025_v2_20260119.tif","14bgwzC5WQABzuBsechaIys_jWcrT2O4D","file"
"SCANFI_spsCC_BETU_ALL_2025_v2_20260119.tif.aux.xml","SCANFI_v2/2025/SCANFI_spsCC_BETU_ALL_2025_v2_20260119.tif.aux.xml","https://object-arbutus.cloud.computecanada.ca/predictiveecology/SCANFI_v2/2025/SCANFI_spsCC_BETU_ALL_2025_v2_20260119.tif.aux.xml","1xXWXjrMzm2_8M8C2GipQnga-xsFXKxAt","file"
"SCANFI_spsCC_BETU_ALL_2025_v2_20260119.tif.ovr","SCANFI_v2/2025/SCANFI_spsCC_BETU_ALL_2025_v2_20260119.tif.ovr","https://object-arbutus.cloud.computecanada.ca/predictiveecology/SCANFI_v2/2025/SCANFI_spsCC_BETU_ALL_2025_v2_20260119.tif.ovr","1kNqYGp8RuH4A6vB_-BKs9XjdXKGN5uVC","file"
"SCANFI_spsCC_BETU_PAP_2025_v2_20260119.tif","SCANFI_v2/2025/SCANFI_spsCC_BETU_PAP_2025_v2_20260119.tif","https://object-arbutus.cloud.computecanada.ca/predictiveecology/SCANFI_v2/2025/SCANFI_spsCC_BETU_PAP_2025_v2_20260119.tif","1cJVXlTIRU6VidJLVrtuQ1mrJ67ER61NJ","file"
"SCANFI_spsCC_BETU_PAP_2025_v2_20260119.tif.aux.xml","SCANFI_v2/2025/SCANFI_spsCC_BETU_PAP_2025_v2_20260119.tif.aux.xml","https://object-arbutus.cloud.computecanada.ca/predictiveecology/SCANFI_v2/2025/SCANFI_spsCC_BETU_PAP_2025_v2_20260119.tif.aux.xml","1DbuZ2VzABqED8InO7Yh-yDe7gGbLzU6y","file"
"SCANFI_spsCC_BETU_PAP_2025_v2_20260119.tif.ovr","SCANFI_v2/2025/SCANFI_spsCC_BETU_PAP_2025_v2_20260119.tif.ovr","https://object-arbutus.cloud.computecanada.ca/predictiveecology/SCANFI_v2/2025/SCANFI_spsCC_BETU_PAP_2025_v2_20260119.tif.ovr","1aEt3vPMA62NAvv7zHBQgiG-6PIuqkQet","file"
"SCANFI_spsCC_CHAM_NOO_2025_v2_20260119.tif","SCANFI_v2/2025/SCANFI_spsCC_CHAM_NOO_2025_v2_20260119.tif","https://object-arbutus.cloud.computecanada.ca/predictiveecology/SCANFI_v2/2025/SCANFI_spsCC_CHAM_NOO_2025_v2_20260119.tif","19FzBnRQEXyskeru9KJfyhbqvHAFhYV8O","file"
"SCANFI_spsCC_CHAM_NOO_2025_v2_20260119.tif.aux.xml","SCANFI_v2/2025/SCANFI_spsCC_CHAM_NOO_2025_v2_20260119.tif.aux.xml","https://object-arbutus.cloud.computecanada.ca/predictiveecology/SCANFI_v2/2025/SCANFI_spsCC_CHAM_NOO_2025_v2_20260119.tif.aux.xml","1WLs9QXERdQ0qQO0ZCpIwZl6a2aSpoD2R","file"
"SCANFI_spsCC_CHAM_NOO_2025_v2_20260119.tif.ovr","SCANFI_v2/2025/SCANFI_spsCC_CHAM_NOO_2025_v2_20260119.tif.ovr","https://object-arbutus.cloud.computecanada.ca/predictiveecology/SCANFI_v2/2025/SCANFI_spsCC_CHAM_NOO_2025_v2_20260119.tif.ovr","1uE9DLQrYQ_qKceLgNbZBMDt1Lj3wvgwT","file"
"SCANFI_spsCC_FAGU_GRA_2025_v2_20260119.tif","SCANFI_v2/2025/SCANFI_spsCC_FAGU_GRA_2025_v2_20260119.tif","https://object-arbutus.cloud.computecanada.ca/predictiveecology/SCANFI_v2/2025/SCANFI_spsCC_FAGU_GRA_2025_v2_20260119.tif","1GRIHllv9PhSiJ72zm0s3VxHeHn75Krav","file"
"SCANFI_spsCC_FAGU_GRA_2025_v2_20260119.tif.aux.xml","SCANFI_v2/2025/SCANFI_spsCC_FAGU_GRA_2025_v2_20260119.tif.aux.xml","https://object-arbutus.cloud.computecanada.ca/predictiveecology/SCANFI_v2/2025/SCANFI_spsCC_FAGU_GRA_2025_v2_20260119.tif.aux.xml","1MlTGTrvd4EI2vw3kjp3-jBZia4BVYXB2","file"
"SCANFI_spsCC_FAGU_GRA_2025_v2_20260119.tif.ovr","SCANFI_v2/2025/SCANFI_spsCC_FAGU_GRA_2025_v2_20260119.tif.ovr","https://object-arbutus.cloud.computecanada.ca/predictiveecology/SCANFI_v2/2025/SCANFI_spsCC_FAGU_GRA_2025_v2_20260119.tif.ovr","1xMJZInLtKs6FnmWSssddk67tSoej8K6G","file"
"SCANFI_spsCC_FRAX_AME_2025_v2_20260119.tif","SCANFI_v2/2025/SCANFI_spsCC_FRAX_AME_2025_v2_20260119.tif","https://object-arbutus.cloud.computecanada.ca/predictiveecology/SCANFI_v2/2025/SCANFI_spsCC_FRAX_AME_2025_v2_20260119.tif","1WHpO5rSvihntziwAT9gwyFUEEuMMK1ZH","file"
"SCANFI_spsCC_FRAX_AME_2025_v2_20260119.tif.aux.xml","SCANFI_v2/2025/SCANFI_spsCC_FRAX_AME_2025_v2_20260119.tif.aux.xml","https://object-arbutus.cloud.computecanada.ca/predictiveecology/SCANFI_v2/2025/SCANFI_spsCC_FRAX_AME_2025_v2_20260119.tif.aux.xml","1S5VJEXo9dcbpMeFqe3uP9Hx-yoONNQ3m","file"
"SCANFI_spsCC_FRAX_AME_2025_v2_20260119.tif.ovr","SCANFI_v2/2025/SCANFI_spsCC_FRAX_AME_2025_v2_20260119.tif.ovr","https://object-arbutus.cloud.computecanada.ca/predictiveecology/SCANFI_v2/2025/SCANFI_spsCC_FRAX_AME_2025_v2_20260119.tif.ovr","1R1xQnCrV6BAj5vgddFe4MHOYTOWBkGOE","file"
"SCANFI_spsCC_LARI_LAR_2025_v2_20260119.tif","SCANFI_v2/2025/SCANFI_spsCC_LARI_LAR_2025_v2_20260119.tif","https://object-arbutus.cloud.computecanada.ca/predictiveecology/SCANFI_v2/2025/SCANFI_spsCC_LARI_LAR_2025_v2_20260119.tif","1kgnNfMoXtDKaxt-_1b0ctNhLuKk0xmLS","file"
"SCANFI_spsCC_LARI_LAR_2025_v2_20260119.tif.aux.xml","SCANFI_v2/2025/SCANFI_spsCC_LARI_LAR_2025_v2_20260119.tif.aux.xml","https://object-arbutus.cloud.computecanada.ca/predictiveecology/SCANFI_v2/2025/SCANFI_spsCC_LARI_LAR_2025_v2_20260119.tif.aux.xml","157Hg4AWOk_eRLOlaIPcQ6kPOjd0wcYh5","file"
"SCANFI_spsCC_LARI_LAR_2025_v2_20260119.tif.ovr","SCANFI_v2/2025/SCANFI_spsCC_LARI_LAR_2025_v2_20260119.tif.ovr","https://object-arbutus.cloud.computecanada.ca/predictiveecology/SCANFI_v2/2025/SCANFI_spsCC_LARI_LAR_2025_v2_20260119.tif.ovr","1Hxs6nkyGKZgsMX4h_IworvIBz0E_YMno","file"
"SCANFI_spsCC_LARI_OCC_2025_v2_20260119.tif","SCANFI_v2/2025/SCANFI_spsCC_LARI_OCC_2025_v2_20260119.tif","https://object-arbutus.cloud.computecanada.ca/predictiveecology/SCANFI_v2/2025/SCANFI_spsCC_LARI_OCC_2025_v2_20260119.tif","1mKcNXdTjNSDVO5OJ_fOpJIFWmL9_yxae","file"
"SCANFI_spsCC_LARI_OCC_2025_v2_20260119.tif.aux.xml","SCANFI_v2/2025/SCANFI_spsCC_LARI_OCC_2025_v2_20260119.tif.aux.xml","https://object-arbutus.cloud.computecanada.ca/predictiveecology/SCANFI_v2/2025/SCANFI_spsCC_LARI_OCC_2025_v2_20260119.tif.aux.xml","1kEZiEFq2JjHpadzQPOt_OpzQUi_ZAaK6","file"
"SCANFI_spsCC_LARI_OCC_2025_v2_20260119.tif.ovr","SCANFI_v2/2025/SCANFI_spsCC_LARI_OCC_2025_v2_20260119.tif.ovr","https://object-arbutus.cloud.computecanada.ca/predictiveecology/SCANFI_v2/2025/SCANFI_spsCC_LARI_OCC_2025_v2_20260119.tif.ovr","1LxoVx5gntjPXBhit8YLfTwCrbIc6enc7","file"
"SCANFI_spsCC_PICE_ENG_2025_v2_20260119.tif","SCANFI_v2/2025/SCANFI_spsCC_PICE_ENG_2025_v2_20260119.tif","https://object-arbutus.cloud.computecanada.ca/predictiveecology/SCANFI_v2/2025/SCANFI_spsCC_PICE_ENG_2025_v2_20260119.tif","1bWhzVPFxj2Y59EMJXPJ_wuFEfuM7TgUg","file"
"SCANFI_spsCC_PICE_ENG_2025_v2_20260119.tif.aux.xml","SCANFI_v2/2025/SCANFI_spsCC_PICE_ENG_2025_v2_20260119.tif.aux.xml","https://object-arbutus.cloud.computecanada.ca/predictiveecology/SCANFI_v2/2025/SCANFI_spsCC_PICE_ENG_2025_v2_20260119.tif.aux.xml","1NoNwY1Cgm8F_UATYApZm39KVDMUtBK1N","file"
"SCANFI_spsCC_PICE_ENG_2025_v2_20260119.tif.ovr","SCANFI_v2/2025/SCANFI_spsCC_PICE_ENG_2025_v2_20260119.tif.ovr","https://object-arbutus.cloud.computecanada.ca/predictiveecology/SCANFI_v2/2025/SCANFI_spsCC_PICE_ENG_2025_v2_20260119.tif.ovr","1rzdxWZOcL6K95LWhH5tX5rorgEy4IciL","file"
"SCANFI_spsCC_PICE_ENG_GLA_2025_v2_20260119.tif","SCANFI_v2/2025/SCANFI_spsCC_PICE_ENG_GLA_2025_v2_20260119.tif","https://object-arbutus.cloud.computecanada.ca/predictiveecology/SCANFI_v2/2025/SCANFI_spsCC_PICE_ENG_GLA_2025_v2_20260119.tif","15ggPnPjBu_9nANO1mdAmWjJGXO37kULF","file"
"SCANFI_spsCC_PICE_ENG_GLA_2025_v2_20260119.tif.aux.xml","SCANFI_v2/2025/SCANFI_spsCC_PICE_ENG_GLA_2025_v2_20260119.tif.aux.xml","https://object-arbutus.cloud.computecanada.ca/predictiveecology/SCANFI_v2/2025/SCANFI_spsCC_PICE_ENG_GLA_2025_v2_20260119.tif.aux.xml","1HthfNLTrWAhZ2COD6Qp69RFnY4Ceg1fW","file"
"SCANFI_spsCC_PICE_ENG_GLA_2025_v2_20260119.tif.ovr","SCANFI_v2/2025/SCANFI_spsCC_PICE_ENG_GLA_2025_v2_20260119.tif.ovr","https://object-arbutus.cloud.computecanada.ca/predictiveecology/SCANFI_v2/2025/SCANFI_spsCC_PICE_ENG_GLA_2025_v2_20260119.tif.ovr","1J4F6RuD8fEpX6WmCzFW1hTe3cpnhoqOh","file"
"SCANFI_spsCC_PICE_GLA_2025_v2_20260119.tif","SCANFI_v2/2025/SCANFI_spsCC_PICE_GLA_2025_v2_20260119.tif","https://object-arbutus.cloud.computecanada.ca/predictiveecology/SCANFI_v2/2025/SCANFI_spsCC_PICE_GLA_2025_v2_20260119.tif","1TINX_fqiKWuZkA4jF2Tyo3UzDIt67x6d","file"
"SCANFI_spsCC_PICE_GLA_2025_v2_20260119.tif.aux.xml","SCANFI_v2/2025/SCANFI_spsCC_PICE_GLA_2025_v2_20260119.tif.aux.xml","https://object-arbutus.cloud.computecanada.ca/predictiveecology/SCANFI_v2/2025/SCANFI_spsCC_PICE_GLA_2025_v2_20260119.tif.aux.xml","1aV7AretbJX7ldBrvLdB7CgAXqOVCRpl4","file"
"SCANFI_spsCC_PICE_GLA_2025_v2_20260119.tif.ovr","SCANFI_v2/2025/SCANFI_spsCC_PICE_GLA_2025_v2_20260119.tif.ovr","https://object-arbutus.cloud.computecanada.ca/predictiveecology/SCANFI_v2/2025/SCANFI_spsCC_PICE_GLA_2025_v2_20260119.tif.ovr","18LP8t309tQsQgmAB3OOVwX6sZY8h4kOY","file"
"SCANFI_spsCC_PICE_MAR_2025_v2_20260119.tif","SCANFI_v2/2025/SCANFI_spsCC_PICE_MAR_2025_v2_20260119.tif","https://object-arbutus.cloud.computecanada.ca/predictiveecology/SCANFI_v2/2025/SCANFI_spsCC_PICE_MAR_2025_v2_20260119.tif","1kKspOh25MXBIqE_xNqXRYvumXr3tZwAN","file"
"SCANFI_spsCC_PICE_MAR_2025_v2_20260119.tif.aux.xml","SCANFI_v2/2025/SCANFI_spsCC_PICE_MAR_2025_v2_20260119.tif.aux.xml","https://object-arbutus.cloud.computecanada.ca/predictiveecology/SCANFI_v2/2025/SCANFI_spsCC_PICE_MAR_2025_v2_20260119.tif.aux.xml","1BuL_Dx1zEoIQEJ-LmPf6fW7HwVoduxOk","file"
"SCANFI_spsCC_PICE_MAR_2025_v2_20260119.tif.ovr","SCANFI_v2/2025/SCANFI_spsCC_PICE_MAR_2025_v2_20260119.tif.ovr","https://object-arbutus.cloud.computecanada.ca/predictiveecology/SCANFI_v2/2025/SCANFI_spsCC_PICE_MAR_2025_v2_20260119.tif.ovr","1HhzbTXQVnrLjGEILLlOYohhtZb4xAF4n","file"
"SCANFI_spsCC_PICE_RUB_2025_v2_20260119.tif","SCANFI_v2/2025/SCANFI_spsCC_PICE_RUB_2025_v2_20260119.tif","https://object-arbutus.cloud.computecanada.ca/predictiveecology/SCANFI_v2/2025/SCANFI_spsCC_PICE_RUB_2025_v2_20260119.tif","1aYsf4Rp3qEtNiEiNupfnIJ5K9UErRTrH","file"
"SCANFI_spsCC_PICE_RUB_2025_v2_20260119.tif.aux.xml","SCANFI_v2/2025/SCANFI_spsCC_PICE_RUB_2025_v2_20260119.tif.aux.xml","https://object-arbutus.cloud.computecanada.ca/predictiveecology/SCANFI_v2/2025/SCANFI_spsCC_PICE_RUB_2025_v2_20260119.tif.aux.xml","1IrwMKadtGwNmj10Pto1kSCmPZ-0723JI","file"
"SCANFI_spsCC_PICE_RUB_2025_v2_20260119.tif.ovr","SCANFI_v2/2025/SCANFI_spsCC_PICE_RUB_2025_v2_20260119.tif.ovr","https://object-arbutus.cloud.computecanada.ca/predictiveecology/SCANFI_v2/2025/SCANFI_spsCC_PICE_RUB_2025_v2_20260119.tif.ovr","1xlTamUSptiuBTmTSZ7qfCftK0Bs0L5nF","file"
"SCANFI_spsCC_PICE_SIT_2025_v2_20260119.tif","SCANFI_v2/2025/SCANFI_spsCC_PICE_SIT_2025_v2_20260119.tif","https://object-arbutus.cloud.computecanada.ca/predictiveecology/SCANFI_v2/2025/SCANFI_spsCC_PICE_SIT_2025_v2_20260119.tif","1OKKIbBpf7vkf0vrj5zJLqXt6LfYAlPe6","file"
"SCANFI_spsCC_PICE_SIT_2025_v2_20260119.tif.aux.xml","SCANFI_v2/2025/SCANFI_spsCC_PICE_SIT_2025_v2_20260119.tif.aux.xml","https://object-arbutus.cloud.computecanada.ca/predictiveecology/SCANFI_v2/2025/SCANFI_spsCC_PICE_SIT_2025_v2_20260119.tif.aux.xml","1b4meb0P-9LbRxem65uLWOBgRDvJoAiQ0","file"
"SCANFI_spsCC_PICE_SIT_2025_v2_20260119.tif.ovr","SCANFI_v2/2025/SCANFI_spsCC_PICE_SIT_2025_v2_20260119.tif.ovr","https://object-arbutus.cloud.computecanada.ca/predictiveecology/SCANFI_v2/2025/SCANFI_spsCC_PICE_SIT_2025_v2_20260119.tif.ovr","1dt9_EXyI9vFhlb61mjJ0J5Awp4BkdTe6","file"
"SCANFI_spsCC_PINU_BAN_2025_v2_20260119.tif","SCANFI_v2/2025/SCANFI_spsCC_PINU_BAN_2025_v2_20260119.tif","https://object-arbutus.cloud.computecanada.ca/predictiveecology/SCANFI_v2/2025/SCANFI_spsCC_PINU_BAN_2025_v2_20260119.tif","1SBcjqYEQ-UpzOV7BhasGAIc8X_PByWa7","file"
"SCANFI_spsCC_PINU_BAN_2025_v2_20260119.tif.aux.xml","SCANFI_v2/2025/SCANFI_spsCC_PINU_BAN_2025_v2_20260119.tif.aux.xml","https://object-arbutus.cloud.computecanada.ca/predictiveecology/SCANFI_v2/2025/SCANFI_spsCC_PINU_BAN_2025_v2_20260119.tif.aux.xml","1e3aoTWKbgEayZQn_yH-tqtnY_kWdzh-a","file"
"SCANFI_spsCC_PINU_BAN_2025_v2_20260119.tif.ovr","SCANFI_v2/2025/SCANFI_spsCC_PINU_BAN_2025_v2_20260119.tif.ovr","https://object-arbutus.cloud.computecanada.ca/predictiveecology/SCANFI_v2/2025/SCANFI_spsCC_PINU_BAN_2025_v2_20260119.tif.ovr","1dy10K03R3iAK5FTlArNACV13UL-g74MF","file"
"SCANFI_spsCC_PINU_CON_CON_2025_v2_20260119.tif","SCANFI_v2/2025/SCANFI_spsCC_PINU_CON_CON_2025_v2_20260119.tif","https://object-arbutus.cloud.computecanada.ca/predictiveecology/SCANFI_v2/2025/SCANFI_spsCC_PINU_CON_CON_2025_v2_20260119.tif","1luvJe-E3-YCngL_NOz4Xa6jmKIyl1dwP","file"
"SCANFI_spsCC_PINU_CON_CON_2025_v2_20260119.tif.aux.xml","SCANFI_v2/2025/SCANFI_spsCC_PINU_CON_CON_2025_v2_20260119.tif.aux.xml","https://object-arbutus.cloud.computecanada.ca/predictiveecology/SCANFI_v2/2025/SCANFI_spsCC_PINU_CON_CON_2025_v2_20260119.tif.aux.xml","1O6n9Tr3VYWRFCuz1cdvUKNUiufHQ4mtq","file"
"SCANFI_spsCC_PINU_CON_CON_2025_v2_20260119.tif.ovr","SCANFI_v2/2025/SCANFI_spsCC_PINU_CON_CON_2025_v2_20260119.tif.ovr","https://object-arbutus.cloud.computecanada.ca/predictiveecology/SCANFI_v2/2025/SCANFI_spsCC_PINU_CON_CON_2025_v2_20260119.tif.ovr","1ovGfFE94lq9S3Uh-79sqM2gWYpgaec-X","file"
"SCANFI_spsCC_PINU_CON_LAT_2025_v2_20260119.tif","SCANFI_v2/2025/SCANFI_spsCC_PINU_CON_LAT_2025_v2_20260119.tif","https://object-arbutus.cloud.computecanada.ca/predictiveecology/SCANFI_v2/2025/SCANFI_spsCC_PINU_CON_LAT_2025_v2_20260119.tif","1UJc5_k1E6MwHmKOT7cm8qWkOIQqjpDzi","file"
"SCANFI_spsCC_PINU_CON_LAT_2025_v2_20260119.tif.aux.xml","SCANFI_v2/2025/SCANFI_spsCC_PINU_CON_LAT_2025_v2_20260119.tif.aux.xml","https://object-arbutus.cloud.computecanada.ca/predictiveecology/SCANFI_v2/2025/SCANFI_spsCC_PINU_CON_LAT_2025_v2_20260119.tif.aux.xml","1ELZbj-gT6eSzO7S68TOoTBR9qFbgJfS8","file"
"SCANFI_spsCC_PINU_CON_LAT_2025_v2_20260119.tif.ovr","SCANFI_v2/2025/SCANFI_spsCC_PINU_CON_LAT_2025_v2_20260119.tif.ovr","https://object-arbutus.cloud.computecanada.ca/predictiveecology/SCANFI_v2/2025/SCANFI_spsCC_PINU_CON_LAT_2025_v2_20260119.tif.ovr","1XzPlm9bxVQyJimvsP5zAGx9a0QFsEN8O","file"
"SCANFI_spsCC_PINU_PON_2025_v2_20260119.tif","SCANFI_v2/2025/SCANFI_spsCC_PINU_PON_2025_v2_20260119.tif","https://object-arbutus.cloud.computecanada.ca/predictiveecology/SCANFI_v2/2025/SCANFI_spsCC_PINU_PON_2025_v2_20260119.tif","15pxdE6ojJVTOF-bBL0R62FCXwIx3pqVR","file"
"SCANFI_spsCC_PINU_PON_2025_v2_20260119.tif.aux.xml","SCANFI_v2/2025/SCANFI_spsCC_PINU_PON_2025_v2_20260119.tif.aux.xml","https://object-arbutus.cloud.computecanada.ca/predictiveecology/SCANFI_v2/2025/SCANFI_spsCC_PINU_PON_2025_v2_20260119.tif.aux.xml","1FnjOGgo3ho6Vn_FKUuhwVlWHyXuWMiXW","file"
"SCANFI_spsCC_PINU_PON_2025_v2_20260119.tif.ovr","SCANFI_v2/2025/SCANFI_spsCC_PINU_PON_2025_v2_20260119.tif.ovr","https://object-arbutus.cloud.computecanada.ca/predictiveecology/SCANFI_v2/2025/SCANFI_spsCC_PINU_PON_2025_v2_20260119.tif.ovr","1Y38kBml4k9EfwqiWq29czvAfkkrEXHlx","file"
"SCANFI_spsCC_PINU_RES_2025_v2_20260119.tif","SCANFI_v2/2025/SCANFI_spsCC_PINU_RES_2025_v2_20260119.tif","https://object-arbutus.cloud.computecanada.ca/predictiveecology/SCANFI_v2/2025/SCANFI_spsCC_PINU_RES_2025_v2_20260119.tif","1qFb6_HEi2KnELEqdb48CsV27ORvMo88v","file"
"SCANFI_spsCC_PINU_RES_2025_v2_20260119.tif.aux.xml","SCANFI_v2/2025/SCANFI_spsCC_PINU_RES_2025_v2_20260119.tif.aux.xml","https://object-arbutus.cloud.computecanada.ca/predictiveecology/SCANFI_v2/2025/SCANFI_spsCC_PINU_RES_2025_v2_20260119.tif.aux.xml","1mWVgS4ECmq7w-n8AeQQcHcsvfQS6SA42","file"
"SCANFI_spsCC_PINU_RES_2025_v2_20260119.tif.ovr","SCANFI_v2/2025/SCANFI_spsCC_PINU_RES_2025_v2_20260119.tif.ovr","https://object-arbutus.cloud.computecanada.ca/predictiveecology/SCANFI_v2/2025/SCANFI_spsCC_PINU_RES_2025_v2_20260119.tif.ovr","1MEgOXQ8f7rfy-gRVJrQmh44PfjDnhDTy","file"
"SCANFI_spsCC_PINU_STR_2025_v2_20260119.tif","SCANFI_v2/2025/SCANFI_spsCC_PINU_STR_2025_v2_20260119.tif","https://object-arbutus.cloud.computecanada.ca/predictiveecology/SCANFI_v2/2025/SCANFI_spsCC_PINU_STR_2025_v2_20260119.tif","1PpjoZ6NyQL2kfxUkUvLAkWn2yzg6ltLy","file"
"SCANFI_spsCC_PINU_STR_2025_v2_20260119.tif.aux.xml","SCANFI_v2/2025/SCANFI_spsCC_PINU_STR_2025_v2_20260119.tif.aux.xml","https://object-arbutus.cloud.computecanada.ca/predictiveecology/SCANFI_v2/2025/SCANFI_spsCC_PINU_STR_2025_v2_20260119.tif.aux.xml","18tFQ5WzbxUrXDg4_2QYWagV-JvVTLmMy","file"
"SCANFI_spsCC_PINU_STR_2025_v2_20260119.tif.ovr","SCANFI_v2/2025/SCANFI_spsCC_PINU_STR_2025_v2_20260119.tif.ovr","https://object-arbutus.cloud.computecanada.ca/predictiveecology/SCANFI_v2/2025/SCANFI_spsCC_PINU_STR_2025_v2_20260119.tif.ovr","1ZflE2auAlvlkjVwbdfEB_UW3yUJjA42u","file"
"SCANFI_spsCC_POPU_BAL_2025_v2_20260119.tif","SCANFI_v2/2025/SCANFI_spsCC_POPU_BAL_2025_v2_20260119.tif","https://object-arbutus.cloud.computecanada.ca/predictiveecology/SCANFI_v2/2025/SCANFI_spsCC_POPU_BAL_2025_v2_20260119.tif","19pwzm3tqIcKVbeS02TxOr3ovA3K0RXAG","file"
"SCANFI_spsCC_POPU_BAL_2025_v2_20260119.tif.aux.xml","SCANFI_v2/2025/SCANFI_spsCC_POPU_BAL_2025_v2_20260119.tif.aux.xml","https://object-arbutus.cloud.computecanada.ca/predictiveecology/SCANFI_v2/2025/SCANFI_spsCC_POPU_BAL_2025_v2_20260119.tif.aux.xml","1mjxPTXPMrxFOqtG_MvbGGeXl7kVlTM31","file"
"SCANFI_spsCC_POPU_BAL_2025_v2_20260119.tif.ovr","SCANFI_v2/2025/SCANFI_spsCC_POPU_BAL_2025_v2_20260119.tif.ovr","https://object-arbutus.cloud.computecanada.ca/predictiveecology/SCANFI_v2/2025/SCANFI_spsCC_POPU_BAL_2025_v2_20260119.tif.ovr","1_Pw9CvJjoluChkOWSxNOK6s470XkGJu4","file"
"SCANFI_spsCC_POPU_GRA_2025_v2_20260119.tif","SCANFI_v2/2025/SCANFI_spsCC_POPU_GRA_2025_v2_20260119.tif","https://object-arbutus.cloud.computecanada.ca/predictiveecology/SCANFI_v2/2025/SCANFI_spsCC_POPU_GRA_2025_v2_20260119.tif","1OVP20Q7-Vu-IlKAsxcN4WS9ynF4-NEHS","file"
"SCANFI_spsCC_POPU_GRA_2025_v2_20260119.tif.aux.xml","SCANFI_v2/2025/SCANFI_spsCC_POPU_GRA_2025_v2_20260119.tif.aux.xml","https://object-arbutus.cloud.computecanada.ca/predictiveecology/SCANFI_v2/2025/SCANFI_spsCC_POPU_GRA_2025_v2_20260119.tif.aux.xml","1rlVeVKLVhFR81oBsXmmeafEbs55fxKBU","file"
"SCANFI_spsCC_POPU_GRA_2025_v2_20260119.tif.ovr","SCANFI_v2/2025/SCANFI_spsCC_POPU_GRA_2025_v2_20260119.tif.ovr","https://object-arbutus.cloud.computecanada.ca/predictiveecology/SCANFI_v2/2025/SCANFI_spsCC_POPU_GRA_2025_v2_20260119.tif.ovr","1L64zDQpA68mt3qGyAnSYNGJRZZGOb2CQ","file"
"SCANFI_spsCC_POPU_TRE_2025_v2_20260119.tif","SCANFI_v2/2025/SCANFI_spsCC_POPU_TRE_2025_v2_20260119.tif","https://object-arbutus.cloud.computecanada.ca/predictiveecology/SCANFI_v2/2025/SCANFI_spsCC_POPU_TRE_2025_v2_20260119.tif","1tQtnJAKR0qMXeR4USci1RnkKUJdbbEaW","file"
"SCANFI_spsCC_POPU_TRE_2025_v2_20260119.tif.aux.xml","SCANFI_v2/2025/SCANFI_spsCC_POPU_TRE_2025_v2_20260119.tif.aux.xml","https://object-arbutus.cloud.computecanada.ca/predictiveecology/SCANFI_v2/2025/SCANFI_spsCC_POPU_TRE_2025_v2_20260119.tif.aux.xml","1dMmMY0fgjgkyCItnWz7-jjiPjoIDl84H","file"
"SCANFI_spsCC_POPU_TRE_2025_v2_20260119.tif.ovr","SCANFI_v2/2025/SCANFI_spsCC_POPU_TRE_2025_v2_20260119.tif.ovr","https://object-arbutus.cloud.computecanada.ca/predictiveecology/SCANFI_v2/2025/SCANFI_spsCC_POPU_TRE_2025_v2_20260119.tif.ovr","1sFFFRSD7Ehi00mAQhcbc8PJnL9a13YEP","file"
"SCANFI_spsCC_prcB_other_2025_v2_20260119.tif","SCANFI_v2/2025/SCANFI_spsCC_prcB_other_2025_v2_20260119.tif","https://object-arbutus.cloud.computecanada.ca/predictiveecology/SCANFI_v2/2025/SCANFI_spsCC_prcB_other_2025_v2_20260119.tif","1FyZay622LabfZ0ql8IMoXZIK2ktu9Yvf","file"
"SCANFI_spsCC_prcB_other_2025_v2_20260119.tif.aux.xml","SCANFI_v2/2025/SCANFI_spsCC_prcB_other_2025_v2_20260119.tif.aux.xml","https://object-arbutus.cloud.computecanada.ca/predictiveecology/SCANFI_v2/2025/SCANFI_spsCC_prcB_other_2025_v2_20260119.tif.aux.xml","1vOXlKDDlKDOVggeqLjL6J_QJKJWqabkO","file"
"SCANFI_spsCC_prcB_other_2025_v2_20260119.tif.ovr","SCANFI_v2/2025/SCANFI_spsCC_prcB_other_2025_v2_20260119.tif.ovr","https://object-arbutus.cloud.computecanada.ca/predictiveecology/SCANFI_v2/2025/SCANFI_spsCC_prcB_other_2025_v2_20260119.tif.ovr","1R9Pd4OK5Jsbdd0CGT-JJxIkZVqTn48r7","file"
"SCANFI_spsCC_prcC_other_2025_v2_20260119.tif","SCANFI_v2/2025/SCANFI_spsCC_prcC_other_2025_v2_20260119.tif","https://object-arbutus.cloud.computecanada.ca/predictiveecology/SCANFI_v2/2025/SCANFI_spsCC_prcC_other_2025_v2_20260119.tif","1Izg53rKwqjS9oGibwr8qZauhC3FDMPuP","file"
"SCANFI_spsCC_prcC_other_2025_v2_20260119.tif.aux.xml","SCANFI_v2/2025/SCANFI_spsCC_prcC_other_2025_v2_20260119.tif.aux.xml","https://object-arbutus.cloud.computecanada.ca/predictiveecology/SCANFI_v2/2025/SCANFI_spsCC_prcC_other_2025_v2_20260119.tif.aux.xml","1Sxx3-viVKmpH72THO53neat31eMK8ydQ","file"
"SCANFI_spsCC_prcC_other_2025_v2_20260119.tif.ovr","SCANFI_v2/2025/SCANFI_spsCC_prcC_other_2025_v2_20260119.tif.ovr","https://object-arbutus.cloud.computecanada.ca/predictiveecology/SCANFI_v2/2025/SCANFI_spsCC_prcC_other_2025_v2_20260119.tif.ovr","1O6xOVbABccmCM3oyzm2ZnW5vg-VrU4aw","file"
"SCANFI_spsCC_PSEU_MEN_2025_v2_20260119.tif","SCANFI_v2/2025/SCANFI_spsCC_PSEU_MEN_2025_v2_20260119.tif","https://object-arbutus.cloud.computecanada.ca/predictiveecology/SCANFI_v2/2025/SCANFI_spsCC_PSEU_MEN_2025_v2_20260119.tif","11Q3XN7XhrnfxyuR91Z3WVIKP9iDMcKSL","file"
"SCANFI_spsCC_PSEU_MEN_2025_v2_20260119.tif.aux.xml","SCANFI_v2/2025/SCANFI_spsCC_PSEU_MEN_2025_v2_20260119.tif.aux.xml","https://object-arbutus.cloud.computecanada.ca/predictiveecology/SCANFI_v2/2025/SCANFI_spsCC_PSEU_MEN_2025_v2_20260119.tif.aux.xml","1MBIiAm6gE9fXxvvby56rUwS4MAJ4EtWl","file"
"SCANFI_spsCC_PSEU_MEN_2025_v2_20260119.tif.ovr","SCANFI_v2/2025/SCANFI_spsCC_PSEU_MEN_2025_v2_20260119.tif.ovr","https://object-arbutus.cloud.computecanada.ca/predictiveecology/SCANFI_v2/2025/SCANFI_spsCC_PSEU_MEN_2025_v2_20260119.tif.ovr","1GSTAQneNDchLT8lY0q21BHiTIh4uCnE_","file"
"SCANFI_spsCC_PSEU_MEN_GLA_2025_v2_20260119.tif","SCANFI_v2/2025/SCANFI_spsCC_PSEU_MEN_GLA_2025_v2_20260119.tif","https://object-arbutus.cloud.computecanada.ca/predictiveecology/SCANFI_v2/2025/SCANFI_spsCC_PSEU_MEN_GLA_2025_v2_20260119.tif","1EJntcOXt73TsTnW-ef84lJgk2LxrCmcQ","file"
"SCANFI_spsCC_PSEU_MEN_GLA_2025_v2_20260119.tif.aux.xml","SCANFI_v2/2025/SCANFI_spsCC_PSEU_MEN_GLA_2025_v2_20260119.tif.aux.xml","https://object-arbutus.cloud.computecanada.ca/predictiveecology/SCANFI_v2/2025/SCANFI_spsCC_PSEU_MEN_GLA_2025_v2_20260119.tif.aux.xml","1u4RR027f6qHdadWCiOhlTAPxYj2Siq0M","file"
"SCANFI_spsCC_PSEU_MEN_GLA_2025_v2_20260119.tif.ovr","SCANFI_v2/2025/SCANFI_spsCC_PSEU_MEN_GLA_2025_v2_20260119.tif.ovr","https://object-arbutus.cloud.computecanada.ca/predictiveecology/SCANFI_v2/2025/SCANFI_spsCC_PSEU_MEN_GLA_2025_v2_20260119.tif.ovr","10LXO1kQB-mhjuGQ78aJu4JDfcjHoCBty","file"
"SCANFI_spsCC_PSEU_MEN_MEN_2025_v2_20260119.tif","SCANFI_v2/2025/SCANFI_spsCC_PSEU_MEN_MEN_2025_v2_20260119.tif","https://object-arbutus.cloud.computecanada.ca/predictiveecology/SCANFI_v2/2025/SCANFI_spsCC_PSEU_MEN_MEN_2025_v2_20260119.tif","1ZKZY1K-G3fQWh-q9yXnUtHk7jVKmTAxV","file"
"SCANFI_spsCC_PSEU_MEN_MEN_2025_v2_20260119.tif.aux.xml","SCANFI_v2/2025/SCANFI_spsCC_PSEU_MEN_MEN_2025_v2_20260119.tif.aux.xml","https://object-arbutus.cloud.computecanada.ca/predictiveecology/SCANFI_v2/2025/SCANFI_spsCC_PSEU_MEN_MEN_2025_v2_20260119.tif.aux.xml","1mDedN9RYVXvC6dVuaVBlKkE5K5BD5cyS","file"
"SCANFI_spsCC_PSEU_MEN_MEN_2025_v2_20260119.tif.ovr","SCANFI_v2/2025/SCANFI_spsCC_PSEU_MEN_MEN_2025_v2_20260119.tif.ovr","https://object-arbutus.cloud.computecanada.ca/predictiveecology/SCANFI_v2/2025/SCANFI_spsCC_PSEU_MEN_MEN_2025_v2_20260119.tif.ovr","1LcLu7DNM9mZGfexjLOhJg-zZ0yrMitTF","file"
"SCANFI_spsCC_QUER_RUB_2025_v2_20260119.tif","SCANFI_v2/2025/SCANFI_spsCC_QUER_RUB_2025_v2_20260119.tif","https://object-arbutus.cloud.computecanada.ca/predictiveecology/SCANFI_v2/2025/SCANFI_spsCC_QUER_RUB_2025_v2_20260119.tif","1ryFSjKZ8gy-qKg7T8lcajIvpKTZMVLLL","file"
"SCANFI_spsCC_QUER_RUB_2025_v2_20260119.tif.aux.xml","SCANFI_v2/2025/SCANFI_spsCC_QUER_RUB_2025_v2_20260119.tif.aux.xml","https://object-arbutus.cloud.computecanada.ca/predictiveecology/SCANFI_v2/2025/SCANFI_spsCC_QUER_RUB_2025_v2_20260119.tif.aux.xml","1VRCSNwI79auxayiJSD3hmO5VAnhqbcb9","file"
"SCANFI_spsCC_QUER_RUB_2025_v2_20260119.tif.ovr","SCANFI_v2/2025/SCANFI_spsCC_QUER_RUB_2025_v2_20260119.tif.ovr","https://object-arbutus.cloud.computecanada.ca/predictiveecology/SCANFI_v2/2025/SCANFI_spsCC_QUER_RUB_2025_v2_20260119.tif.ovr","1a769K-XfLul9Gs1qO005O10iu9lYEvFg","file"
"SCANFI_spsCC_THUJ_OCC_2025_v2_20260119.tif","SCANFI_v2/2025/SCANFI_spsCC_THUJ_OCC_2025_v2_20260119.tif","https://object-arbutus.cloud.computecanada.ca/predictiveecology/SCANFI_v2/2025/SCANFI_spsCC_THUJ_OCC_2025_v2_20260119.tif","1HZMXqQdP8WAmUR413FmN6e7b18GRZIUs","file"
"SCANFI_spsCC_THUJ_OCC_2025_v2_20260119.tif.aux.xml","SCANFI_v2/2025/SCANFI_spsCC_THUJ_OCC_2025_v2_20260119.tif.aux.xml","https://object-arbutus.cloud.computecanada.ca/predictiveecology/SCANFI_v2/2025/SCANFI_spsCC_THUJ_OCC_2025_v2_20260119.tif.aux.xml","1yw7IY9K1mmF7eP50mYaYqxvZRgxkdcj9","file"
"SCANFI_spsCC_THUJ_OCC_2025_v2_20260119.tif.ovr","SCANFI_v2/2025/SCANFI_spsCC_THUJ_OCC_2025_v2_20260119.tif.ovr","https://object-arbutus.cloud.computecanada.ca/predictiveecology/SCANFI_v2/2025/SCANFI_spsCC_THUJ_OCC_2025_v2_20260119.tif.ovr","12uWLfGfLTsqm0zun6NXK0wfs6lkglS-G","file"
"SCANFI_spsCC_THUJ_PLI_2025_v2_20260119.tif","SCANFI_v2/2025/SCANFI_spsCC_THUJ_PLI_2025_v2_20260119.tif","https://object-arbutus.cloud.computecanada.ca/predictiveecology/SCANFI_v2/2025/SCANFI_spsCC_THUJ_PLI_2025_v2_20260119.tif","1QOapLiZEtTZCFdSjFbMY_HokGk6VFGXT","file"
"SCANFI_spsCC_THUJ_PLI_2025_v2_20260119.tif.aux.xml","SCANFI_v2/2025/SCANFI_spsCC_THUJ_PLI_2025_v2_20260119.tif.aux.xml","https://object-arbutus.cloud.computecanada.ca/predictiveecology/SCANFI_v2/2025/SCANFI_spsCC_THUJ_PLI_2025_v2_20260119.tif.aux.xml","1OArEx4zo6g2wTQJlEZzsZbRDjO9tZlie","file"
"SCANFI_spsCC_THUJ_PLI_2025_v2_20260119.tif.ovr","SCANFI_v2/2025/SCANFI_spsCC_THUJ_PLI_2025_v2_20260119.tif.ovr","https://object-arbutus.cloud.computecanada.ca/predictiveecology/SCANFI_v2/2025/SCANFI_spsCC_THUJ_PLI_2025_v2_20260119.tif.ovr","1sZFBn94yR5l0_DRp0u_MWri33850_cRJ","file"
"SCANFI_spsCC_TSUG_CAN_2025_v2_20260119.tif","SCANFI_v2/2025/SCANFI_spsCC_TSUG_CAN_2025_v2_20260119.tif","https://object-arbutus.cloud.computecanada.ca/predictiveecology/SCANFI_v2/2025/SCANFI_spsCC_TSUG_CAN_2025_v2_20260119.tif","1viB-IC1LPHAH5p7SVqQ_GnZ7eYnpp-Ic","file"
"SCANFI_spsCC_TSUG_CAN_2025_v2_20260119.tif.aux.xml","SCANFI_v2/2025/SCANFI_spsCC_TSUG_CAN_2025_v2_20260119.tif.aux.xml","https://object-arbutus.cloud.computecanada.ca/predictiveecology/SCANFI_v2/2025/SCANFI_spsCC_TSUG_CAN_2025_v2_20260119.tif.aux.xml","1vvTseHKKKLaBjrI5FytjTebnYVzgPjEi","file"
"SCANFI_spsCC_TSUG_CAN_2025_v2_20260119.tif.ovr","SCANFI_v2/2025/SCANFI_spsCC_TSUG_CAN_2025_v2_20260119.tif.ovr","https://object-arbutus.cloud.computecanada.ca/predictiveecology/SCANFI_v2/2025/SCANFI_spsCC_TSUG_CAN_2025_v2_20260119.tif.ovr","1Ja5GACVNVmL2zzlgrBCPMKUutuVEh1Pm","file"
"SCANFI_spsCC_TSUG_HET_2025_v2_20260119.tif","SCANFI_v2/2025/SCANFI_spsCC_TSUG_HET_2025_v2_20260119.tif","https://object-arbutus.cloud.computecanada.ca/predictiveecology/SCANFI_v2/2025/SCANFI_spsCC_TSUG_HET_2025_v2_20260119.tif","14O3uSeGxFMpTYOIluc911QEMEdLbPdhX","file"
"SCANFI_spsCC_TSUG_HET_2025_v2_20260119.tif.aux.xml","SCANFI_v2/2025/SCANFI_spsCC_TSUG_HET_2025_v2_20260119.tif.aux.xml","https://object-arbutus.cloud.computecanada.ca/predictiveecology/SCANFI_v2/2025/SCANFI_spsCC_TSUG_HET_2025_v2_20260119.tif.aux.xml","1iUR-7LqW3OaCC5KS1JSFBo-rYDivn_DC","file"
"SCANFI_spsCC_TSUG_HET_2025_v2_20260119.tif.ovr","SCANFI_v2/2025/SCANFI_spsCC_TSUG_HET_2025_v2_20260119.tif.ovr","https://object-arbutus.cloud.computecanada.ca/predictiveecology/SCANFI_v2/2025/SCANFI_spsCC_TSUG_HET_2025_v2_20260119.tif.ovr","1wBk2Fe0lDU9d6LBBVbTPQBBnc5zygawd","file"
"SCANFI_spsCC_TSUG_MER_2025_v2_20260119.tif","SCANFI_v2/2025/SCANFI_spsCC_TSUG_MER_2025_v2_20260119.tif","https://object-arbutus.cloud.computecanada.ca/predictiveecology/SCANFI_v2/2025/SCANFI_spsCC_TSUG_MER_2025_v2_20260119.tif","11d6lM2tk2msQm3fNHbllm6VUFXJAyf2M","file"
"SCANFI_spsCC_TSUG_MER_2025_v2_20260119.tif.aux.xml","SCANFI_v2/2025/SCANFI_spsCC_TSUG_MER_2025_v2_20260119.tif.aux.xml","https://object-arbutus.cloud.computecanada.ca/predictiveecology/SCANFI_v2/2025/SCANFI_spsCC_TSUG_MER_2025_v2_20260119.tif.aux.xml","1ePvcexMVs1t-J4xPEwNz9LV_yxxx37XG","file"
"SCANFI_spsCC_TSUG_MER_2025_v2_20260119.tif.ovr","SCANFI_v2/2025/SCANFI_spsCC_TSUG_MER_2025_v2_20260119.tif.ovr","https://object-arbutus.cloud.computecanada.ca/predictiveecology/SCANFI_v2/2025/SCANFI_spsCC_TSUG_MER_2025_v2_20260119.tif.ovr","1cuaf3pYtx5-oA8-DCdID1DF8ojORez6x","file"
"SCANFI_v2_files_on_arbutus.csv","SCANFI_v2/SCANFI_v2_files_on_arbutus.csv","https://object-arbutus.cloud.computecanada.ca/predictiveecology/SCANFI_v2/SCANFI_v2_files_on_arbutus.csv",NA,"file"
"2020","SCANFI_v2/2020/","https://object-arbutus.cloud.computecanada.ca/predictiveecology/?prefix=SCANFI_v2%2F2020%2F&delimiter=/","15T4HIFeqzwp0TuOuxmYoexuXdLFnCZBi","dir"
"1985","SCANFI_v2/1985/","https://object-arbutus.cloud.computecanada.ca/predictiveecology/?prefix=SCANFI_v2%2F1985%2F&delimiter=/","1zXkDkGIJaRB2Cwd7Ld2R7FFswRIDmAj4","dir"
"2025","SCANFI_v2/2025/","https://object-arbutus.cloud.computecanada.ca/predictiveecology/?prefix=SCANFI_v2%2F2025%2F&delimiter=/","1jS2sscKe_tcw4qDC-9297_jrulFduyKg","dir"
"2015","SCANFI_v2/2015/","https://object-arbutus.cloud.computecanada.ca/predictiveecology/?prefix=SCANFI_v2%2F2015%2F&delimiter=/","1FcXFIfscxkO7o5WRTINDZfFnu102IMls","dir"
"2000","SCANFI_v2/2000/","https://object-arbutus.cloud.computecanada.ca/predictiveecology/?prefix=SCANFI_v2%2F2000%2F&delimiter=/","19sddeWJCJq9uMkDjmtNtXKjOQEDeFKBl","dir"
"2010","SCANFI_v2/2010/","https://object-arbutus.cloud.computecanada.ca/predictiveecology/?prefix=SCANFI_v2%2F2010%2F&delimiter=/","1fjoiYf0lhkZF3SgDMGPuYB1J4sUmU_Vo","dir"
"2005","SCANFI_v2/2005/","https://object-arbutus.cloud.computecanada.ca/predictiveecology/?prefix=SCANFI_v2%2F2005%2F&delimiter=/","10Aw9PX_FEEhYHNTraKAb6l9DnaIom2qk","dir"
"1995","SCANFI_v2/1995/","https://object-arbutus.cloud.computecanada.ca/predictiveecology/?prefix=SCANFI_v2%2F1995%2F&delimiter=/","1KfAxjccHE51pOmi0OMYqwyRkIhJH7knn","dir"
"1990","SCANFI_v2/1990/","https://object-arbutus.cloud.computecanada.ca/predictiveecology/?prefix=SCANFI_v2%2F1990%2F&delimiter=/","1GbKOGxxLG-pF-jjBjuJC6IuWIU3aVBo2","dir"
